Query,Avg_Position,Shows_Total,Clicks_Total,CTR_%
18 цифрами,8.0,1,0,0.0
7 подлесная 34,8.33,3,0,0.0
7 подлесная 7,11.0,1,0,0.0
а цифра ролл ап,3.0,2,0,0.0
а-цифра печать ручек,6.0,1,0,0.0
карточки для ламинирования с цифрами,10.0,1,0,0.0
логотип компании цифра,12.0,1,0,0.0
магазин цифра ижевск,11.0,1,0,0.0
миницифра ижевск алюнин,13.0,1,0,0.0
ооо цифра,3.5,2,0,0.0
ооо цифра ижевск,2.0,1,0,0.0
печать фото цифра 18 фото,13.0,1,0,0.0
сарапул цифра,10.0,1,0,0.0
"типография \цифра\""""",1.0,1,1,100.0
типография ижевск официальный сайт,1.0,2,0,0.0
типография цифра,6.87,33,4,12.1
типография цифра ижевск,1.0,2,1,50.0
типография цифра ижевск официальный сайт,1.0,3,2,66.7
типография цифра иин,3.0,2,0,0.0
цифра,3.77,19,3,15.8
цифра 18,4.33,6,2,33.3
цифра 18 +,6.0,1,0,0.0
цифра 18 ижевск,1.0,2,2,100.0
цифра 18 типография ижевск,2.0,1,0,0.0
цифра 18.зф <принт> в ижевске типографика,1.0,1,0,0.0
цифра ижевск,1.38,6,1,16.7
цифра ижевск печатный салон,1.25,3,2,66.7
цифра ижевск типография,1.0,2,1,50.0
цифра изготовление продукции,12.0,1,0,0.0
цифра пакет,3.0,1,0,0.0
цифра печать визиток,1.0,2,1,50.0
цифра печать ижевск,2.0,1,0,0.0
цифра полиграфия,7.0,3,0,0.0
цифра режим работы,7.0,1,0,0.0
цифра сайт,5.0,2,0,0.0
цифра сервис ижевск официальный сайт ижевск,1.0,1,1,100.0
цифра типография,2.0,1,0,0.0
цифра типография ижевск,1.25,3,1,33.3
цифра удмуртия,5.0,1,0,0.0
цифра+ ижевск,11.0,1,0,0.0
цифра/ режим работы,6.0,1,0,0.0
