Query,Avg_Position,Shows_Total,Clicks_Total,CTR_%,Cluster
2) мобильные стенды – 2 шт. общий размер стенда: 114 см x 94 см основное полотно изготовлено из пробки бежевого цвета. рамка стенда темно-коричневого цвета.,6.0,1,0,0.0,TODO
"5*7 см для магнитиков, размер фото",12.0,1,0,0.0,TODO
hp может или нет печатать белым тонером башкирский стр ижевск,7.0,1,0,0.0,TODO
адреса где делают ламинирование документов,12.0,1,0,0.0,TODO
ближайшее место где можно отсканировать документ,11.0,1,0,0.0,TODO
в каком печатном салоне можно распечатать а3 формат в ижевске,6.0,1,0,0.0,TODO
вы распечатываете фотографии или храните на флешке как ижевск,5.0,1,0,0.0,TODO
г ижевск где делают именные ежедневники,12.0,1,0,0.0,TODO
где в ижевске есть фотопечать на кружки,8.0,1,0,0.0,TODO
где в ижевске можно купить бесшовные фотообои на стену адреса,13.0,1,0,0.0,TODO
где в ижевске можно распечатать фото-наклейку,10.0,1,0,0.0,TODO
где делают везитеи на молодёжной,11.0,1,0,0.0,TODO
где делают копии документов,7.0,1,0,0.0,TODO
где могут распечатать на цветном принтере в ижевске,11.0,1,0,0.0,TODO
где можно напечатать брелок со своим принтом в ижевске,6.0,1,0,0.0,TODO
где можно прошить бейджей х70 в ижевске,2.0,1,0,0.0,TODO
где можно распечатать а1 формат ижевск,6.0,2,0,0.0,TODO
где можно распечатать на глянцевой бумаге для журналов в ижевске,11.0,1,0,0.0,TODO
где можно распечатать постеры,5.0,1,0,0.0,TODO
где можно распечатать формат а3 в ижевске,5.0,1,0,0.0,TODO
где можно распечатать чертеж на а1 в ижевске,6.0,1,0,0.0,TODO
где можно распечатывать на а1 листах ижевск,6.0,1,0,0.0,TODO
где можно сделать копию документов ижевск,8.0,1,0,0.0,TODO
где можно сделать ксерокопию ижевск,8.0,1,0,0.0,TODO
где можно сделать распечатки на цветном принтере,11.0,3,0,0.0,TODO
где можно сделать распечатки на цветном принтере ижевск,11.0,2,0,0.0,TODO
где печатать брелки,12.0,1,0,0.0,TODO
где печатают бумагу,7.5,2,0,0.0,TODO
где распечатать свое на а4 в ижевске,11.0,1,0,0.0,TODO
где сделать копии цветных документов,8.0,1,0,0.0,TODO
где сделать ксерокопию в гаи ижевск,12.0,2,0,0.0,TODO
где сделать ксерокопию паспорта в электронном виде в ижевске,9.5,2,0,0.0,TODO
где сделать ламинирование документов в ижевске,9.0,1,0,0.0,TODO
идеи календарей для производства на 2027 год,13.0,1,0,0.0,TODO
ижевск где заламинировать фото,7.5,3,0,0.0,TODO
ижевск где можно распечатать,11.0,1,0,0.0,TODO
ижевск где можно сделать фото на кружку,11.0,1,0,0.0,TODO
ижевск где сделать ксерокопию,8.5,2,0,0.0,TODO
ижевск копировальный центр или типография,10.0,1,0,0.0,TODO
ижевск распечатать где,8.5,2,0,0.0,TODO
какой размер картинки нужен для магнита 7*10,7.0,1,0,0.0,TODO
какую печать можно делать на флешке,9.0,1,0,0.0,TODO
контур фото ижевск сколько стоит визитка,7.0,2,0,0.0,TODO
магнит 7*10 какой размер,15.0,1,0,0.0,TODO
магнит виниловый 15на21 какой размер,8.0,1,0,0.0,TODO
макет пресс вола мцйена,7.0,1,0,0.0,TODO
макет пресс вола цена,4.0,1,0,0.0,TODO
мобильные стенды – 2 шт. общий размер стенда: 114 см x 94 см основное полотно изготовлено из пробки бежевого цвета. рамка стенда темно-коричневого цвета.,6.0,1,0,0.0,TODO
можно ли ламинировать а2,11.0,1,0,0.0,TODO
основные форматы ролапов штендеров правила создания и разработки,13.0,1,0,0.0,TODO
отсканировать чертеж в ижевске где можно,6.0,1,0,0.0,TODO
печать офсетная а 0 формата,6.0,1,0,0.0,TODO
пластиковые карты на заказ форматсити 1,14.0,1,0,0.0,TODO
плоттерная резка форматсити 1,8.5,4,0,0.0,TODO
размножить чертежи формат а3 в ижевске где,5.5,2,0,0.0,TODO
сколько стоит забрендировать шоколад 35х35мм 50шт,9.0,1,0,0.0,TODO
сколько стоит заламинировать лист а4,11.0,1,0,0.0,TODO
сколько стоит заламинировать пропуск,6.0,1,0,0.0,TODO
сколько стоит лист а3 ламинированный,9.0,1,0,0.0,TODO
сколько стоит лист бумаги а4 распечатать,9.0,1,0,0.0,TODO
сколько стоит напечатать 10 листов реферата,10.0,1,0,0.0,TODO
сколько стоит распечатанная бумага 3,9.0,1,0,0.0,TODO
сколько стоит распечатать 1 лист а4 черно-белый,11.0,1,0,0.0,TODO
сколько стоит распечатать 1000 листовок,6.0,2,0,0.0,TODO
сколько стоит распечатать 11 листов а4 текста в типографии,10.0,2,0,0.0,TODO
сколько стоит распечатать а3 лист,8.0,1,0,0.0,TODO
сколько стоит распечатать две фотографии на документы в карандаше ижевск,11.0,1,0,0.0,TODO
сколько стоит распечатать один лист а4 черно-белый,14.0,1,0,0.0,TODO
сколько стоит распечатать цветное фото а4,7.0,2,0,0.0,TODO
сколько стоит распечатать цветное фото а5,12.0,1,0,0.0,TODO
сколько стоит цветная печать а4 на обычной бумаге,5.0,1,0,0.0,TODO
тираж пластиковых карт формат сити 1,5.0,1,0,0.0,TODO
широкоформатная печать ижевск типография,5.0,1,0,0.0,TODO
