Target_URL,Broken_Inbound_Count,Status,Action
https://xn--18-6kc5a3bxam.xn--p1ai/catalog/suvenirnaya-produktsiya/,11,301,Fix page (200 OK)
https://xn--18-6kc5a3bxam.xn--p1ai/,5,301,Fix page (200 OK)
https://xn--18-6kc5a3bxam.xn--p1ai/catalog/suvenirnaya-produktsiya/pechat-na-kruzhkakh/belaya-kruzhka-330ml/,4,301,Fix page (200 OK)
https://xn--18-6kc5a3bxam.xn--p1ai/catalog/suvenirnaya-produktsiya/pechat-na-kruzhkakh/,4,301,Fix page (200 OK)
https://xn--18-6kc5a3bxam.xn--p1ai/catalog/suvenirnaya-produktsiya/tablichka-dlya-oplaty-s-qr-kodom/tablichka-dlya-oplaty-s-qr-kodom-na-bruske/,4,301,Fix page (200 OK)
https://xn--18-6kc5a3bxam.xn--p1ai/catalog/poligrafiya/,3,301,Redirect or restore
https://xn--18-6kc5a3bxam.xn--p1ai/catalog/suvenirnaya-produktsiya/pechat-na-kruzhkakh/belaya-kruzhka-tsvetnaya-ruchka-dno-330ml/,3,301,Redirect or restore
https://xn--18-6kc5a3bxam.xn--p1ai/catalog/suvenirnaya-produktsiya/sumka-shopper/sumka-shopper-belaya-/,3,301,Redirect or restore
https://xn--18-6kc5a3bxam.xn--p1ai/news/,2,301,Redirect or restore
https://xn--18-6kc5a3bxam.xn--p1ai/catalog/poligrafiya/kalendari/,2,301,Redirect or restore
https://xn--18-6kc5a3bxam.xn--p1ai/catalog/suvenirnaya-produktsiya/igry-i-golovolomki/,2,301,Redirect or restore
https://xn--18-6kc5a3bxam.xn--p1ai/catalog/poligrafiya/uf-pechat1/uf-pechat-do-a5-210-kh-150-mm1721241/,2,301,Redirect or restore
https://xn--18-6kc5a3bxam.xn--p1ai/catalog/suvenirnaya-produktsiya/sumka-shopper/sumka-shopper-bezhevaya-/,2,301,Redirect or restore
https://xn--18-6kc5a3bxam.xn--p1ai/news/magnitnye-zakladki-dlya-knig-s-individualnym-dizaynom/,1,301,Redirect or restore
https://xn--18-6kc5a3bxam.xn--p1ai/catalog/mobilnye-stendy/press-voll/,1,301,Redirect or restore
https://xn--18-6kc5a3bxam.xn--p1ai/catalog/poligrafiya/konverty-/konverty-fakturnaya-bumaga-imitlin-/,1,301,Redirect or restore
https://xn--18-6kc5a3bxam.xn--p1ai/catalog/inzhenernaya-pechat/broshyurovka/pereplet-na-metallicheskuyu-pruzhinu-3-1/,1,301,Redirect or restore
https://xn--18-6kc5a3bxam.xn--p1ai/news/izgotovlenie-tablichek-iz-plastika-orgstekla-pvkh-metalla/,1,301,Redirect or restore
https://xn--18-6kc5a3bxam.xn--p1ai/catalog/reklama/,1,301,Redirect or restore
https://xn--18-6kc5a3bxam.xn--p1ai/news/pechat-i-izgotovlenie-broshyur-na-skrepke/,1,301,Redirect or restore
https://xn--18-6kc5a3bxam.xn--p1ai/catalog/reklama/shirokoformatnaya-pechat/,1,301,Redirect or restore
https://xn--18-6kc5a3bxam.xn--p1ai/catalog/poligrafiya/pechat-na-samokleyashchikhsya-materialakh/golograficheskie-nakleyki/,1,301,Redirect or restore
https://xn--18-6kc5a3bxam.xn--p1ai/catalog/interer/postery2/,1,301,Redirect or restore
https://xn--18-6kc5a3bxam.xn--p1ai/catalog/suvenirnaya-produktsiya/pechat-na-kruzhkakh/kruzhka-aurora-soft-tach/,1,301,Redirect or restore
https://xn--18-6kc5a3bxam.xn--p1ai/catalog/,1,301,Redirect or restore
https://xn--18-6kc5a3bxam.xn--p1ai/catalog/poligrafiya/listovki-tsifrovaya-pechat/,1,301,Redirect or restore
https://xn--18-6kc5a3bxam.xn--p1ai/catalog/poligrafiya/tsifrovaya-pechat/,1,301,Redirect or restore
https://xn--18-6kc5a3bxam.xn--p1ai/catalog/suvenirnaya-produktsiya/tablichka-dlya-oplaty-s-qr-kodom/,1,301,Redirect or restore
