Source_URL,Target_URL,Anchor,Status,Date_Crawled,Date_Updated,Priority
https://xn--18-6kc5a3bxam.xn--p1ai/product/suvenirnaja-produkcija/,https://xn--18-6kc5a3bxam.xn--p1ai/news/magnitnye-zakladki-dlya-knig-s-individualnym-dizaynom/,сувенирной продукции,404,24.08.2026,02.07.2026,Critical
https://xn--18-6kc5a3bxam.xn--p1ai/catalog/suvenirnaya-produktsiya/shokolad-s-logotipom/,https://xn--18-6kc5a3bxam.xn--p1ai/catalog/suvenirnaya-produktsiya/,Шоколад с логотипом 5гр. от 15 ₽/шт. Шоколад с логотипом 5гр.,500,08.08.2026,18.07.2026,Critical
https://xn--18-6kc5a3bxam.xn--p1ai/news/?PAGEN_1=2,https://xn--18-6kc5a3bxam.xn--p1ai/news/,Вперед,502,20.07.2026,09.07.2026,Critical
https://xn--18-6kc5a3bxam.xn--p1ai/pravila-obrabotki/,https://xn--18-6kc5a3bxam.xn--p1ai/catalog/mobilnye-stendy/press-voll/,правилами обработки персональных данных,404,20.07.2026,15.05.2026,Critical
https://xn--18-6kc5a3bxam.xn--p1ai/news/?PAGEN_1=2,https://xn--18-6kc5a3bxam.xn--p1ai/news/,2,502,20.07.2026,09.07.2026,Critical
https://xn--18-6kc5a3bxam.xn--p1ai/catalog/poligrafiya/kalendari/kalendar-domik-s-perekidnymi-listami/,https://xn--18-6kc5a3bxam.xn--p1ai/catalog/poligrafiya/kalendari/,от ₽ Календарь «домик» с перекидными листами,502,20.07.2026,09.07.2026,Critical
https://xn--18-6kc5a3bxam.xn--p1ai/catalog/poligrafiya/kalendari/kvartalnyy-kalendar-premium/,https://xn--18-6kc5a3bxam.xn--p1ai/catalog/poligrafiya/kalendari/,"от ₽ КВАРТАЛЬНЫЙ КАЛЕНДАРЬ ""PREMIUM"" 1 рекл. поле",500,20.07.2026,17.07.2026,Critical
https://xn--18-6kc5a3bxam.xn--p1ai/catalog/poligrafiya/bumazhnyy-paket-belyy-/,https://xn--18-6kc5a3bxam.xn--p1ai/catalog/poligrafiya/,Бумажный пакет белый ламинированный от 250 ₽/шт. Бумажный пакет белый ламинированный,502,13.07.2026,09.07.2026,Critical
https://xn--18-6kc5a3bxam.xn--p1ai/catalog/poligrafiya/kraft-pakety-podarochnye/,https://xn--18-6kc5a3bxam.xn--p1ai/catalog/poligrafiya/,Крафт пакет подарочный от 25 ₽/шт. Крафт пакет подарочный,502,13.07.2026,09.07.2026,Critical
https://xn--18-6kc5a3bxam.xn--p1ai/catalog/suvenirnaya-produktsiya/igry-i-golovolomki/tetris-derevyannyy/,https://xn--18-6kc5a3bxam.xn--p1ai/catalog/suvenirnaya-produktsiya/igry-i-golovolomki/,Тетрис деревянный Тетрис деревянный,500,10.07.2026,17.07.2026,Critical
https://xn--18-6kc5a3bxam.xn--p1ai/sogl/,https://xn--18-6kc5a3bxam.xn--p1ai/catalog/poligrafiya/konverty-/konverty-fakturnaya-bumaga-imitlin-/,Соглашение об обработке персональных данных.,404,10.07.2026,17.08.2026,Critical
https://xn--18-6kc5a3bxam.xn--p1ai/cookie-consent/,https://xn--18-6kc5a3bxam.xn--p1ai/catalog/inzhenernaya-pechat/broshyurovka/pereplet-na-metallicheskuyu-pruzhinu-3-1/,Политикой cookie,404,09.07.2026,17.08.2026,Critical
https://xn--18-6kc5a3bxam.xn--p1ai/catalog/suvenirnaya-produktsiya/ryukzaki-i-sumki/sumka-shopper-chernyy/,https://xn--18-6kc5a3bxam.xn--p1ai/,Сумка шоппер черный от 600 ₽/шт. Сумка шоппер черный,500,09.07.2026,17.07.2026,Critical
https://xn--18-6kc5a3bxam.xn--p1ai/catalog/poligrafiya/pakety/bumazhnyy-paket-prezentatsionnyy/,https://xn--18-6kc5a3bxam.xn--p1ai/,от 250 ₽/шт. Бумажный пакет презентационный,500,09.07.2026,17.07.2026,Critical
https://xn--18-6kc5a3bxam.xn--p1ai/stend-informacionnyj/,https://xn--18-6kc5a3bxam.xn--p1ai/news/izgotovlenie-tablichek-iz-plastika-orgstekla-pvkh-metalla/,Вам будет интересно - Стенд информационный из пробки,404,24.06.2026,13.08.2026,Critical
https://xn--18-6kc5a3bxam.xn--p1ai/upload/iblock/0b6/wir6mqsm0cv9jjfbbj1brcjh911wmcw6.jpg/,https://xn--18-6kc5a3bxam.xn--p1ai/catalog/suvenirnaya-produktsiya/,от ₽. Сумка шоппер бежевая.,404,22.05.2026,18.08.2026,Critical
https://xn--18-6kc5a3bxam.xn--p1ai/catalog/suvenirnaya-produktsiya/otkrytka-s-shokoladom/,https://xn--18-6kc5a3bxam.xn--p1ai/catalog/suvenirnaya-produktsiya/,от ₽ Открытка А5 с шоколадом,502,22.05.2026,09.07.2026,Critical
https://xn--18-6kc5a3bxam.xn--p1ai/catalog/suvenirnaya-produktsiya/belye-kruzhki-330ml/,https://xn--18-6kc5a3bxam.xn--p1ai/catalog/suvenirnaya-produktsiya/,от ₽ Белые кружки 330мл,500,22.05.2026,18.07.2026,Critical
https://xn--18-6kc5a3bxam.xn--p1ai/upload/iblock/419/x1mcndo9if2gyevt3gai2vd9ryod6tg3.jpg/,https://xn--18-6kc5a3bxam.xn--p1ai/catalog/suvenirnaya-produktsiya/,Сувенирная продукция,404,22.05.2026,05.07.2026,Critical
https://xn--18-6kc5a3bxam.xn--p1ai/upload/iblock/94b/dafedtnny2phw6rb1rsqm8fg6pae2zq2.jpg/,https://xn--18-6kc5a3bxam.xn--p1ai/catalog/suvenirnaya-produktsiya/,Сувенирная продукция,404,22.05.2026,07.08.2026,Critical
https://xn--18-6kc5a3bxam.xn--p1ai/upload/iblock/2cc/kr279ht14tkyxxvavj9z2afj139kiju6.jpg/,https://xn--18-6kc5a3bxam.xn--p1ai/catalog/suvenirnaya-produktsiya/,Футболка белая СЭНДВИЧ REVOLUTION имитация хлопка. от ₽.,404,22.05.2026,23.08.2026,Critical
https://xn--18-6kc5a3bxam.xn--p1ai/upload/iblock/2cc/kr279ht14tkyxxvavj9z2afj139kiju6.jpg/,https://xn--18-6kc5a3bxam.xn--p1ai/catalog/suvenirnaya-produktsiya/,Сувенирная продукция,404,22.05.2026,23.08.2026,Critical
https://xn--18-6kc5a3bxam.xn--p1ai/upload/iblock/0b6/wir6mqsm0cv9jjfbbj1brcjh911wmcw6.jpg/,https://xn--18-6kc5a3bxam.xn--p1ai/catalog/suvenirnaya-produktsiya/,Сувенирная продукция,404,22.05.2026,18.08.2026,Critical
https://xn--18-6kc5a3bxam.xn--p1ai/upload/iblock/94b/dafedtnny2phw6rb1rsqm8fg6pae2zq2.jpg/,https://xn--18-6kc5a3bxam.xn--p1ai/catalog/suvenirnaya-produktsiya/,от ₽. Белые кружки 330мл.,404,22.05.2026,07.08.2026,Critical
https://xn--18-6kc5a3bxam.xn--p1ai/upload/iblock/52f/xauads9wxkgmhr8y3ywejkwdjv2v6co2.jpg/,https://xn--18-6kc5a3bxam.xn--p1ai/catalog/suvenirnaya-produktsiya/,Сувенирная продукция,404,22.05.2026,01.07.2026,Critical
https://xn--18-6kc5a3bxam.xn--p1ai/catalog/suvenirnaya-produktsiya/pechat-na-chekhlakh-dlya-telefonov/,https://xn--18-6kc5a3bxam.xn--p1ai/catalog/reklama/,Печать на чехлах для телефонов,502,22.05.2026,13.02.2026,Critical
https://xn--18-6kc5a3bxam.xn--p1ai/upload/iblock/749/xx6j5pedd1dgwg2a1qm0b8s58z9nsoqo.jpg/,https://xn--18-6kc5a3bxam.xn--p1ai/,Популярные услуги,404,14.05.2026,06.08.2026,Critical
https://xn--18-6kc5a3bxam.xn--p1ai/upload/iblock/5e3/h8u5tmx1zra33a74i0kwsdyaiq7g38vz/kruzhka_aurora_soft.png/,https://xn--18-6kc5a3bxam.xn--p1ai/,Популярные услуги,404,14.05.2026,17.08.2026,Critical
https://xn--18-6kc5a3bxam.xn--p1ai/upload/iblock/3e9/zmp4l2xit6e2pl5wfc3qbbacz8kifn3t/f30291c8_fed7_11ed_ad36_005056ad1cd2_2.jpg/,https://xn--18-6kc5a3bxam.xn--p1ai/,Популярные услуги,404,14.05.2026,28.08.2026,Critical
https://xn--18-6kc5a3bxam.xn--p1ai/catalog/suvenirnaya-produktsiya/igry-i-golovolomki/tetris-derevyannyy/,https://xn--18-6kc5a3bxam.xn--p1ai/catalog/suvenirnaya-produktsiya/igry-i-golovolomki/,от ₽ Тетрис деревянный,500,26.04.2026,17.07.2026,Critical
https://xn--18-6kc5a3bxam.xn--p1ai/raboty-po-vosstanovleniju-stelly-v-chest-75-letija-pobedy/,https://xn--18-6kc5a3bxam.xn--p1ai/news/pechat-i-izgotovlenie-broshyur-na-skrepke/,Вам будет интересно - Работы по восстановлению стеллы в честь 75 летия Победы,404,05.03.2026,09.05.2026,Critical
https://xn--18-6kc5a3bxam.xn--p1ai/upload/iblock/94b/dafedtnny2phw6rb1rsqm8fg6pae2zq2.jpg/,https://xn--18-6kc5a3bxam.xn--p1ai/catalog/suvenirnaya-produktsiya/pechat-na-kruzhkakh/belaya-kruzhka-330ml/,"Недорого, срочно, качественно. Цена от 300 руб. Доставка по РФ. Сувенирная продукция / Кружки, термосы, термостаканы, Белая кружка 330мл. Типография Цифра18.рф г. Ижевск. Недорого, срочно, качественно",404,19.02.2026,07.08.2026,Critical
https://xn--18-6kc5a3bxam.xn--p1ai/upload/iblock/94b/dafedtnny2phw6rb1rsqm8fg6pae2zq2.jpg/,https://xn--18-6kc5a3bxam.xn--p1ai/catalog/suvenirnaya-produktsiya/pechat-na-kruzhkakh/belaya-kruzhka-330ml/,"Недорого, срочно, качественно. Цена от 300 руб. Доставка по РФ. Сувенирная продукция / Кружки, термосы, термостаканы, Белая кружка 330мл. Типография Цифра18.рф ...",404,19.02.2026,07.08.2026,Critical
https://xn--18-6kc5a3bxam.xn--p1ai/upload/iblock/94b/dafedtnny2phw6rb1rsqm8fg6pae2zq2.jpg/,https://xn--18-6kc5a3bxam.xn--p1ai/catalog/suvenirnaya-produktsiya/pechat-na-kruzhkakh/belaya-kruzhka-330ml/,Белая кружка 330мл Цифра18.рф,404,19.02.2026,07.08.2026,Critical
https://xn--18-6kc5a3bxam.xn--p1ai/upload/iblock/94b/dafedtnny2phw6rb1rsqm8fg6pae2zq2.jpg/,https://xn--18-6kc5a3bxam.xn--p1ai/catalog/suvenirnaya-produktsiya/pechat-na-kruzhkakh/belaya-kruzhka-330ml/,"ОК. Наши менеджеры скоро свяжутся с вами. передачей и... Спасибо! Отправьте заявку и наш менеджер свяжется с вами. Ваше имя. Ваш e-mail. Телефон. Отправив форму, я соглашаюсь с.",404,19.02.2026,07.08.2026,Critical
https://xn--18-6kc5a3bxam.xn--p1ai/catalog/poligrafiya/beydzh-plastikovyy-54kh86mm/,https://xn--18-6kc5a3bxam.xn--p1ai/catalog/poligrafiya/,от ₽ Бейдж пластиковый 54х86мм,502,09.02.2026,09.07.2026,Critical
https://xn--18-6kc5a3bxam.xn--p1ai/catalog/reklama/shirokoformatnaya-pechat/pechat-na-posternoy-bumage8706/,https://xn--18-6kc5a3bxam.xn--p1ai/catalog/reklama/shirokoformatnaya-pechat/,от ₽ Печать на постерной бумаге с ламинацией,502,04.02.2026,07.06.2026,Critical
https://xn--18-6kc5a3bxam.xn--p1ai/upload/iblock/419/x1mcndo9if2gyevt3gai2vd9ryod6tg3.jpg/,https://xn--18-6kc5a3bxam.xn--p1ai/catalog/poligrafiya/pechat-na-samokleyashchikhsya-materialakh/golograficheskie-nakleyki/,Сумка шоппер белая. от ₽.,404,01.02.2026,05.07.2026,Critical
https://xn--18-6kc5a3bxam.xn--p1ai/upload/iblock/749/xx6j5pedd1dgwg2a1qm0b8s58z9nsoqo.jpg/,https://xn--18-6kc5a3bxam.xn--p1ai/catalog/interer/postery2/,от ₽. Белая кружка/цветная ручка/дно 330мл.,404,29.01.2026,06.08.2026,Critical
https://xn--18-6kc5a3bxam.xn--p1ai/upload/iblock/94b/dafedtnny2phw6rb1rsqm8fg6pae2zq2.jpg/,https://xn--18-6kc5a3bxam.xn--p1ai/catalog/poligrafiya/uf-pechat1/uf-pechat-do-a5-210-kh-150-mm1721241/,Каталог,404,11.01.2026,07.08.2026,Critical
https://xn--18-6kc5a3bxam.xn--p1ai/upload/iblock/419/x1mcndo9if2gyevt3gai2vd9ryod6tg3.jpg/,https://xn--18-6kc5a3bxam.xn--p1ai/catalog/poligrafiya/uf-pechat1/uf-pechat-do-a5-210-kh-150-mm1721241/,Каталог,404,11.01.2026,05.07.2026,Critical
https://xn--18-6kc5a3bxam.xn--p1ai/upload/iblock/cd9/ktuc84zeb2f1hxcmjfp4pd4865t4raka/13303.40_7.jpg/,https://xn--18-6kc5a3bxam.xn--p1ai/catalog/suvenirnaya-produktsiya/pechat-na-kruzhkakh/,"С этим товаром покупают. Кружки, термосы, термостаканы.",404,31.12.2025,20.07.2026,Critical
https://xn--18-6kc5a3bxam.xn--p1ai/upload/iblock/527/s6yo16h6izfmhnyuy7t2eq4jw282nj4p/4f16f24f622f72f74bef47c22203224d.jpg/,https://xn--18-6kc5a3bxam.xn--p1ai/catalog/suvenirnaya-produktsiya/pechat-na-kruzhkakh/,Похожие товары,404,31.12.2025,17.08.2026,Critical
https://xn--18-6kc5a3bxam.xn--p1ai/upload/iblock/06c/zqspo8z2ulsxe83l9zuszzr51wry7fnv.jpg/,https://xn--18-6kc5a3bxam.xn--p1ai/catalog/suvenirnaya-produktsiya/pechat-na-kruzhkakh/,Похожие товары,404,31.12.2025,25.08.2026,Critical
https://xn--18-6kc5a3bxam.xn--p1ai/upload/iblock/e12/xgls4xhxlfw8hayewt0yqsooj69plryz/3d320063400587.5aafcf919171f.jpg/,https://xn--18-6kc5a3bxam.xn--p1ai/catalog/suvenirnaya-produktsiya/pechat-na-kruzhkakh/,Похожие товары,404,31.12.2025,05.07.2026,Critical
https://xn--18-6kc5a3bxam.xn--p1ai/upload/iblock/5e3/h8u5tmx1zra33a74i0kwsdyaiq7g38vz/kruzhka_aurora_soft.png/,https://xn--18-6kc5a3bxam.xn--p1ai/catalog/suvenirnaya-produktsiya/pechat-na-kruzhkakh/kruzhka-aurora-soft-tach/,"ОК. Наши менеджеры скоро свяжутся с вами. передачей и... Спасибо! 7. 6. 5. 4. 3. 2. 1. Отправьте заявку и наш менеджер свяжется с вами. Ваше имя. Ваш e-mail. Телефон. Отправив форму, я соглашаюсь с.",404,15.12.2025,17.08.2026,Critical
https://xn--18-6kc5a3bxam.xn--p1ai/upload/iblock/94b/dafedtnny2phw6rb1rsqm8fg6pae2zq2.jpg/,https://xn--18-6kc5a3bxam.xn--p1ai/catalog/,от ₽. Белая кружка 330мл.,404,04.12.2025,07.08.2026,Critical
https://xn--18-6kc5a3bxam.xn--p1ai/upload/iblock/749/xx6j5pedd1dgwg2a1qm0b8s58z9nsoqo.jpg/,https://xn--18-6kc5a3bxam.xn--p1ai/catalog/suvenirnaya-produktsiya/pechat-na-kruzhkakh/belaya-kruzhka-tsvetnaya-ruchka-dno-330ml/,Белая кружка/цветная ручка/дно 330мл Цифра18.рф,404,28.11.2025,06.08.2026,Critical
https://xn--18-6kc5a3bxam.xn--p1ai/upload/iblock/749/xx6j5pedd1dgwg2a1qm0b8s58z9nsoqo.jpg/,https://xn--18-6kc5a3bxam.xn--p1ai/catalog/suvenirnaya-produktsiya/pechat-na-kruzhkakh/belaya-kruzhka-tsvetnaya-ruchka-dno-330ml/,"Недорого, срочно, качественно. Цена от 350 руб. Доставка по РФ. Сувенирная продукция / Кружки, термосы, термостаканы, Белая кружка/цветная ручка/дно 330мл. Типо. типография ижевск. Недорого, срочно, к",404,28.11.2025,06.08.2026,Critical
https://xn--18-6kc5a3bxam.xn--p1ai/upload/iblock/749/xx6j5pedd1dgwg2a1qm0b8s58z9nsoqo.jpg/,https://xn--18-6kc5a3bxam.xn--p1ai/catalog/suvenirnaya-produktsiya/pechat-na-kruzhkakh/belaya-kruzhka-tsvetnaya-ruchka-dno-330ml/,"Недорого, срочно, качественно. Цена от 350 руб. Доставка по РФ. Сувенирная продукция / Кружки, термосы, термостаканы, Белая кружка/цветная ручка/дно 330мл. Типо...",404,28.11.2025,06.08.2026,Critical
https://xn--18-6kc5a3bxam.xn--p1ai/upload/iblock/419/x1mcndo9if2gyevt3gai2vd9ryod6tg3.jpg/,https://xn--18-6kc5a3bxam.xn--p1ai/catalog/suvenirnaya-produktsiya/sumka-shopper/sumka-shopper-belaya-/,"Недорого, срочно, качественно. Цена от 600 руб. Доставка по РФ. Сувенирная продукция / Сумка-шоппер, Сумка шоппер белая . Типография Цифра18.рф г. Ижевск",404,26.11.2025,05.07.2026,Critical
https://xn--18-6kc5a3bxam.xn--p1ai/upload/iblock/419/x1mcndo9if2gyevt3gai2vd9ryod6tg3.jpg/,https://xn--18-6kc5a3bxam.xn--p1ai/catalog/suvenirnaya-produktsiya/sumka-shopper/sumka-shopper-belaya-/,"ОК. Наши менеджеры скоро свяжутся с вами. Вместительная и прочная сумка-шоппер из белой ткани Герда 250гр. Принт наносится методом сублимации, что делает его более долговечным и презентабельным. Издел",404,26.11.2025,05.07.2026,Critical
https://xn--18-6kc5a3bxam.xn--p1ai/upload/iblock/419/x1mcndo9if2gyevt3gai2vd9ryod6tg3.jpg/,https://xn--18-6kc5a3bxam.xn--p1ai/catalog/suvenirnaya-produktsiya/sumka-shopper/sumka-shopper-belaya-/,"Вместительная и прочная сумка-шоппер из белой ткани Герда 250гр. Принт наносится методом сублимации, что делает его более долговечным и презентабельным. Изделие... Сроки изготовления. Требования к мак",404,26.11.2025,05.07.2026,Critical
https://xn--18-6kc5a3bxam.xn--p1ai/catalog/poligrafiya/vizitki/vizitki-na-chernom-kartone/,https://xn--18-6kc5a3bxam.xn--p1ai/catalog/poligrafiya/listovki-tsifrovaya-pechat/,от ₽ Визитки на черном картоне,500,30.10.2025,17.07.2026,Critical
https://xn--18-6kc5a3bxam.xn--p1ai/upload/iblock/0b6/wir6mqsm0cv9jjfbbj1brcjh911wmcw6.jpg/,https://xn--18-6kc5a3bxam.xn--p1ai/catalog/suvenirnaya-produktsiya/sumka-shopper/sumka-shopper-bezhevaya-/,"Недорого, срочно, качественно. Цена от 600 руб. Доставка по РФ. Сувенирная продукция / Сумка-шоппер, Сумка шоппер бежевая . Типография Цифра18.рф г. Ижевск",404,26.09.2025,18.08.2026,Critical
https://xn--18-6kc5a3bxam.xn--p1ai/upload/iblock/0b6/wir6mqsm0cv9jjfbbj1brcjh911wmcw6.jpg/,https://xn--18-6kc5a3bxam.xn--p1ai/catalog/suvenirnaya-produktsiya/sumka-shopper/sumka-shopper-bezhevaya-/,"ОК. Наши менеджеры скоро свяжутся с вами. Удобная и вместительная сумка-шоппер из 100% хлопка. Выполнена из экологичной хлопчатобумажной ткани (холщовая ткань). Рисунок нанесен экологичными чернилами,",404,26.09.2025,18.08.2026,Critical
https://xn--18-6kc5a3bxam.xn--p1ai/upload/iblock/024/zhmfjlwd020youjtg8x7jfva09vohj6k.jpg/,https://xn--18-6kc5a3bxam.xn--p1ai/catalog/poligrafiya/tsifrovaya-pechat/,от ₽. Табличка для оплаты с QR кодом на бруске.,404,25.09.2025,09.08.2026,Critical
https://xn--18-6kc5a3bxam.xn--p1ai/upload/iblock/024/zhmfjlwd020youjtg8x7jfva09vohj6k.jpg/,https://xn--18-6kc5a3bxam.xn--p1ai/catalog/suvenirnaya-produktsiya/tablichka-dlya-oplaty-s-qr-kodom/tablichka-dlya-oplaty-s-qr-kodom-na-bruske/,Табличка для оплаты с QR кодом на бруске Цифра18.рф,404,24.09.2025,09.08.2026,Critical
https://xn--18-6kc5a3bxam.xn--p1ai/upload/iblock/024/zhmfjlwd020youjtg8x7jfva09vohj6k.jpg/,https://xn--18-6kc5a3bxam.xn--p1ai/catalog/suvenirnaya-produktsiya/tablichka-dlya-oplaty-s-qr-kodom/tablichka-dlya-oplaty-s-qr-kodom-na-bruske/,Сувенирная продукция. Табличка для оплаты с QR кодом. Главная. Каталог.,404,24.09.2025,09.08.2026,Critical
https://xn--18-6kc5a3bxam.xn--p1ai/upload/iblock/024/zhmfjlwd020youjtg8x7jfva09vohj6k.jpg/,https://xn--18-6kc5a3bxam.xn--p1ai/catalog/suvenirnaya-produktsiya/tablichka-dlya-oplaty-s-qr-kodom/tablichka-dlya-oplaty-s-qr-kodom-na-bruske/,"Недорого, срочно, качественно. Цена отруб. Доставка по РФ. Сувенирная продукция / Табличка для оплаты с QR кодом, Табличка для оплаты с QR кодом на бруске. Ти...",404,24.09.2025,09.08.2026,Critical
https://xn--18-6kc5a3bxam.xn--p1ai/upload/iblock/024/zhmfjlwd020youjtg8x7jfva09vohj6k.jpg/,https://xn--18-6kc5a3bxam.xn--p1ai/catalog/suvenirnaya-produktsiya/tablichka-dlya-oplaty-s-qr-kodom/tablichka-dlya-oplaty-s-qr-kodom-na-bruske/,"Недорого, срочно, качественно. Цена отруб. Доставка по РФ. Сувенирная продукция / Табличка для оплаты с QR кодом, Табличка для оплаты с QR кодом на бруске. Ти. типография ижевск. Недорого, срочно, кач",404,24.09.2025,09.08.2026,Critical
https://xn--18-6kc5a3bxam.xn--p1ai/upload/iblock/024/zhmfjlwd020youjtg8x7jfva09vohj6k.jpg/,https://xn--18-6kc5a3bxam.xn--p1ai/catalog/suvenirnaya-produktsiya/tablichka-dlya-oplaty-s-qr-kodom/,С этим товаром покупают. Табличка для оплаты с QR кодом.,404,24.09.2025,09.08.2026,Critical
