Source_URL,Target_URL,Anchor,Typo_Type,Correct_URL
https://xn--18-6kc5a3bxam.xn--p1ai/upload/iblock/56b/o2oxitzyk0n554bqi53cflmnk8nxbab3/kvartalnyy_kalendar_premium_3_rekl_polya_prozrachnyy_plastik_tipografia_cifra18_izhevsk.png,https://xn--18-6kc5a3bxam.xn--p1ai/catalog/poligrafiya/vysechnaya-produktsiya/,"КВАРТАЛЬНЫЙ КАЛЕНДАРЬ &quot;PREMIUM&quot; , прозрачный пластик",vysechnaya-produktsiya,https://xn--18-6kc5a3bxam.xn--p1ai/catalog/poligrafiya/suvenirnaya-produktsiya/
https://xn--18-6kc5a3bxam.xn--p1ai/catalog/suvenirnaya-produktsiya/shokolad-s-logotipom/,https://xn--18-6kc5a3bxam.xn--p1ai/catalog/suvenirnaya-produktsiya/,Шоколад с логотипом 5гр. от 15 ₽/шт. Шоколад с логотипом 5гр.,suvenirnaya-produktsiya,https://xn--18-6kc5a3bxam.xn--p1ai/catalog/suvenirnaya-produktsiya/
https://xn--18-6kc5a3bxam.xn--p1ai/catalog/suvenirnaya-produktsiya/igry-i-golovolomki/tetris-derevyannyy/,https://xn--18-6kc5a3bxam.xn--p1ai/catalog/suvenirnaya-produktsiya/igry-i-golovolomki/,Тетрис деревянный Тетрис деревянный,suvenirnaya-produktsiya,https://xn--18-6kc5a3bxam.xn--p1ai/catalog/suvenirnaya-produktsiya/igry-i-golovolomki/
https://xn--18-6kc5a3bxam.xn--p1ai/upload/iblock/0b6/wir6mqsm0cv9jjfbbj1brcjh911wmcw6.jpg/,https://xn--18-6kc5a3bxam.xn--p1ai/catalog/suvenirnaya-produktsiya/,от ₽. Сумка шоппер бежевая.,suvenirnaya-produktsiya,https://xn--18-6kc5a3bxam.xn--p1ai/catalog/suvenirnaya-produktsiya/
https://xn--18-6kc5a3bxam.xn--p1ai/catalog/suvenirnaya-produktsiya/otkrytka-s-shokoladom/,https://xn--18-6kc5a3bxam.xn--p1ai/catalog/suvenirnaya-produktsiya/,от ₽ Открытка А5 с шоколадом,suvenirnaya-produktsiya,https://xn--18-6kc5a3bxam.xn--p1ai/catalog/suvenirnaya-produktsiya/
https://xn--18-6kc5a3bxam.xn--p1ai/catalog/suvenirnaya-produktsiya/belye-kruzhki-330ml/,https://xn--18-6kc5a3bxam.xn--p1ai/catalog/suvenirnaya-produktsiya/,от ₽ Белые кружки 330мл,suvenirnaya-produktsiya,https://xn--18-6kc5a3bxam.xn--p1ai/catalog/suvenirnaya-produktsiya/
https://xn--18-6kc5a3bxam.xn--p1ai/upload/iblock/419/x1mcndo9if2gyevt3gai2vd9ryod6tg3.jpg/,https://xn--18-6kc5a3bxam.xn--p1ai/catalog/suvenirnaya-produktsiya/,Сувенирная продукция,suvenirnaya-produktsiya,https://xn--18-6kc5a3bxam.xn--p1ai/catalog/suvenirnaya-produktsiya/
https://xn--18-6kc5a3bxam.xn--p1ai/upload/iblock/94b/dafedtnny2phw6rb1rsqm8fg6pae2zq2.jpg/,https://xn--18-6kc5a3bxam.xn--p1ai/catalog/suvenirnaya-produktsiya/,Сувенирная продукция,suvenirnaya-produktsiya,https://xn--18-6kc5a3bxam.xn--p1ai/catalog/suvenirnaya-produktsiya/
https://xn--18-6kc5a3bxam.xn--p1ai/upload/iblock/2cc/kr279ht14tkyxxvavj9z2afj139kiju6.jpg/,https://xn--18-6kc5a3bxam.xn--p1ai/catalog/suvenirnaya-produktsiya/,Футболка белая СЭНДВИЧ REVOLUTION имитация хлопка. от ₽.,suvenirnaya-produktsiya,https://xn--18-6kc5a3bxam.xn--p1ai/catalog/suvenirnaya-produktsiya/
https://xn--18-6kc5a3bxam.xn--p1ai/upload/iblock/2cc/kr279ht14tkyxxvavj9z2afj139kiju6.jpg/,https://xn--18-6kc5a3bxam.xn--p1ai/catalog/suvenirnaya-produktsiya/,Сувенирная продукция,suvenirnaya-produktsiya,https://xn--18-6kc5a3bxam.xn--p1ai/catalog/suvenirnaya-produktsiya/
https://xn--18-6kc5a3bxam.xn--p1ai/upload/iblock/0b6/wir6mqsm0cv9jjfbbj1brcjh911wmcw6.jpg/,https://xn--18-6kc5a3bxam.xn--p1ai/catalog/suvenirnaya-produktsiya/,Сувенирная продукция,suvenirnaya-produktsiya,https://xn--18-6kc5a3bxam.xn--p1ai/catalog/suvenirnaya-produktsiya/
https://xn--18-6kc5a3bxam.xn--p1ai/upload/iblock/94b/dafedtnny2phw6rb1rsqm8fg6pae2zq2.jpg/,https://xn--18-6kc5a3bxam.xn--p1ai/catalog/suvenirnaya-produktsiya/,от ₽. Белые кружки 330мл.,suvenirnaya-produktsiya,https://xn--18-6kc5a3bxam.xn--p1ai/catalog/suvenirnaya-produktsiya/
https://xn--18-6kc5a3bxam.xn--p1ai/upload/iblock/52f/xauads9wxkgmhr8y3ywejkwdjv2v6co2.jpg/,https://xn--18-6kc5a3bxam.xn--p1ai/catalog/suvenirnaya-produktsiya/,Сувенирная продукция,suvenirnaya-produktsiya,https://xn--18-6kc5a3bxam.xn--p1ai/catalog/suvenirnaya-produktsiya/
https://xn--18-6kc5a3bxam.xn--p1ai/catalog/suvenirnaya-produktsiya/igry-i-golovolomki/tetris-derevyannyy/,https://xn--18-6kc5a3bxam.xn--p1ai/catalog/suvenirnaya-produktsiya/igry-i-golovolomki/,от ₽ Тетрис деревянный,suvenirnaya-produktsiya,https://xn--18-6kc5a3bxam.xn--p1ai/catalog/suvenirnaya-produktsiya/igry-i-golovolomki/
https://xn--18-6kc5a3bxam.xn--p1ai/katalog-ruchek,https://xn--18-6kc5a3bxam.xn--p1ai/catalog/suvenirnaya-produktsiya/pechat-na-ruchkakh/,галерее,suvenirnaya-produktsiya,https://xn--18-6kc5a3bxam.xn--p1ai/catalog/suvenirnaya-produktsiya/pechat-na-ruchkakh/
https://xn--18-6kc5a3bxam.xn--p1ai/upload/iblock/1be/m1rpph6pchujc9mws5q1v9et9xfeaax0/tablichka_dlya_oplaty_s_qr_kodom_na_bruske_tipografia_cifra18_izhevs.jpg,https://xn--18-6kc5a3bxam.xn--p1ai/catalog/suvenirnaya-produktsiya/futbolki/korobki-dlya-futbolok/,С этим товаром покупают,suvenirnaya-produktsiya,https://xn--18-6kc5a3bxam.xn--p1ai/catalog/suvenirnaya-produktsiya/futbolki/korobki-dlya-futbolok/
https://xn--18-6kc5a3bxam.xn--p1ai/upload/iblock/1be/m1rpph6pchujc9mws5q1v9et9xfeaax0/tablichka_dlya_oplaty_s_qr_kodom_na_bruske_tipografia_cifra18_izhevs.jpg,https://xn--18-6kc5a3bxam.xn--p1ai/catalog/suvenirnaya-produktsiya/futbolki/,от ₽. Табличка для оплаты с QR кодом на бруске.,suvenirnaya-produktsiya,https://xn--18-6kc5a3bxam.xn--p1ai/catalog/suvenirnaya-produktsiya/futbolki/
https://xn--18-6kc5a3bxam.xn--p1ai/upload/iblock/94b/dafedtnny2phw6rb1rsqm8fg6pae2zq2.jpg/,https://xn--18-6kc5a3bxam.xn--p1ai/catalog/suvenirnaya-produktsiya/pechat-na-kruzhkakh/belaya-kruzhka-330ml/,"Недорого, срочно, качественно. Цена от 300 руб. Доставка по РФ. Сувенирная продукция / Кружки, термосы, термостаканы, Белая кружка 330мл. Типография Цифра18.рф г. Ижевск. Недорого, срочно, качественно",suvenirnaya-produktsiya,https://xn--18-6kc5a3bxam.xn--p1ai/catalog/suvenirnaya-produktsiya/pechat-na-kruzhkakh/belaya-kruzhka-330ml/
https://xn--18-6kc5a3bxam.xn--p1ai/upload/iblock/94b/dafedtnny2phw6rb1rsqm8fg6pae2zq2.jpg/,https://xn--18-6kc5a3bxam.xn--p1ai/catalog/suvenirnaya-produktsiya/pechat-na-kruzhkakh/belaya-kruzhka-330ml/,"Недорого, срочно, качественно. Цена от 300 руб. Доставка по РФ. Сувенирная продукция / Кружки, термосы, термостаканы, Белая кружка 330мл. Типография Цифра18.рф ...",suvenirnaya-produktsiya,https://xn--18-6kc5a3bxam.xn--p1ai/catalog/suvenirnaya-produktsiya/pechat-na-kruzhkakh/belaya-kruzhka-330ml/
https://xn--18-6kc5a3bxam.xn--p1ai/upload/iblock/94b/dafedtnny2phw6rb1rsqm8fg6pae2zq2.jpg/,https://xn--18-6kc5a3bxam.xn--p1ai/catalog/suvenirnaya-produktsiya/pechat-na-kruzhkakh/belaya-kruzhka-330ml/,Белая кружка 330мл Цифра18.рф,suvenirnaya-produktsiya,https://xn--18-6kc5a3bxam.xn--p1ai/catalog/suvenirnaya-produktsiya/pechat-na-kruzhkakh/belaya-kruzhka-330ml/
https://xn--18-6kc5a3bxam.xn--p1ai/upload/iblock/94b/dafedtnny2phw6rb1rsqm8fg6pae2zq2.jpg/,https://xn--18-6kc5a3bxam.xn--p1ai/catalog/suvenirnaya-produktsiya/pechat-na-kruzhkakh/belaya-kruzhka-330ml/,"ОК. Наши менеджеры скоро свяжутся с вами. передачей и... Спасибо! Отправьте заявку и наш менеджер свяжется с вами. Ваше имя. Ваш e-mail. Телефон. Отправив форму, я соглашаюсь с.",suvenirnaya-produktsiya,https://xn--18-6kc5a3bxam.xn--p1ai/catalog/suvenirnaya-produktsiya/pechat-na-kruzhkakh/belaya-kruzhka-330ml/
https://xn--18-6kc5a3bxam.xn--p1ai/upload/iblock/cd9/ktuc84zeb2f1hxcmjfp4pd4865t4raka/13303.40_7.jpg/,https://xn--18-6kc5a3bxam.xn--p1ai/catalog/suvenirnaya-produktsiya/pechat-na-kruzhkakh/,"С этим товаром покупают. Кружки, термосы, термостаканы.",suvenirnaya-produktsiya,https://xn--18-6kc5a3bxam.xn--p1ai/catalog/suvenirnaya-produktsiya/pechat-na-kruzhkakh/
https://xn--18-6kc5a3bxam.xn--p1ai/upload/iblock/2ab/8vktna95fb6u3qvwv6alwnlonxaze4lj/vizitki_na_chernom_kartone.jpg,https://xn--18-6kc5a3bxam.xn--p1ai/catalog/suvenirnaya-produktsiya/pechat-na-kruzhkakh/,Визитки на черном картоне. от ₽.,suvenirnaya-produktsiya,https://xn--18-6kc5a3bxam.xn--p1ai/catalog/suvenirnaya-produktsiya/pechat-na-kruzhkakh/
https://xn--18-6kc5a3bxam.xn--p1ai/upload/iblock/527/s6yo16h6izfmhnyuy7t2eq4jw282nj4p/4f16f24f622f72f74bef47c22203224d.jpg/,https://xn--18-6kc5a3bxam.xn--p1ai/catalog/suvenirnaya-produktsiya/pechat-na-kruzhkakh/,Похожие товары,suvenirnaya-produktsiya,https://xn--18-6kc5a3bxam.xn--p1ai/catalog/suvenirnaya-produktsiya/pechat-na-kruzhkakh/
https://xn--18-6kc5a3bxam.xn--p1ai/upload/iblock/527/s6yo16h6izfmhnyuy7t2eq4jw282nj4p/4f16f24f622f72f74bef47c22203224d.jpg,https://xn--18-6kc5a3bxam.xn--p1ai/catalog/suvenirnaya-produktsiya/pechat-na-kruzhkakh/,Похожие товары,suvenirnaya-produktsiya,https://xn--18-6kc5a3bxam.xn--p1ai/catalog/suvenirnaya-produktsiya/pechat-na-kruzhkakh/
https://xn--18-6kc5a3bxam.xn--p1ai/upload/iblock/06c/zqspo8z2ulsxe83l9zuszzr51wry7fnv.jpg/,https://xn--18-6kc5a3bxam.xn--p1ai/catalog/suvenirnaya-produktsiya/pechat-na-kruzhkakh/,Похожие товары,suvenirnaya-produktsiya,https://xn--18-6kc5a3bxam.xn--p1ai/catalog/suvenirnaya-produktsiya/pechat-na-kruzhkakh/
https://xn--18-6kc5a3bxam.xn--p1ai/upload/iblock/e12/xgls4xhxlfw8hayewt0yqsooj69plryz/3d320063400587.5aafcf919171f.jpg/,https://xn--18-6kc5a3bxam.xn--p1ai/catalog/suvenirnaya-produktsiya/pechat-na-kruzhkakh/,Похожие товары,suvenirnaya-produktsiya,https://xn--18-6kc5a3bxam.xn--p1ai/catalog/suvenirnaya-produktsiya/pechat-na-kruzhkakh/
https://xn--18-6kc5a3bxam.xn--p1ai/upload/iblock/5e3/h8u5tmx1zra33a74i0kwsdyaiq7g38vz/kruzhka_aurora_soft.png/,https://xn--18-6kc5a3bxam.xn--p1ai/catalog/suvenirnaya-produktsiya/pechat-na-kruzhkakh/kruzhka-aurora-soft-tach/,"ОК. Наши менеджеры скоро свяжутся с вами. передачей и... Спасибо! 7. 6. 5. 4. 3. 2. 1. Отправьте заявку и наш менеджер свяжется с вами. Ваше имя. Ваш e-mail. Телефон. Отправив форму, я соглашаюсь с.",suvenirnaya-produktsiya,https://xn--18-6kc5a3bxam.xn--p1ai/catalog/suvenirnaya-produktsiya/pechat-na-kruzhkakh/kruzhka-aurora-soft-tach/
https://xn--18-6kc5a3bxam.xn--p1ai/upload/iblock/937/x2lsjn3ujh0x9s9k7vt0cluk70s2302c.jpg,https://xn--18-6kc5a3bxam.xn--p1ai/catalog/suvenirnaya-produktsiya/pechat-na-usb-ustroystvakh/pechat-na-fleshkakh8255/,"Флешка визитка (флешка- визитка, флешка кредитка) с нанесением логотипа - современный корпоративный подарок для Ваших партнеров или коллег! Флешка в форме визит...",suvenirnaya-produktsiya,https://xn--18-6kc5a3bxam.xn--p1ai/catalog/suvenirnaya-produktsiya/pechat-na-usb-ustroystvakh/pechat-na-fleshkakh8255/
https://xn--18-6kc5a3bxam.xn--p1ai/upload/iblock/937/x2lsjn3ujh0x9s9k7vt0cluk70s2302c.jpg,https://xn--18-6kc5a3bxam.xn--p1ai/catalog/suvenirnaya-produktsiya/pechat-na-usb-ustroystvakh/pechat-na-fleshkakh8255/,типография ижевск,suvenirnaya-produktsiya,https://xn--18-6kc5a3bxam.xn--p1ai/catalog/suvenirnaya-produktsiya/pechat-na-usb-ustroystvakh/pechat-na-fleshkakh8255/
https://xn--18-6kc5a3bxam.xn--p1ai/upload/iblock/749/xx6j5pedd1dgwg2a1qm0b8s58z9nsoqo.jpg/,https://xn--18-6kc5a3bxam.xn--p1ai/catalog/suvenirnaya-produktsiya/pechat-na-kruzhkakh/belaya-kruzhka-tsvetnaya-ruchka-dno-330ml/,Белая кружка/цветная ручка/дно 330мл Цифра18.рф,suvenirnaya-produktsiya,https://xn--18-6kc5a3bxam.xn--p1ai/catalog/suvenirnaya-produktsiya/pechat-na-kruzhkakh/belaya-kruzhka-tsvetnaya-ruchka-dno-330ml/
https://xn--18-6kc5a3bxam.xn--p1ai/upload/iblock/749/xx6j5pedd1dgwg2a1qm0b8s58z9nsoqo.jpg/,https://xn--18-6kc5a3bxam.xn--p1ai/catalog/suvenirnaya-produktsiya/pechat-na-kruzhkakh/belaya-kruzhka-tsvetnaya-ruchka-dno-330ml/,"Недорого, срочно, качественно. Цена от 350 руб. Доставка по РФ. Сувенирная продукция / Кружки, термосы, термостаканы, Белая кружка/цветная ручка/дно 330мл. Типо. типография ижевск. Недорого, срочно, к",suvenirnaya-produktsiya,https://xn--18-6kc5a3bxam.xn--p1ai/catalog/suvenirnaya-produktsiya/pechat-na-kruzhkakh/belaya-kruzhka-tsvetnaya-ruchka-dno-330ml/
https://xn--18-6kc5a3bxam.xn--p1ai/upload/iblock/749/xx6j5pedd1dgwg2a1qm0b8s58z9nsoqo.jpg/,https://xn--18-6kc5a3bxam.xn--p1ai/catalog/suvenirnaya-produktsiya/pechat-na-kruzhkakh/belaya-kruzhka-tsvetnaya-ruchka-dno-330ml/,"Недорого, срочно, качественно. Цена от 350 руб. Доставка по РФ. Сувенирная продукция / Кружки, термосы, термостаканы, Белая кружка/цветная ручка/дно 330мл. Типо...",suvenirnaya-produktsiya,https://xn--18-6kc5a3bxam.xn--p1ai/catalog/suvenirnaya-produktsiya/pechat-na-kruzhkakh/belaya-kruzhka-tsvetnaya-ruchka-dno-330ml/
https://xn--18-6kc5a3bxam.xn--p1ai/upload/iblock/419/x1mcndo9if2gyevt3gai2vd9ryod6tg3.jpg/,https://xn--18-6kc5a3bxam.xn--p1ai/catalog/suvenirnaya-produktsiya/sumka-shopper/sumka-shopper-belaya-/,"Недорого, срочно, качественно. Цена от 600 руб. Доставка по РФ. Сувенирная продукция / Сумка-шоппер, Сумка шоппер белая . Типография Цифра18.рф г. Ижевск",suvenirnaya-produktsiya,https://xn--18-6kc5a3bxam.xn--p1ai/catalog/suvenirnaya-produktsiya/sumka-shopper/sumka-shopper-belaya-/
https://xn--18-6kc5a3bxam.xn--p1ai/upload/iblock/419/x1mcndo9if2gyevt3gai2vd9ryod6tg3.jpg/,https://xn--18-6kc5a3bxam.xn--p1ai/catalog/suvenirnaya-produktsiya/sumka-shopper/sumka-shopper-belaya-/,"ОК. Наши менеджеры скоро свяжутся с вами. Вместительная и прочная сумка-шоппер из белой ткани Герда 250гр. Принт наносится методом сублимации, что делает его более долговечным и презентабельным. Издел",suvenirnaya-produktsiya,https://xn--18-6kc5a3bxam.xn--p1ai/catalog/suvenirnaya-produktsiya/sumka-shopper/sumka-shopper-belaya-/
https://xn--18-6kc5a3bxam.xn--p1ai/upload/iblock/419/x1mcndo9if2gyevt3gai2vd9ryod6tg3.jpg/,https://xn--18-6kc5a3bxam.xn--p1ai/catalog/suvenirnaya-produktsiya/sumka-shopper/sumka-shopper-belaya-/,"Вместительная и прочная сумка-шоппер из белой ткани Герда 250гр. Принт наносится методом сублимации, что делает его более долговечным и презентабельным. Изделие... Сроки изготовления. Требования к мак",suvenirnaya-produktsiya,https://xn--18-6kc5a3bxam.xn--p1ai/catalog/suvenirnaya-produktsiya/sumka-shopper/sumka-shopper-belaya-/
https://xn--18-6kc5a3bxam.xn--p1ai/upload/iblock/0b6/wir6mqsm0cv9jjfbbj1brcjh911wmcw6.jpg/,https://xn--18-6kc5a3bxam.xn--p1ai/catalog/suvenirnaya-produktsiya/sumka-shopper/sumka-shopper-bezhevaya-/,"Недорого, срочно, качественно. Цена от 600 руб. Доставка по РФ. Сувенирная продукция / Сумка-шоппер, Сумка шоппер бежевая . Типография Цифра18.рф г. Ижевск",suvenirnaya-produktsiya,https://xn--18-6kc5a3bxam.xn--p1ai/catalog/suvenirnaya-produktsiya/sumka-shopper/sumka-shopper-bezhevaya-/
https://xn--18-6kc5a3bxam.xn--p1ai/upload/iblock/0b6/wir6mqsm0cv9jjfbbj1brcjh911wmcw6.jpg/,https://xn--18-6kc5a3bxam.xn--p1ai/catalog/suvenirnaya-produktsiya/sumka-shopper/sumka-shopper-bezhevaya-/,"ОК. Наши менеджеры скоро свяжутся с вами. Удобная и вместительная сумка-шоппер из 100% хлопка. Выполнена из экологичной хлопчатобумажной ткани (холщовая ткань). Рисунок нанесен экологичными чернилами,",suvenirnaya-produktsiya,https://xn--18-6kc5a3bxam.xn--p1ai/catalog/suvenirnaya-produktsiya/sumka-shopper/sumka-shopper-bezhevaya-/
https://xn--18-6kc5a3bxam.xn--p1ai/upload/iblock/024/zhmfjlwd020youjtg8x7jfva09vohj6k.jpg/,https://xn--18-6kc5a3bxam.xn--p1ai/catalog/suvenirnaya-produktsiya/tablichka-dlya-oplaty-s-qr-kodom/tablichka-dlya-oplaty-s-qr-kodom-na-bruske/,Табличка для оплаты с QR кодом на бруске Цифра18.рф,suvenirnaya-produktsiya,https://xn--18-6kc5a3bxam.xn--p1ai/catalog/suvenirnaya-produktsiya/tablichka-dlya-oplaty-s-qr-kodom/tablichka-dlya-oplaty-s-qr-kodom-na-bruske/
https://xn--18-6kc5a3bxam.xn--p1ai/upload/iblock/024/zhmfjlwd020youjtg8x7jfva09vohj6k.jpg/,https://xn--18-6kc5a3bxam.xn--p1ai/catalog/suvenirnaya-produktsiya/tablichka-dlya-oplaty-s-qr-kodom/tablichka-dlya-oplaty-s-qr-kodom-na-bruske/,Сувенирная продукция. Табличка для оплаты с QR кодом. Главная. Каталог.,suvenirnaya-produktsiya,https://xn--18-6kc5a3bxam.xn--p1ai/catalog/suvenirnaya-produktsiya/tablichka-dlya-oplaty-s-qr-kodom/tablichka-dlya-oplaty-s-qr-kodom-na-bruske/
https://xn--18-6kc5a3bxam.xn--p1ai/upload/iblock/024/zhmfjlwd020youjtg8x7jfva09vohj6k.jpg/,https://xn--18-6kc5a3bxam.xn--p1ai/catalog/suvenirnaya-produktsiya/tablichka-dlya-oplaty-s-qr-kodom/tablichka-dlya-oplaty-s-qr-kodom-na-bruske/,"Недорого, срочно, качественно. Цена отруб. Доставка по РФ. Сувенирная продукция / Табличка для оплаты с QR кодом, Табличка для оплаты с QR кодом на бруске. Ти...",suvenirnaya-produktsiya,https://xn--18-6kc5a3bxam.xn--p1ai/catalog/suvenirnaya-produktsiya/tablichka-dlya-oplaty-s-qr-kodom/tablichka-dlya-oplaty-s-qr-kodom-na-bruske/
https://xn--18-6kc5a3bxam.xn--p1ai/upload/iblock/024/zhmfjlwd020youjtg8x7jfva09vohj6k.jpg/,https://xn--18-6kc5a3bxam.xn--p1ai/catalog/suvenirnaya-produktsiya/tablichka-dlya-oplaty-s-qr-kodom/tablichka-dlya-oplaty-s-qr-kodom-na-bruske/,"Недорого, срочно, качественно. Цена отруб. Доставка по РФ. Сувенирная продукция / Табличка для оплаты с QR кодом, Табличка для оплаты с QR кодом на бруске. Ти. типография ижевск. Недорого, срочно, кач",suvenirnaya-produktsiya,https://xn--18-6kc5a3bxam.xn--p1ai/catalog/suvenirnaya-produktsiya/tablichka-dlya-oplaty-s-qr-kodom/tablichka-dlya-oplaty-s-qr-kodom-na-bruske/
https://xn--18-6kc5a3bxam.xn--p1ai/upload/iblock/024/zhmfjlwd020youjtg8x7jfva09vohj6k.jpg/,https://xn--18-6kc5a3bxam.xn--p1ai/catalog/suvenirnaya-produktsiya/tablichka-dlya-oplaty-s-qr-kodom/,С этим товаром покупают. Табличка для оплаты с QR кодом.,suvenirnaya-produktsiya,https://xn--18-6kc5a3bxam.xn--p1ai/catalog/suvenirnaya-produktsiya/tablichka-dlya-oplaty-s-qr-kodom/
