Image_Source,Target_URL,Anchor,Status,Issue
https://xn--18-6kc5a3bxam.xn--p1ai/upload/iblock/ee1/11yxu1zdnf1c33h1cernf0k11mhrpd07/magnific_19318.jpeg,https://xn--18-6kc5a3bxam.xn--p1ai/catalog/poligrafiya/postpechatnye-raboty/postpechatnye-raboty/,"типография ижевск. Профессиональная фальцовка до А4 в Ижевске. Быстрое складывание чертежей и документов. От 5 руб./шт. Типография Цифра. Недорого, срочно, качественно. Цена от руб. Доставка по РФ. По",301,
https://xn--18-6kc5a3bxam.xn--p1ai/upload/iblock/ee1/11yxu1zdnf1c33h1cernf0k11mhrpd07/magnific_19318.jpeg,https://xn--18-6kc5a3bxam.xn--p1ai/catalog/poligrafiya/postpechatnye-raboty/postpechatnye-raboty/,типография ижевск,301,
https://xn--18-6kc5a3bxam.xn--p1ai/upload/iblock/ee1/11yxu1zdnf1c33h1cernf0k11mhrpd07/magnific_19318.jpeg,https://xn--18-6kc5a3bxam.xn--p1ai/catalog/poligrafiya/postpechatnye-raboty/postpechatnye-raboty/,Фальцовка до А4 в Ижевске - Типография Цифра,301,
https://xn--18-6kc5a3bxam.xn--p1ai/upload/iblock/ee1/11yxu1zdnf1c33h1cernf0k11mhrpd07/magnific_19318.jpeg,https://xn--18-6kc5a3bxam.xn--p1ai/catalog/poligrafiya/postpechatnye-raboty/postpechatnye-raboty/,Профессиональная фальцовка до А4 в Ижевске. Быстрое складывание чертежей и документов. От 5 руб./шт. Типография Цифра.,301,
https://xn--18-6kc5a3bxam.xn--p1ai/upload/iblock/56b/o2oxitzyk0n554bqi53cflmnk8nxbab3/kvartalnyy_kalendar_premium_3_rekl_polya_prozrachnyy_plastik_tipografia_cifra18_izhevsk.png,https://xn--18-6kc5a3bxam.xn--p1ai/catalog/poligrafiya/vysechnaya-produktsiya/,"КВАРТАЛЬНЫЙ КАЛЕНДАРЬ &quot;PREMIUM&quot; , прозрачный пластик",301,TYPO_IN_URL
https://xn--18-6kc5a3bxam.xn--p1ai/upload/iblock/56b/o2oxitzyk0n554bqi53cflmnk8nxbab3/kvartalnyy_kalendar_premium_3_rekl_polya_prozrachnyy_plastik_tipografia_cifra18_izhevsk.png,https://xn--18-6kc5a3bxam.xn--p1ai/catalog/poligrafiya/kvartalnyy-kalendar-premium-prozrachnyy-plastik/,типография ижевск,301,
https://xn--18-6kc5a3bxam.xn--p1ai/upload/iblock/56b/o2oxitzyk0n554bqi53cflmnk8nxbab3/kvartalnyy_kalendar_premium_3_rekl_polya_prozrachnyy_plastik_tipografia_cifra18_izhevsk.png,https://xn--18-6kc5a3bxam.xn--p1ai/catalog/poligrafiya/kvartalnyy-kalendar-premium-prozrachnyy-plastik/,"Квартальный календарь PREMIUM с одним рекламным полем от типографии Цифра в Ижевске. Высокое качество, индивидуальный дизайн, быстрые сроки. Закажите сейчас!",301,
https://xn--18-6kc5a3bxam.xn--p1ai/upload/iblock/56b/o2oxitzyk0n554bqi53cflmnk8nxbab3/kvartalnyy_kalendar_premium_3_rekl_polya_prozrachnyy_plastik_tipografia_cifra18_izhevsk.png,https://xn--18-6kc5a3bxam.xn--p1ai/catalog/poligrafiya/kvartalnyy-kalendar-premium-prozrachnyy-plastik/,"КВАРТАЛЬНЫЙ КАЛЕНДАРЬ ""PREMIUM"" , прозрачный пластик",301,
https://xn--18-6kc5a3bxam.xn--p1ai/upload/iblock/56b/o2oxitzyk0n554bqi53cflmnk8nxbab3/kvartalnyy_kalendar_premium_3_rekl_polya_prozrachnyy_plastik_tipografia_cifra18_izhevsk.png,https://xn--18-6kc5a3bxam.xn--p1ai/catalog/poligrafiya/kvartalnyy-kalendar-premium-prozrachnyy-plastik/,"Квартальный календарь PREMIUM с одним рекламным полем от типографии Цифра в Ижевске. Высокое качество, индивидуальный дизайн, быстрые сроки. Закажите сейчас! типография ижевск.",301,
https://xn--18-6kc5a3bxam.xn--p1ai/upload/iblock/56b/o2oxitzyk0n554bqi53cflmnk8nxbab3/kvartalnyy_kalendar_premium_3_rekl_polya_prozrachnyy_plastik_tipografia_cifra18_izhevsk.png,https://xn--18-6kc5a3bxam.xn--p1ai/catalog/poligrafiya/kvartalnyy-kalendar-premium-prozrachnyy-plastik/,Квартальный календарь PREMIUM с 1 рекл. полем - заказать в Ижевске Типография Цифра,301,
https://xn--18-6kc5a3bxam.xn--p1ai/upload/iblock/56b/o2oxitzyk0n554bqi53cflmnk8nxbab3/kvartalnyy_kalendar_premium_3_rekl_polya_prozrachnyy_plastik_tipografia_cifra18_izhevsk.png,https://xn--18-6kc5a3bxam.xn--p1ai/catalog/poligrafiya/kvartalnyy-kalendar-premium-prozrachnyy-plastik/,Полиграфия. Главная. Каталог.,301,
https://xn--18-6kc5a3bxam.xn--p1ai/upload/iblock/56b/o2oxitzyk0n554bqi53cflmnk8nxbab3/kvartalnyy_kalendar_premium_3_rekl_polya_prozrachnyy_plastik_tipografia_cifra18_izhevsk.png,https://xn--18-6kc5a3bxam.xn--p1ai/catalog/poligrafiya/kvartalnyy-kalendar-premium-prozrachnyy-plastik/,"Время быстротечно, незаметно пролетают дни недели, месяца. Фиксировать события помогает нам сувенирная продукция календари. Мы, в Типографии Цифра , предлагаем Вам квартальные, настенные, перекидные, ",301,
https://xn--18-6kc5a3bxam.xn--p1ai/upload/iblock/f9c/tjlgmx9i6oo0xnahav9k30b1hibt9p1o/kvartalnyy_kalendar_premium_1_rekl_pole_svetodiodnyy_tipografia_cifra18_izhevsk.jpg,https://xn--18-6kc5a3bxam.xn--p1ai/catalog/poligrafiya/kvartalnyy-kalendar-premium-prozrachnyy-plastik/,Похожие товары,301,
https://xn--18-6kc5a3bxam.xn--p1ai/upload/iblock/f9c/tjlgmx9i6oo0xnahav9k30b1hibt9p1o/kvartalnyy_kalendar_premium_1_rekl_pole_svetodiodnyy_tipografia_cifra18_izhevsk.jpg,https://xn--18-6kc5a3bxam.xn--p1ai/catalog/poligrafiya/kalendari/kvartalnyy-kalendar-premium-prozrachnyy-plastik/,от 240 ₽/шт.,301,
https://xn--18-6kc5a3bxam.xn--p1ai/upload/iblock/56b/o2oxitzyk0n554bqi53cflmnk8nxbab3/kvartalnyy_kalendar_premium_3_rekl_polya_prozrachnyy_plastik_tipografia_cifra18_izhevsk.png,https://xn--18-6kc5a3bxam.xn--p1ai/catalog/poligrafiya/kalendari/kvartalnyy-kalendar-premium-prozrachnyy-plastik/,Полиграфия. Главная. Календари. Каталог.,301,
https://xn--18-6kc5a3bxam.xn--p1ai/upload/iblock/f9c/tjlgmx9i6oo0xnahav9k30b1hibt9p1o/kvartalnyy_kalendar_premium_1_rekl_pole_svetodiodnyy_tipografia_cifra18_izhevsk.jpg,https://xn--18-6kc5a3bxam.xn--p1ai/catalog/poligrafiya/listovki-tsifrovaya-pechat/pechat-listovok-a6/,КВАРТАЛЬНЫЙ КАЛЕНДАРЬ &quot;PREMIUM&quot; 1 рекл. поле светодиодный,301,
https://xn--18-6kc5a3bxam.xn--p1ai/upload/iblock/56b/o2oxitzyk0n554bqi53cflmnk8nxbab3/kvartalnyy_kalendar_premium_3_rekl_polya_prozrachnyy_plastik_tipografia_cifra18_izhevsk.png,https://xn--18-6kc5a3bxam.xn--p1ai/catalog/poligrafiya/tsifrovaya-pechat/tsifrovaya-listovaya-lazernaya-pechat-a3/,"КВАРТАЛЬНЫЙ КАЛЕНДАРЬ &quot;PREMIUM&quot; 3 рекл. поля, прозрачный пластик",301,
https://xn--18-6kc5a3bxam.xn--p1ai/upload/iblock/56b/o2oxitzyk0n554bqi53cflmnk8nxbab3/kvartalnyy_kalendar_premium_3_rekl_polya_prozrachnyy_plastik_tipografia_cifra18_izhevsk.png,https://xn--18-6kc5a3bxam.xn--p1ai/catalog/poligrafiya/kalendari/kvartalnyy-kalendar-premium-1-rekl-pole-s-figurnoy-rezkoy/,Похожие товары,301,
https://xn--18-6kc5a3bxam.xn--p1ai/upload/iblock/56b/o2oxitzyk0n554bqi53cflmnk8nxbab3/kvartalnyy_kalendar_premium_3_rekl_polya_prozrachnyy_plastik_tipografia_cifra18_izhevsk.png,https://xn--18-6kc5a3bxam.xn--p1ai/catalog/poligrafiya/uf-pechat1/,от 240 ₽/шт.,301,
https://xn--18-6kc5a3bxam.xn--p1ai/upload/iblock/56b/o2oxitzyk0n554bqi53cflmnk8nxbab3/kvartalnyy_kalendar_premium_3_rekl_polya_prozrachnyy_plastik_tipografia_cifra18_izhevsk.png,https://xn--18-6kc5a3bxam.xn--p1ai/catalog/poligrafiya/kvartalnyy-kalendar-premium-3-rekl-polya-prozrachnyy-plastik/,"КВАРТАЛЬНЫЙ КАЛЕНДАРЬ ""PREMIUM"" 3 рекл. поля, прозрачный пластик",301,
https://xn--18-6kc5a3bxam.xn--p1ai/upload/iblock/f9c/tjlgmx9i6oo0xnahav9k30b1hibt9p1o/kvartalnyy_kalendar_premium_1_rekl_pole_svetodiodnyy_tipografia_cifra18_izhevsk.jpg,https://xn--18-6kc5a3bxam.xn--p1ai/catalog/poligrafiya/kvartalnyy-kalendar-premium-1-rekl-pole-svetodiodnyy/,"Keywords. Квартальный календарь PREMIUM с одним рекламным полем от типографии Цифра в Ижевске. Высокое качество, индивидуальный дизайн, быстрые сроки. Закажите сейчас!",301,
https://xn--18-6kc5a3bxam.xn--p1ai/upload/iblock/f9c/tjlgmx9i6oo0xnahav9k30b1hibt9p1o/kvartalnyy_kalendar_premium_1_rekl_pole_svetodiodnyy_tipografia_cifra18_izhevsk.jpg,https://xn--18-6kc5a3bxam.xn--p1ai/catalog/poligrafiya/kvartalnyy-kalendar-premium-1-rekl-pole-svetodiodnyy/,"КВАРТАЛЬНЫЙ КАЛЕНДАРЬ ""PREMIUM"" 1 рекл. поле светодиодный",301,
https://xn--18-6kc5a3bxam.xn--p1ai/upload/iblock/f9c/tjlgmx9i6oo0xnahav9k30b1hibt9p1o/kvartalnyy_kalendar_premium_1_rekl_pole_svetodiodnyy_tipografia_cifra18_izhevsk.jpg,https://xn--18-6kc5a3bxam.xn--p1ai/catalog/poligrafiya/kvartalnyy-kalendar-premium-1-rekl-pole-svetodiodnyy/,Полиграфия. Главная. Каталог.,301,
https://xn--18-6kc5a3bxam.xn--p1ai/upload/iblock/f9c/tjlgmx9i6oo0xnahav9k30b1hibt9p1o/kvartalnyy_kalendar_premium_1_rekl_pole_svetodiodnyy_tipografia_cifra18_izhevsk.jpg,https://xn--18-6kc5a3bxam.xn--p1ai/catalog/poligrafiya/kvartalnyy-kalendar-premium-1-rekl-pole-svetodiodnyy/,"Квартальный календарь PREMIUM с одним рекламным полем от типографии Цифра в Ижевске. Высокое качество, индивидуальный дизайн, быстрые сроки. Закажите сейчас!",301,
https://xn--18-6kc5a3bxam.xn--p1ai/upload/iblock/f9c/tjlgmx9i6oo0xnahav9k30b1hibt9p1o/kvartalnyy_kalendar_premium_1_rekl_pole_svetodiodnyy_tipografia_cifra18_izhevsk.jpg,https://xn--18-6kc5a3bxam.xn--p1ai/catalog/poligrafiya/kvartalnyy-kalendar-premium-1-rekl-pole-svetodiodnyy/,Keywords,301,
https://xn--18-6kc5a3bxam.xn--p1ai/upload/iblock/f9c/tjlgmx9i6oo0xnahav9k30b1hibt9p1o/kvartalnyy_kalendar_premium_1_rekl_pole_svetodiodnyy_tipografia_cifra18_izhevsk.jpg,https://xn--18-6kc5a3bxam.xn--p1ai/catalog/poligrafiya/kvartalnyy-kalendar-premium-1-rekl-pole-svetodiodnyy/,"Время быстротечно, незаметно пролетают дни недели, месяца. Фиксировать события помогает нам сувенирная продукция календари. Мы, в Типографии Цифра , предлагаем Вам квартальные, настенные, перекидные, ",301,
https://xn--18-6kc5a3bxam.xn--p1ai/upload/iblock/f9c/tjlgmx9i6oo0xnahav9k30b1hibt9p1o/kvartalnyy_kalendar_premium_1_rekl_pole_svetodiodnyy_tipografia_cifra18_izhevsk.jpg,https://xn--18-6kc5a3bxam.xn--p1ai/catalog/poligrafiya/kvartalnyy-kalendar-premium-1-rekl-pole-svetodiodnyy/,Квартальный календарь PREMIUM с 1 рекл. полем - заказать в Ижевске Типография Цифра,301,
https://xn--18-6kc5a3bxam.xn--p1ai/upload/iblock/56b/o2oxitzyk0n554bqi53cflmnk8nxbab3/kvartalnyy_kalendar_premium_3_rekl_polya_prozrachnyy_plastik_tipografia_cifra18_izhevsk.png,https://xn--18-6kc5a3bxam.xn--p1ai/catalog/,"КВАРТАЛЬНЫЙ КАЛЕНДАРЬ &quot;PREMIUM&quot; 3 рекл. поля, прозрачный пластик. Главная. КВАРТАЛЬНЫЙ КАЛЕНДАРЬ ""PREMIUM"" 3 рекл. поля, прозрачный пластик.",301,
https://xn--18-6kc5a3bxam.xn--p1ai/upload/iblock/12a/u67za8bz2eaef1uscvsnxovssc108jjb/kvartalnyy_kalendar_premium_3_rekl_polya_prozrachnyy_plastik_tipografia_cifra18_izhevsk.png,https://xn--18-6kc5a3bxam.xn--p1ai/catalog/poligrafiya/kalendari/kvartalnyy-kalendar-premium-3-rekl-polya-prozrachnyy-plastik/,"Квартальный календарь PREMIUM с одним рекламным полем от типографии Цифра в Ижевске. Высокое качество, индивидуальный дизайн, быстрые сроки. Закажите сейчас! типография ижевск.",301,
https://xn--18-6kc5a3bxam.xn--p1ai/upload/iblock/12a/u67za8bz2eaef1uscvsnxovssc108jjb/kvartalnyy_kalendar_premium_3_rekl_polya_prozrachnyy_plastik_tipografia_cifra18_izhevsk.png,https://xn--18-6kc5a3bxam.xn--p1ai/catalog/poligrafiya/kalendari/kvartalnyy-kalendar-premium-3-rekl-polya-prozrachnyy-plastik/,Квартальный календарь PREMIUM с 1 рекл. полем - заказать в Ижевске Типография Цифра,301,
https://xn--18-6kc5a3bxam.xn--p1ai/upload/iblock/12a/u67za8bz2eaef1uscvsnxovssc108jjb/kvartalnyy_kalendar_premium_3_rekl_polya_prozrachnyy_plastik_tipografia_cifra18_izhevsk.png,https://xn--18-6kc5a3bxam.xn--p1ai/catalog/poligrafiya/kalendari/kvartalnyy-kalendar-premium-3-rekl-polya-prozrachnyy-plastik/,"Квартальный календарь PREMIUM с одним рекламным полем от типографии Цифра в Ижевске. Высокое качество, индивидуальный дизайн, быстрые сроки. Закажите сейчас!",301,
https://xn--18-6kc5a3bxam.xn--p1ai/upload/iblock/12a/u67za8bz2eaef1uscvsnxovssc108jjb/kvartalnyy_kalendar_premium_3_rekl_polya_prozrachnyy_plastik_tipografia_cifra18_izhevsk.png,https://xn--18-6kc5a3bxam.xn--p1ai/catalog/poligrafiya/kalendari/kvartalnyy-kalendar-premium-3-rekl-polya-prozrachnyy-plastik/,типография ижевск,301,
https://xn--18-6kc5a3bxam.xn--p1ai/upload/iblock/f9c/tjlgmx9i6oo0xnahav9k30b1hibt9p1o/kvartalnyy_kalendar_premium_1_rekl_pole_svetodiodnyy_tipografia_cifra18_izhevsk.jpg,https://xn--18-6kc5a3bxam.xn--p1ai/catalog/poligrafiya/kalendari/kvartalnyy-kalendar-premium-1-rekl-pole-svetodiodnyy/,Полиграфия. Главная. Календари. Каталог.,301,
https://xn--18-6kc5a3bxam.xn--p1ai/wp-content/uploads/2020/08/adresnaja-tablichka-izgotovlenie-izhevsk.jpg,https://xn--18-6kc5a3bxam.xn--p1ai/news/izgotovlenie-tablichek-iz-plastika-orgstekla-pvkh-metalla/,"Изготовление табличек из пластика, оргстекла, ПВХ, металла 4. табличка адресная на дом стоимость изготовления типография цифра18.рф ижевск.",301,
https://xn--18-6kc5a3bxam.xn--p1ai/wp-content/uploads/2020/08/adresnaja-tablichka-izgotovlenie-izhevsk.jpg,https://xn--18-6kc5a3bxam.xn--p1ai/news/izgotovlenie-tablichek-iz-plastika-orgstekla-pvkh-metalla/,Основные виды табличек,301,
https://xn--18-6kc5a3bxam.xn--p1ai/upload/iblock/0b6/wir6mqsm0cv9jjfbbj1brcjh911wmcw6.jpg/,https://xn--18-6kc5a3bxam.xn--p1ai/catalog/suvenirnaya-produktsiya/,от ₽. Сумка шоппер бежевая.,404,BROKEN_TARGET
https://xn--18-6kc5a3bxam.xn--p1ai/upload/iblock/419/x1mcndo9if2gyevt3gai2vd9ryod6tg3.jpg/,https://xn--18-6kc5a3bxam.xn--p1ai/catalog/suvenirnaya-produktsiya/,Сувенирная продукция,404,BROKEN_TARGET
https://xn--18-6kc5a3bxam.xn--p1ai/upload/iblock/94b/dafedtnny2phw6rb1rsqm8fg6pae2zq2.jpg/,https://xn--18-6kc5a3bxam.xn--p1ai/catalog/suvenirnaya-produktsiya/,Сувенирная продукция,404,BROKEN_TARGET
https://xn--18-6kc5a3bxam.xn--p1ai/upload/iblock/2cc/kr279ht14tkyxxvavj9z2afj139kiju6.jpg/,https://xn--18-6kc5a3bxam.xn--p1ai/catalog/suvenirnaya-produktsiya/,Футболка белая СЭНДВИЧ REVOLUTION имитация хлопка. от ₽.,404,BROKEN_TARGET
https://xn--18-6kc5a3bxam.xn--p1ai/upload/iblock/2cc/kr279ht14tkyxxvavj9z2afj139kiju6.jpg/,https://xn--18-6kc5a3bxam.xn--p1ai/catalog/suvenirnaya-produktsiya/,Сувенирная продукция,404,BROKEN_TARGET
https://xn--18-6kc5a3bxam.xn--p1ai/upload/iblock/0b6/wir6mqsm0cv9jjfbbj1brcjh911wmcw6.jpg/,https://xn--18-6kc5a3bxam.xn--p1ai/catalog/suvenirnaya-produktsiya/,Сувенирная продукция,404,BROKEN_TARGET
https://xn--18-6kc5a3bxam.xn--p1ai/upload/iblock/94b/dafedtnny2phw6rb1rsqm8fg6pae2zq2.jpg/,https://xn--18-6kc5a3bxam.xn--p1ai/catalog/suvenirnaya-produktsiya/,от ₽. Белые кружки 330мл.,404,BROKEN_TARGET
https://xn--18-6kc5a3bxam.xn--p1ai/upload/iblock/52f/xauads9wxkgmhr8y3ywejkwdjv2v6co2.jpg/,https://xn--18-6kc5a3bxam.xn--p1ai/catalog/suvenirnaya-produktsiya/,Сувенирная продукция,404,BROKEN_TARGET
https://xn--18-6kc5a3bxam.xn--p1ai/upload/iblock/749/xx6j5pedd1dgwg2a1qm0b8s58z9nsoqo.jpg/,https://xn--18-6kc5a3bxam.xn--p1ai/,Популярные услуги,404,BROKEN_TARGET
https://xn--18-6kc5a3bxam.xn--p1ai/upload/iblock/5e3/h8u5tmx1zra33a74i0kwsdyaiq7g38vz/kruzhka_aurora_soft.png/,https://xn--18-6kc5a3bxam.xn--p1ai/,Популярные услуги,404,BROKEN_TARGET
https://xn--18-6kc5a3bxam.xn--p1ai/upload/iblock/3e9/zmp4l2xit6e2pl5wfc3qbbacz8kifn3t/f30291c8_fed7_11ed_ad36_005056ad1cd2_2.jpg/,https://xn--18-6kc5a3bxam.xn--p1ai/,Популярные услуги,404,BROKEN_TARGET
https://xn--18-6kc5a3bxam.xn--p1ai/upload/iblock/1be/m1rpph6pchujc9mws5q1v9et9xfeaax0/tablichka_dlya_oplaty_s_qr_kodom_na_bruske_tipografia_cifra18_izhevs.jpg,https://xn--18-6kc5a3bxam.xn--p1ai/catalog/suvenirnaya-produktsiya/futbolki/korobki-dlya-futbolok/,С этим товаром покупают,301,TYPO_IN_URL
https://xn--18-6kc5a3bxam.xn--p1ai/upload/iblock/1be/m1rpph6pchujc9mws5q1v9et9xfeaax0/tablichka_dlya_oplaty_s_qr_kodom_na_bruske_tipografia_cifra18_izhevs.jpg,https://xn--18-6kc5a3bxam.xn--p1ai/catalog/suvenirnaya-produktsiya/futbolki/,от ₽. Табличка для оплаты с QR кодом на бруске.,301,TYPO_IN_URL
https://xn--18-6kc5a3bxam.xn--p1ai/upload/iblock/023/mock9v8ncxts1cwqr575ivnou7vnwp3w.jpg,https://xn--18-6kc5a3bxam.xn--p1ai/catalog/mobilnye-stendy/roll-up-1-2x2-m/,"Ролл-ап 1.2х2 метра служит точкой взаимодействия с вашими потенциальными клиентами. Благодаря большому размеру, вы можете разместить на нем всю необходимую информацию... Сроки изготовления. Требования",301,
https://xn--18-6kc5a3bxam.xn--p1ai/upload/iblock/023/mock9v8ncxts1cwqr575ivnou7vnwp3w.jpg,https://xn--18-6kc5a3bxam.xn--p1ai/catalog/mobilnye-stendy/roll-up-1x2-m/,6. 5. 4. 3. 2. 1.,301,
https://xn--18-6kc5a3bxam.xn--p1ai/upload/iblock/94b/dafedtnny2phw6rb1rsqm8fg6pae2zq2.jpg/,https://xn--18-6kc5a3bxam.xn--p1ai/catalog/suvenirnaya-produktsiya/pechat-na-kruzhkakh/belaya-kruzhka-330ml/,"Недорого, срочно, качественно. Цена от 300 руб. Доставка по РФ. Сувенирная продукция / Кружки, термосы, термостаканы, Белая кружка 330мл. Типография Цифра18.рф г. Ижевск. Недорого, срочно, качественно",404,BROKEN_TARGET
https://xn--18-6kc5a3bxam.xn--p1ai/upload/iblock/94b/dafedtnny2phw6rb1rsqm8fg6pae2zq2.jpg/,https://xn--18-6kc5a3bxam.xn--p1ai/catalog/suvenirnaya-produktsiya/pechat-na-kruzhkakh/belaya-kruzhka-330ml/,"Недорого, срочно, качественно. Цена от 300 руб. Доставка по РФ. Сувенирная продукция / Кружки, термосы, термостаканы, Белая кружка 330мл. Типография Цифра18.рф ...",404,BROKEN_TARGET
https://xn--18-6kc5a3bxam.xn--p1ai/upload/iblock/94b/dafedtnny2phw6rb1rsqm8fg6pae2zq2.jpg/,https://xn--18-6kc5a3bxam.xn--p1ai/catalog/suvenirnaya-produktsiya/pechat-na-kruzhkakh/belaya-kruzhka-330ml/,Белая кружка 330мл Цифра18.рф,404,BROKEN_TARGET
https://xn--18-6kc5a3bxam.xn--p1ai/upload/iblock/94b/dafedtnny2phw6rb1rsqm8fg6pae2zq2.jpg/,https://xn--18-6kc5a3bxam.xn--p1ai/catalog/suvenirnaya-produktsiya/pechat-na-kruzhkakh/belaya-kruzhka-330ml/,"ОК. Наши менеджеры скоро свяжутся с вами. передачей и... Спасибо! Отправьте заявку и наш менеджер свяжется с вами. Ваше имя. Ваш e-mail. Телефон. Отправив форму, я соглашаюсь с.",404,BROKEN_TARGET
https://xn--18-6kc5a3bxam.xn--p1ai/upload/iblock/bf1/vbedvrea8s8g73696uqx6kerk0odzf83.jpg,https://xn--18-6kc5a3bxam.xn--p1ai/catalog/poligrafiya/listovki-ofsetnaya-pechat/liflet-2-faltsa-ofsetnaya-pechat/,"ОК. Наши менеджеры скоро свяжутся с вами. передачей и... Спасибо! Отправьте заявку и наш менеджер свяжется с вами. Ваше имя. Ваш e-mail. Телефон. Отправив форму, я соглашаюсь с.",301,
https://xn--18-6kc5a3bxam.xn--p1ai/upload/iblock/9a7/7ra6w25nmvbiqnns51vu5ftjorg5ji38/beydzh_laminirovannyy_tipografia_cifra18_izhevsk.jpg,https://xn--18-6kc5a3bxam.xn--p1ai/catalog/poligrafiya/beydzhi/beydzh-laminirovannyy/,"Ламинированный бейдж- самый бюджетный вариант изготовления бейджиков, не требующий больших трудо- и энергозатрат. Подобный вариант бейджиков подходит для кратковременных проведений деловых встреч, кон",301,
https://xn--18-6kc5a3bxam.xn--p1ai/upload/iblock/9a7/7ra6w25nmvbiqnns51vu5ftjorg5ji38/beydzh_laminirovannyy_tipografia_cifra18_izhevsk.jpg,https://xn--18-6kc5a3bxam.xn--p1ai/catalog/poligrafiya/beydzhi/beydzh-laminirovannyy/,Бейджи. Полиграфия. Главная. Каталог.,301,
https://xn--18-6kc5a3bxam.xn--p1ai/upload/iblock/9a7/7ra6w25nmvbiqnns51vu5ftjorg5ji38/beydzh_laminirovannyy_tipografia_cifra18_izhevsk.jpg,https://xn--18-6kc5a3bxam.xn--p1ai/catalog/poligrafiya/beydzhi/beydzh-laminirovannyy/,типография ижевск,301,
https://xn--18-6kc5a3bxam.xn--p1ai/upload/iblock/9a7/7ra6w25nmvbiqnns51vu5ftjorg5ji38/beydzh_laminirovannyy_tipografia_cifra18_izhevsk.jpg,https://xn--18-6kc5a3bxam.xn--p1ai/catalog/poligrafiya/beydzhi/beydzh-laminirovannyy/,"ОК. Наши менеджеры скоро свяжутся с вами. передачей и... Спасибо! Ламинированный бейдж- самый бюджетный вариант изготовления бейджиков, не требующий больших трудо- и энергозатрат. Подобный вариант бей",301,
https://xn--18-6kc5a3bxam.xn--p1ai/upload/iblock/9a7/7ra6w25nmvbiqnns51vu5ftjorg5ji38/beydzh_laminirovannyy_tipografia_cifra18_izhevsk.jpg,https://xn--18-6kc5a3bxam.xn--p1ai/catalog/poligrafiya/beydzhi/beydzh-laminirovannyy/,"Ламинированный бейдж- самый бюджетный вариант изготовления бейджиков, не требующий больших трудо- и энергозатрат. Подобный вариант бейджиков подходит для кратко...",301,
https://xn--18-6kc5a3bxam.xn--p1ai/upload/iblock/9a7/7ra6w25nmvbiqnns51vu5ftjorg5ji38/beydzh_laminirovannyy_tipografia_cifra18_izhevsk.jpg,https://xn--18-6kc5a3bxam.xn--p1ai/catalog/poligrafiya/beydzhi/beydzh-laminirovannyy/,"Ламинированный бейдж- самый бюджетный вариант изготовления бейджиков, не требующий больших трудо- и энергозатрат. Подобный вариант бейджиков подходит для кратковременных проведений деловых... Сроки из",301,
https://xn--18-6kc5a3bxam.xn--p1ai/upload/iblock/9a7/7ra6w25nmvbiqnns51vu5ftjorg5ji38/beydzh_laminirovannyy_tipografia_cifra18_izhevsk.jpg,https://xn--18-6kc5a3bxam.xn--p1ai/catalog/poligrafiya/beydzhi/beydzh-laminirovannyy/,Бейдж ламинированный Цифра18.рф,301,
https://xn--18-6kc5a3bxam.xn--p1ai/upload/iblock/9a7/7ra6w25nmvbiqnns51vu5ftjorg5ji38/beydzh_laminirovannyy_tipografia_cifra18_izhevsk.jpg,https://xn--18-6kc5a3bxam.xn--p1ai/catalog/poligrafiya/beydzhi/,от ₽. Бейдж ламинированный.,301,
https://xn--18-6kc5a3bxam.xn--p1ai/upload/iblock/9a7/7ra6w25nmvbiqnns51vu5ftjorg5ji38/beydzh_laminirovannyy_tipografia_cifra18_izhevsk.jpg,https://xn--18-6kc5a3bxam.xn--p1ai/catalog/poligrafiya/beydzhi/,Главная,301,
https://xn--18-6kc5a3bxam.xn--p1ai/upload/iblock/9a7/7ra6w25nmvbiqnns51vu5ftjorg5ji38/beydzh_laminirovannyy_tipografia_cifra18_izhevsk.jpg,https://xn--18-6kc5a3bxam.xn--p1ai/catalog/poligrafiya/beydzhi/,Бейджи,301,
https://xn--18-6kc5a3bxam.xn--p1ai/upload/iblock/9a7/7ra6w25nmvbiqnns51vu5ftjorg5ji38/beydzh_laminirovannyy_tipografia_cifra18_izhevsk.jpg,https://xn--18-6kc5a3bxam.xn--p1ai/catalog/poligrafiya/,Полиграфия,301,
https://xn--18-6kc5a3bxam.xn--p1ai/upload/iblock/9a7/7ra6w25nmvbiqnns51vu5ftjorg5ji38/beydzh_laminirovannyy_tipografia_cifra18_izhevsk.jpg,https://xn--18-6kc5a3bxam.xn--p1ai/catalog/,Каталог,301,
https://xn--18-6kc5a3bxam.xn--p1ai/upload/iblock/419/x1mcndo9if2gyevt3gai2vd9ryod6tg3.jpg/,https://xn--18-6kc5a3bxam.xn--p1ai/catalog/poligrafiya/pechat-na-samokleyashchikhsya-materialakh/golograficheskie-nakleyki/,Сумка шоппер белая. от ₽.,404,BROKEN_TARGET
https://xn--18-6kc5a3bxam.xn--p1ai/upload/iblock/bf1/vbedvrea8s8g73696uqx6kerk0odzf83.jpg,https://xn--18-6kc5a3bxam.xn--p1ai/catalog/poligrafiya/listovki-ofsetnaya-pechat/liflet-2-faltsa-ofsetnaya-pechat/,Оперативная офсетная печать лифлетов и буклетов. ТипографияЦИФРА предлагает быстрый онлайн-заказ на печать лифлетов и буклетов.Основное отличие лифлета от б...,301,
https://xn--18-6kc5a3bxam.xn--p1ai/upload/iblock/bf1/vbedvrea8s8g73696uqx6kerk0odzf83.jpg,https://xn--18-6kc5a3bxam.xn--p1ai/catalog/poligrafiya/listovki-ofsetnaya-pechat/liflet-2-faltsa-ofsetnaya-pechat/,Лифлет (2 фальца) офсетная печать Цифра18.рф,301,
https://xn--18-6kc5a3bxam.xn--p1ai/upload/iblock/bf1/vbedvrea8s8g73696uqx6kerk0odzf83.jpg,https://xn--18-6kc5a3bxam.xn--p1ai/catalog/poligrafiya/listovki-ofsetnaya-pechat/liflet-2-faltsa-ofsetnaya-pechat/,"Оперативная офсетная печать лифлетов и буклетов. Типография ЦИФРА предлагает быстрый онлайн-заказ на печать лифлетов и буклетов. Основное отличие лифлета от буклета: буклет скрепляется, лифлет - нет. ",301,
https://xn--18-6kc5a3bxam.xn--p1ai/upload/iblock/749/xx6j5pedd1dgwg2a1qm0b8s58z9nsoqo.jpg/,https://xn--18-6kc5a3bxam.xn--p1ai/catalog/interer/postery2/,от ₽. Белая кружка/цветная ручка/дно 330мл.,404,BROKEN_TARGET
https://xn--18-6kc5a3bxam.xn--p1ai/upload/iblock/94b/dafedtnny2phw6rb1rsqm8fg6pae2zq2.jpg/,https://xn--18-6kc5a3bxam.xn--p1ai/catalog/poligrafiya/uf-pechat1/uf-pechat-do-a5-210-kh-150-mm1721241/,Каталог,404,BROKEN_TARGET
https://xn--18-6kc5a3bxam.xn--p1ai/upload/iblock/419/x1mcndo9if2gyevt3gai2vd9ryod6tg3.jpg/,https://xn--18-6kc5a3bxam.xn--p1ai/catalog/poligrafiya/uf-pechat1/uf-pechat-do-a5-210-kh-150-mm1721241/,Каталог,404,BROKEN_TARGET
https://xn--18-6kc5a3bxam.xn--p1ai/upload/iblock/cd9/ktuc84zeb2f1hxcmjfp4pd4865t4raka/13303.40_7.jpg/,https://xn--18-6kc5a3bxam.xn--p1ai/catalog/suvenirnaya-produktsiya/pechat-na-kruzhkakh/,"С этим товаром покупают. Кружки, термосы, термостаканы.",404,BROKEN_TARGET
https://xn--18-6kc5a3bxam.xn--p1ai/upload/iblock/2ab/8vktna95fb6u3qvwv6alwnlonxaze4lj/vizitki_na_chernom_kartone.jpg,https://xn--18-6kc5a3bxam.xn--p1ai/catalog/suvenirnaya-produktsiya/pechat-na-kruzhkakh/,Визитки на черном картоне. от ₽.,301,TYPO_IN_URL
https://xn--18-6kc5a3bxam.xn--p1ai/upload/iblock/527/s6yo16h6izfmhnyuy7t2eq4jw282nj4p/4f16f24f622f72f74bef47c22203224d.jpg/,https://xn--18-6kc5a3bxam.xn--p1ai/catalog/suvenirnaya-produktsiya/pechat-na-kruzhkakh/,Похожие товары,404,BROKEN_TARGET
https://xn--18-6kc5a3bxam.xn--p1ai/upload/iblock/527/s6yo16h6izfmhnyuy7t2eq4jw282nj4p/4f16f24f622f72f74bef47c22203224d.jpg,https://xn--18-6kc5a3bxam.xn--p1ai/catalog/suvenirnaya-produktsiya/pechat-na-kruzhkakh/,Похожие товары,301,TYPO_IN_URL
https://xn--18-6kc5a3bxam.xn--p1ai/upload/iblock/06c/zqspo8z2ulsxe83l9zuszzr51wry7fnv.jpg/,https://xn--18-6kc5a3bxam.xn--p1ai/catalog/suvenirnaya-produktsiya/pechat-na-kruzhkakh/,Похожие товары,404,BROKEN_TARGET
https://xn--18-6kc5a3bxam.xn--p1ai/upload/iblock/e12/xgls4xhxlfw8hayewt0yqsooj69plryz/3d320063400587.5aafcf919171f.jpg/,https://xn--18-6kc5a3bxam.xn--p1ai/catalog/suvenirnaya-produktsiya/pechat-na-kruzhkakh/,Похожие товары,404,BROKEN_TARGET
https://xn--18-6kc5a3bxam.xn--p1ai/upload/iblock/5e3/h8u5tmx1zra33a74i0kwsdyaiq7g38vz/kruzhka_aurora_soft.png/,https://xn--18-6kc5a3bxam.xn--p1ai/catalog/suvenirnaya-produktsiya/pechat-na-kruzhkakh/kruzhka-aurora-soft-tach/,"ОК. Наши менеджеры скоро свяжутся с вами. передачей и... Спасибо! 7. 6. 5. 4. 3. 2. 1. Отправьте заявку и наш менеджер свяжется с вами. Ваше имя. Ваш e-mail. Телефон. Отправив форму, я соглашаюсь с.",404,BROKEN_TARGET
https://xn--18-6kc5a3bxam.xn--p1ai/upload/iblock/94b/dafedtnny2phw6rb1rsqm8fg6pae2zq2.jpg/,https://xn--18-6kc5a3bxam.xn--p1ai/catalog/,от ₽. Белая кружка 330мл.,404,BROKEN_TARGET
https://xn--18-6kc5a3bxam.xn--p1ai/upload/iblock/4ec/pjvoymz3x2a8n2v1to546ufkmzywx3j8.png,https://xn--18-6kc5a3bxam.xn--p1ai/catalog/poligrafiya/vizitki/vizitki-s-laminatsiey-soft-tach/,типография ижевск,301,
https://xn--18-6kc5a3bxam.xn--p1ai/upload/iblock/4ec/pjvoymz3x2a8n2v1to546ufkmzywx3j8.png,https://xn--18-6kc5a3bxam.xn--p1ai/catalog/poligrafiya/vizitki/vizitki-s-laminatsiey-soft-tach/,Визитки с ламинацией софт тач Цифра18.рф,301,
https://xn--18-6kc5a3bxam.xn--p1ai/upload/iblock/4ec/pjvoymz3x2a8n2v1to546ufkmzywx3j8.png,https://xn--18-6kc5a3bxam.xn--p1ai/catalog/poligrafiya/vizitki/vizitki-s-laminatsiey-soft-tach/,"Недорого, срочно, качественно. Цена от 6 руб. Доставка по РФ. Полиграфия / Визитки, Визитки с ламинацией софт тач. Типография Цифра18.рф г. Ижевск. типография ижевск.",301,
https://xn--18-6kc5a3bxam.xn--p1ai/upload/iblock/4ec/pjvoymz3x2a8n2v1to546ufkmzywx3j8.png,https://xn--18-6kc5a3bxam.xn--p1ai/catalog/poligrafiya/vizitki/vizitki-s-laminatsiey-soft-tach/,"Недорого, срочно, качественно. Цена от 6 руб. Доставка по РФ. Полиграфия / Визитки, Визитки с ламинацией софт тач. Типография Цифра18.рф г. Ижевск",301,
https://xn--18-6kc5a3bxam.xn--p1ai/upload/iblock/4ec/pjvoymz3x2a8n2v1to546ufkmzywx3j8.png,https://xn--18-6kc5a3bxam.xn--p1ai/catalog/poligrafiya/vizitki/vizitki-s-laminatsiey-soft-tach/,ОК. Наши менеджеры скоро свяжутся с вами. передачей и... Спасибо! Сроки изготовления. Отправьте заявку и наш менеджер свяжется с вами. Ваше имя. Требования к макетам. Ваш e-mail. Телефон. Отправив фор,301,
https://xn--18-6kc5a3bxam.xn--p1ai/upload/iblock/937/x2lsjn3ujh0x9s9k7vt0cluk70s2302c.jpg,https://xn--18-6kc5a3bxam.xn--p1ai/catalog/suvenirnaya-produktsiya/pechat-na-usb-ustroystvakh/pechat-na-fleshkakh8255/,"Флешка визитка (флешка- визитка, флешка кредитка) с нанесением логотипа - современный корпоративный подарок для Ваших партнеров или коллег! Флешка в форме визит...",301,TYPO_IN_URL
https://xn--18-6kc5a3bxam.xn--p1ai/upload/iblock/937/x2lsjn3ujh0x9s9k7vt0cluk70s2302c.jpg,https://xn--18-6kc5a3bxam.xn--p1ai/catalog/suvenirnaya-produktsiya/pechat-na-usb-ustroystvakh/pechat-na-fleshkakh8255/,типография ижевск,301,TYPO_IN_URL
https://xn--18-6kc5a3bxam.xn--p1ai/upload/iblock/749/xx6j5pedd1dgwg2a1qm0b8s58z9nsoqo.jpg/,https://xn--18-6kc5a3bxam.xn--p1ai/catalog/suvenirnaya-produktsiya/pechat-na-kruzhkakh/belaya-kruzhka-tsvetnaya-ruchka-dno-330ml/,Белая кружка/цветная ручка/дно 330мл Цифра18.рф,404,BROKEN_TARGET
https://xn--18-6kc5a3bxam.xn--p1ai/upload/iblock/749/xx6j5pedd1dgwg2a1qm0b8s58z9nsoqo.jpg/,https://xn--18-6kc5a3bxam.xn--p1ai/catalog/suvenirnaya-produktsiya/pechat-na-kruzhkakh/belaya-kruzhka-tsvetnaya-ruchka-dno-330ml/,"Недорого, срочно, качественно. Цена от 350 руб. Доставка по РФ. Сувенирная продукция / Кружки, термосы, термостаканы, Белая кружка/цветная ручка/дно 330мл. Типо. типография ижевск. Недорого, срочно, к",404,BROKEN_TARGET
https://xn--18-6kc5a3bxam.xn--p1ai/upload/iblock/749/xx6j5pedd1dgwg2a1qm0b8s58z9nsoqo.jpg/,https://xn--18-6kc5a3bxam.xn--p1ai/catalog/suvenirnaya-produktsiya/pechat-na-kruzhkakh/belaya-kruzhka-tsvetnaya-ruchka-dno-330ml/,"Недорого, срочно, качественно. Цена от 350 руб. Доставка по РФ. Сувенирная продукция / Кружки, термосы, термостаканы, Белая кружка/цветная ручка/дно 330мл. Типо...",404,BROKEN_TARGET
https://xn--18-6kc5a3bxam.xn--p1ai/upload/iblock/419/x1mcndo9if2gyevt3gai2vd9ryod6tg3.jpg/,https://xn--18-6kc5a3bxam.xn--p1ai/catalog/suvenirnaya-produktsiya/sumka-shopper/sumka-shopper-belaya-/,"Недорого, срочно, качественно. Цена от 600 руб. Доставка по РФ. Сувенирная продукция / Сумка-шоппер, Сумка шоппер белая . Типография Цифра18.рф г. Ижевск",404,BROKEN_TARGET
https://xn--18-6kc5a3bxam.xn--p1ai/upload/iblock/419/x1mcndo9if2gyevt3gai2vd9ryod6tg3.jpg/,https://xn--18-6kc5a3bxam.xn--p1ai/catalog/suvenirnaya-produktsiya/sumka-shopper/sumka-shopper-belaya-/,"ОК. Наши менеджеры скоро свяжутся с вами. Вместительная и прочная сумка-шоппер из белой ткани Герда 250гр. Принт наносится методом сублимации, что делает его более долговечным и презентабельным. Издел",404,BROKEN_TARGET
https://xn--18-6kc5a3bxam.xn--p1ai/upload/iblock/419/x1mcndo9if2gyevt3gai2vd9ryod6tg3.jpg/,https://xn--18-6kc5a3bxam.xn--p1ai/catalog/suvenirnaya-produktsiya/sumka-shopper/sumka-shopper-belaya-/,"Вместительная и прочная сумка-шоппер из белой ткани Герда 250гр. Принт наносится методом сублимации, что делает его более долговечным и презентабельным. Изделие... Сроки изготовления. Требования к мак",404,BROKEN_TARGET
https://xn--18-6kc5a3bxam.xn--p1ai/wp-content/uploads/2019/08/pechat-na-chernyh-ruchkah-kraft-dlja-coffee-7eb2322.jpg,https://xn--18-6kc5a3bxam.xn--p1ai/news/pechat-na-chernykh-ruchkakh-kraft-dlya-coffee-/,"Печать на черных ручках крафт для Coffee Like ...................... Пишите: https://vk.com/cifraprint18 Звоните: +79658423241, 32-32-41 Приходите: 7 подлесная 34, Ижевск Печать на черных ручках крафт",301,
https://xn--18-6kc5a3bxam.xn--p1ai/upload/iblock/0b6/wir6mqsm0cv9jjfbbj1brcjh911wmcw6.jpg/,https://xn--18-6kc5a3bxam.xn--p1ai/catalog/suvenirnaya-produktsiya/sumka-shopper/sumka-shopper-bezhevaya-/,"Недорого, срочно, качественно. Цена от 600 руб. Доставка по РФ. Сувенирная продукция / Сумка-шоппер, Сумка шоппер бежевая . Типография Цифра18.рф г. Ижевск",404,BROKEN_TARGET
https://xn--18-6kc5a3bxam.xn--p1ai/upload/iblock/0b6/wir6mqsm0cv9jjfbbj1brcjh911wmcw6.jpg/,https://xn--18-6kc5a3bxam.xn--p1ai/catalog/suvenirnaya-produktsiya/sumka-shopper/sumka-shopper-bezhevaya-/,"ОК. Наши менеджеры скоро свяжутся с вами. Удобная и вместительная сумка-шоппер из 100% хлопка. Выполнена из экологичной хлопчатобумажной ткани (холщовая ткань). Рисунок нанесен экологичными чернилами,",404,BROKEN_TARGET
https://xn--18-6kc5a3bxam.xn--p1ai/upload/iblock/024/zhmfjlwd020youjtg8x7jfva09vohj6k.jpg/,https://xn--18-6kc5a3bxam.xn--p1ai/catalog/poligrafiya/tsifrovaya-pechat/,от ₽. Табличка для оплаты с QR кодом на бруске.,404,BROKEN_TARGET
https://xn--18-6kc5a3bxam.xn--p1ai/upload/iblock/024/zhmfjlwd020youjtg8x7jfva09vohj6k.jpg/,https://xn--18-6kc5a3bxam.xn--p1ai/catalog/suvenirnaya-produktsiya/tablichka-dlya-oplaty-s-qr-kodom/tablichka-dlya-oplaty-s-qr-kodom-na-bruske/,Табличка для оплаты с QR кодом на бруске Цифра18.рф,404,BROKEN_TARGET
https://xn--18-6kc5a3bxam.xn--p1ai/upload/iblock/024/zhmfjlwd020youjtg8x7jfva09vohj6k.jpg/,https://xn--18-6kc5a3bxam.xn--p1ai/catalog/suvenirnaya-produktsiya/tablichka-dlya-oplaty-s-qr-kodom/tablichka-dlya-oplaty-s-qr-kodom-na-bruske/,Сувенирная продукция. Табличка для оплаты с QR кодом. Главная. Каталог.,404,BROKEN_TARGET
https://xn--18-6kc5a3bxam.xn--p1ai/upload/iblock/024/zhmfjlwd020youjtg8x7jfva09vohj6k.jpg/,https://xn--18-6kc5a3bxam.xn--p1ai/catalog/suvenirnaya-produktsiya/tablichka-dlya-oplaty-s-qr-kodom/tablichka-dlya-oplaty-s-qr-kodom-na-bruske/,"Недорого, срочно, качественно. Цена отруб. Доставка по РФ. Сувенирная продукция / Табличка для оплаты с QR кодом, Табличка для оплаты с QR кодом на бруске. Ти...",404,BROKEN_TARGET
https://xn--18-6kc5a3bxam.xn--p1ai/upload/iblock/024/zhmfjlwd020youjtg8x7jfva09vohj6k.jpg/,https://xn--18-6kc5a3bxam.xn--p1ai/catalog/suvenirnaya-produktsiya/tablichka-dlya-oplaty-s-qr-kodom/tablichka-dlya-oplaty-s-qr-kodom-na-bruske/,"Недорого, срочно, качественно. Цена отруб. Доставка по РФ. Сувенирная продукция / Табличка для оплаты с QR кодом, Табличка для оплаты с QR кодом на бруске. Ти. типография ижевск. Недорого, срочно, кач",404,BROKEN_TARGET
https://xn--18-6kc5a3bxam.xn--p1ai/upload/iblock/024/zhmfjlwd020youjtg8x7jfva09vohj6k.jpg/,https://xn--18-6kc5a3bxam.xn--p1ai/catalog/suvenirnaya-produktsiya/tablichka-dlya-oplaty-s-qr-kodom/,С этим товаром покупают. Табличка для оплаты с QR кодом.,404,BROKEN_TARGET
