URL,HTTP_Code,Status,Last_Access,Title,Meta_Description
https://xn--18-6kc5a3bxam.xn--p1ai/110045811.html,200,OTHER,26.03.2025,,
https://xn--18-6kc5a3bxam.xn--p1ai/111802257.html,200,OTHER,26.03.2025,,
https://xn--18-6kc5a3bxam.xn--p1ai/111949167.html,200,OTHER,26.03.2025,,
https://xn--18-6kc5a3bxam.xn--p1ai/11207253.html,200,OTHER,26.03.2025,,
https://xn--18-6kc5a3bxam.xn--p1ai/11319303.html,200,OTHER,26.03.2025,,
https://xn--18-6kc5a3bxam.xn--p1ai/114212826.html,200,OTHER,26.03.2025,,
https://xn--18-6kc5a3bxam.xn--p1ai/114771084.html,200,OTHER,26.03.2025,,
https://xn--18-6kc5a3bxam.xn--p1ai/117345744.html,200,OTHER,26.03.2025,,
https://xn--18-6kc5a3bxam.xn--p1ai/123942003.html,200,OTHER,26.03.2025,,
https://xn--18-6kc5a3bxam.xn--p1ai/138830709.html,200,OTHER,26.03.2025,,
https://xn--18-6kc5a3bxam.xn--p1ai/140671317.html,200,OTHER,26.03.2025,,
https://xn--18-6kc5a3bxam.xn--p1ai/14723880.html,200,OTHER,26.03.2025,,
https://xn--18-6kc5a3bxam.xn--p1ai/150775737.html,200,OTHER,26.03.2025,,
https://xn--18-6kc5a3bxam.xn--p1ai/217108341.html,200,OTHER,02.05.2025,,
https://xn--18-6kc5a3bxam.xn--p1ai/218322714.html,200,OTHER,01.05.2025,,
https://xn--18-6kc5a3bxam.xn--p1ai/225464781.html,200,OTHER,30.04.2025,,
https://xn--18-6kc5a3bxam.xn--p1ai/227875848.html,200,OTHER,03.05.2025,,
https://xn--18-6kc5a3bxam.xn--p1ai/23090280.html,200,OTHER,02.05.2025,,
https://xn--18-6kc5a3bxam.xn--p1ai/231302586.html,200,OTHER,30.04.2025,,
https://xn--18-6kc5a3bxam.xn--p1ai/232879503.html,200,OTHER,02.05.2025,,
https://xn--18-6kc5a3bxam.xn--p1ai/235954902.html,200,OTHER,01.05.2025,,
https://xn--18-6kc5a3bxam.xn--p1ai/246707469.html,200,OTHER,01.05.2025,,
https://xn--18-6kc5a3bxam.xn--p1ai/248600367.html,200,OTHER,03.05.2025,,
https://xn--18-6kc5a3bxam.xn--p1ai/251668047.html,200,OTHER,02.05.2025,,
https://xn--18-6kc5a3bxam.xn--p1ai/252006936.html,200,OTHER,01.05.2025,,
https://xn--18-6kc5a3bxam.xn--p1ai/253937433.html,200,OTHER,30.04.2025,,
https://xn--18-6kc5a3bxam.xn--p1ai/254267358.html,200,OTHER,02.05.2025,,
https://xn--18-6kc5a3bxam.xn--p1ai/374615532.html,302,OTHER,01.06.2025,,
https://xn--18-6kc5a3bxam.xn--p1ai/597878145.html,302,OTHER,01.06.2025,,
https://xn--18-6kc5a3bxam.xn--p1ai/660397563.html,200,OTHER,06.05.2025,,
https://xn--18-6kc5a3bxam.xn--p1ai/660568128.html,200,OTHER,05.05.2025,,
https://xn--18-6kc5a3bxam.xn--p1ai/721581843.html,200,OTHER,02.05.2025,,
https://xn--18-6kc5a3bxam.xn--p1ai/722779284.html,200,OTHER,30.04.2025,,
https://xn--18-6kc5a3bxam.xn--p1ai/catalog/detail.php?ID=52,200,OTHER,18.08.2026,,
https://xn--18-6kc5a3bxam.xn--p1ai/catalog/detail.php?ID=58,200,OTHER,25.07.2026,,
https://xn--18-6kc5a3bxam.xn--p1ai/catalog/detail.php?ID=68,200,OTHER,25.07.2026,,
https://xn--18-6kc5a3bxam.xn--p1ai/catalog/inzhenernaya-pechat/broshyurovka/pereplet-na-plastikovuyu-pruzhinu/,200,OTHER,08.08.2026,,
https://xn--18-6kc5a3bxam.xn--p1ai/catalog/mobilnye-stendy/roll-up/,200,OTHER,17.08.2026,,
https://xn--18-6kc5a3bxam.xn--p1ai/catalog/mobilnye-stendy/roll-up29504512/,200,OTHER,01.08.2026,,
https://xn--18-6kc5a3bxam.xn--p1ai/catalog/poligrafiya/beydzhi/beydzh-plastikovyy/,200,OTHER,03.09.2026,,
https://xn--18-6kc5a3bxam.xn--p1ai/catalog/poligrafiya/beydzhi/beydzh-plastikovyy2506/,200,OTHER,19.08.2026,,
https://xn--18-6kc5a3bxam.xn--p1ai/catalog/poligrafiya/bloknoty/pechat-bloknotov-a5/,200,OTHER,19.08.2026,,
https://xn--18-6kc5a3bxam.xn--p1ai/catalog/poligrafiya/bloknoty/pechat-bloknotov-a6/,200,OTHER,02.06.2026,,
https://xn--18-6kc5a3bxam.xn--p1ai/catalog/poligrafiya/bloknoty/pechat-bloknotov-a62904/,200,OTHER,06.08.2026,,
https://xn--18-6kc5a3bxam.xn--p1ai/catalog/poligrafiya/laminirovanie/paketnoe-laminirovanie8235/,200,OTHER,19.08.2026,,
https://xn--18-6kc5a3bxam.xn--p1ai/catalog/poligrafiya/listovki-ofsetnaya-pechat/liflet60183579/,200,OTHER,03.09.2026,,
https://xn--18-6kc5a3bxam.xn--p1ai/catalog/poligrafiya/pakety/kraft-pakety9654/,200,OTHER,19.08.2026,,
https://xn--18-6kc5a3bxam.xn--p1ai/catalog/poligrafiya/tsifrovaya-pechat/tsifrovaya-a4/,200,OTHER,19.08.2026,,
https://xn--18-6kc5a3bxam.xn--p1ai/catalog/poligrafiya/vizitki/pechat-standartnykh-vizitok/,200,OTHER,19.08.2026,,
https://xn--18-6kc5a3bxam.xn--p1ai/catalog/poligrafiya/vizitki/vizitki-na-plastike/,200,OTHER,22.08.2026,,
https://xn--18-6kc5a3bxam.xn--p1ai/catalog/reklama-stendy/shirokoformatnaya-pechat/pechat-na-plenke/,200,OTHER,07.07.2026,,
https://xn--18-6kc5a3bxam.xn--p1ai/catalog/reklama-stendy/shirokoformatnaya-pechat/pechat-na-posternoy-bumage/,200,OTHER,03.09.2026,,
https://xn--18-6kc5a3bxam.xn--p1ai/catalog/suvenirnaya-produktsiya/beysbolki-kepki/,200,OTHER,19.08.2026,,
https://xn--18-6kc5a3bxam.xn--p1ai/catalog/suvenirnaya-produktsiya/beysbolki-kepki/futbolka-seriya-revolution52899999/,200,OTHER,19.08.2026,,
https://xn--18-6kc5a3bxam.xn--p1ai/catalog/suvenirnaya-produktsiya/futbolki/futbolka-uniseks-belaya/,200,OTHER,19.07.2026,,
https://xn--18-6kc5a3bxam.xn--p1ai/catalog/suvenirnaya-produktsiya/magnity-vinilovye/vinilovye-magnity-30kh40sm/,200,OTHER,19.08.2026,,
https://xn--18-6kc5a3bxam.xn--p1ai/catalog/suvenirnaya-produktsiya/pechat-na-kruzhkakh/serebryanaya-zolotaya-/,200,OTHER,19.08.2026,,
https://xn--18-6kc5a3bxam.xn--p1ai/catalog/suvenirnaya-produktsiya/shokolad/otkrytka-s-shokoladom/,200,OTHER,13.08.2026,,
https://xn--18-6kc5a3bxam.xn--p1ai/catalog/suvenirnaya-produktsiya/sumka-shopper/sumka-shopper-belaya-tkan-gerda-250gr-pod-sublimatsiyu/,200,OTHER,19.08.2026,,
https://xn--18-6kc5a3bxam.xn--p1ai/catalog/suvenirnaya-produktsiya/suvenirnye-chasy-na-zakaz/suvenirnye-chasy-na-zakaz/,200,OTHER,19.08.2026,,
https://xn--18-6kc5a3bxam.xn--p1ai/product-category/vse-uslugi/reklama/,200,OTHER,25.08.2026,,
https://xn--18-6kc5a3bxam.xn--p1ai/shop/111162016,301,OTHER,03.05.2025,,
https://xn--18-6kc5a3bxam.xn--p1ai/shop/111163244,301,OTHER,03.05.2025,,
https://xn--18-6kc5a3bxam.xn--p1ai/shop/111181200,301,OTHER,03.05.2025,,
https://xn--18-6kc5a3bxam.xn--p1ai/shop/13996,301,OTHER,04.05.2025,,
https://xn--18-6kc5a3bxam.xn--p1ai/shop/22696,301,OTHER,04.05.2025,,
https://xn--18-6kc5a3bxam.xn--p1ai/shop/46470584,301,OTHER,04.05.2025,,
https://xn--18-6kc5a3bxam.xn--p1ai/shop/62402888,301,OTHER,04.05.2025,,
https://xn--18-6kc5a3bxam.xn--p1ai/shop/76482444,301,OTHER,05.05.2025,,
https://xn--18-6kc5a3bxam.xn--p1ai/shop/76492632,301,OTHER,05.05.2025,,
https://xn--18-6kc5a3bxam.xn--p1ai/shop/8916,301,OTHER,04.05.2025,,
https://xn--18-6kc5a3bxam.xn--p1ai/shop/99254508,301,OTHER,04.05.2025,,
