Section,Indexed,Downloaded,Searchable,Indexation_Rate_%
https://цифра18.рф,0,741,100,0
/account,28,3,2,7.1
/docs,27,2,2,7.4
/pdf,26,1,2,7.7
/catalog,831,565,51,6.1
/detail.php,28,11,2,7.1
/inzhenernaya-pechat,28,24,2,7.1
/mobilnye-stendy,16,13,1,6.2
/poligrafiya,342,223,21,6.1
/kalendari,31,19,2,6.5
/pechat-na-samokleyashchikhsya-materialakh,29,20,2,6.9
/vizitki,18,13,1,5.6
/reklama,28,4,2,7.1
/suvenirnaya-produktsiya,340,256,21,6.2
/medali-kubki-nagradnaya-produktsiya,16,13,1,6.2
/pechat-na-kruzhkakh,44,31,3,6.8
/pechat-na-ruchkakh,34,25,2,5.9
/news,142,140,9,6.3
/product,27,0,2,7.4
/shop,388,0,24,6.2
