Query,Avg_Position,Shows_Total,Clicks_Total,CTR_%,Cluster_L1,Cluster_L2,Intent,Target_Page,Status
+7905874-00-85,5.0,1,0,0.0,TODO,TODO,TODO,TODO,TODO
1 рекл,7.44,5,0,0.0,TODO,TODO,TODO,TODO,TODO
1 рекл нет,7.5,2,0,0.0,TODO,TODO,TODO,TODO,TODO
105г печать,13.0,1,0,0.0,TODO,TODO,TODO,TODO,TODO
18 принт,9.0,1,0,0.0,TODO,TODO,TODO,TODO,TODO
18 цифрами,8.0,1,0,0.0,TODO,TODO,TODO,TODO,TODO
1рекл,10.0,1,0,0.0,TODO,TODO,TODO,TODO,TODO
2) мобильные стенды – 2 шт. общий размер стенда: 114 см x 94 см основное полотно изготовлено из пробки бежевого цвета. рамка стенда темно-коричневого цвета.,6.0,1,0,0.0,TODO,TODO,TODO,TODO,TODO
2027-18,11.0,1,0,0.0,TODO,TODO,TODO,TODO,TODO
"5*7 см для магнитиков, размер фото",12.0,1,0,0.0,TODO,TODO,TODO,TODO,TODO
50 на 70 печать ижевск,5.0,1,0,0.0,TODO,TODO,TODO,TODO,TODO
7 небо типография,6.0,1,0,0.0,TODO,TODO,TODO,TODO,TODO
7 подлесная 34,8.33,3,0,0.0,TODO,TODO,TODO,TODO,TODO
7 подлесная 7,11.0,1,0,0.0,TODO,TODO,TODO,TODO,TODO
<принт> <принт> в ижевске типографика,9.0,1,0,0.0,TODO,TODO,TODO,TODO,TODO
<принт> в ижевске типографика,11.0,1,0,0.0,TODO,TODO,TODO,TODO,TODO
a cards ижевск,12.0,1,0,0.0,TODO,TODO,TODO,TODO,TODO
hp может или нет печатать белым тонером башкирский стр ижевск,7.0,1,0,0.0,TODO,TODO,TODO,TODO,TODO
inari.pro официальный сайт мобильные стенды,13.0,1,0,0.0,TODO,TODO,TODO,TODO,TODO
informa ижевск,5.0,1,0,0.0,TODO,TODO,TODO,TODO,TODO
l banner,10.5,2,0,0.0,TODO,TODO,TODO,TODO,TODO
printexpro ижевск,13.0,1,0,0.0,TODO,TODO,TODO,TODO,TODO
а цифра ролл ап,3.0,2,0,0.0,TODO,TODO,TODO,TODO,TODO
а-цифра печать ручек,6.0,1,0,0.0,TODO,TODO,TODO,TODO,TODO
а2 ижевск,8.0,1,0,0.0,TODO,TODO,TODO,TODO,TODO
а5 ижевск,6.0,1,0,0.0,TODO,TODO,TODO,TODO,TODO
автоматическая типография,6.0,1,0,0.0,TODO,TODO,TODO,TODO,TODO
авторские изделия визитки,11.0,1,0,0.0,TODO,TODO,TODO,TODO,TODO
адреса где делают ламинирование документов,12.0,1,0,0.0,TODO,TODO,TODO,TODO,TODO
акция на печать календарей,7.0,1,0,0.0,TODO,TODO,TODO,TODO,TODO
аренда баннера для мобильной сцены ижевск,12.0,1,0,0.0,TODO,TODO,TODO,TODO,TODO
аренда конструкции для ролл-апа,10.0,1,0,0.0,TODO,TODO,TODO,TODO,TODO
аренда стойки для баннера ижевск,6.5,2,0,0.0,TODO,TODO,TODO,TODO,TODO
ашан ижевск печать,11.0,1,0,0.0,TODO,TODO,TODO,TODO,TODO
баннерные стенды,12.0,1,0,0.0,TODO,TODO,TODO,TODO,TODO
бейдж на заказ,7.0,1,0,0.0,TODO,TODO,TODO,TODO,TODO
бейдж сотрудника пятерочки с полосой,11.0,1,0,0.0,TODO,TODO,TODO,TODO,TODO
бейджи.на заказ ижевск,2.0,1,0,0.0,TODO,TODO,TODO,TODO,TODO
бейджик ижевск на заказ,2.0,1,0,0.0,TODO,TODO,TODO,TODO,TODO
ближайшее место где можно отсканировать документ,11.0,1,0,0.0,TODO,TODO,TODO,TODO,TODO
блинтовое тиснение на ежедневниках,46.0,1,0,0.0,TODO,TODO,TODO,TODO,TODO
блокнот на заказ,8.5,4,0,0.0,TODO,TODO,TODO,TODO,TODO
блокноты на заказ,12.0,1,0,0.0,TODO,TODO,TODO,TODO,TODO
блокноты печать цена,8.0,1,0,0.0,TODO,TODO,TODO,TODO,TODO
в каком печатном салоне можно распечатать а3 формат в ижевске,6.0,1,0,0.0,TODO,TODO,TODO,TODO,TODO
виды ролапов в аренду,5.0,1,0,0.0,TODO,TODO,TODO,TODO,TODO
визитка,9.25,3,0,0.0,TODO,TODO,TODO,TODO,TODO
визитка 18 ижевск,7.0,1,0,0.0,TODO,TODO,TODO,TODO,TODO
визитка заказать ижевск,3.0,1,1,100.0,TODO,TODO,TODO,TODO,TODO
визитки,8.33,6,0,0.0,TODO,TODO,TODO,TODO,TODO
визитки ижевск,1.97,73,0,0.0,TODO,TODO,TODO,TODO,TODO
визитки ижевск заказать,3.5,3,0,0.0,TODO,TODO,TODO,TODO,TODO
визитки ижевск заказать дешево,2.0,1,1,100.0,TODO,TODO,TODO,TODO,TODO
визитки печать ижевск,3.0,1,0,0.0,TODO,TODO,TODO,TODO,TODO
волл аренда,9.0,1,0,0.0,TODO,TODO,TODO,TODO,TODO
вы распечатываете фотографии или храните на флешке как ижевск,5.0,1,0,0.0,TODO,TODO,TODO,TODO,TODO
г ижевск где делают именные ежедневники,12.0,1,0,0.0,TODO,TODO,TODO,TODO,TODO
где в ижевске есть фотопечать на кружки,8.0,1,0,0.0,TODO,TODO,TODO,TODO,TODO
где в ижевске можно купить бесшовные фотообои на стену адреса,13.0,1,0,0.0,TODO,TODO,TODO,TODO,TODO
где в ижевске можно распечатать фото-наклейку,10.0,1,0,0.0,TODO,TODO,TODO,TODO,TODO
где делают везитеи на молодёжной,11.0,1,0,0.0,TODO,TODO,TODO,TODO,TODO
где делают копии документов,7.0,1,0,0.0,TODO,TODO,TODO,TODO,TODO
где могут распечатать на цветном принтере в ижевске,11.0,1,0,0.0,TODO,TODO,TODO,TODO,TODO
где можно напечатать брелок со своим принтом в ижевске,6.0,1,0,0.0,TODO,TODO,TODO,TODO,TODO
где можно прошить бейджей х70 в ижевске,2.0,1,0,0.0,TODO,TODO,TODO,TODO,TODO
где можно распечатать а1 формат ижевск,6.0,2,0,0.0,TODO,TODO,TODO,TODO,TODO
где можно распечатать на глянцевой бумаге для журналов в ижевске,11.0,1,0,0.0,TODO,TODO,TODO,TODO,TODO
где можно распечатать постеры,5.0,1,0,0.0,TODO,TODO,TODO,TODO,TODO
где можно распечатать формат а3 в ижевске,5.0,1,0,0.0,TODO,TODO,TODO,TODO,TODO
где можно распечатать чертеж на а1 в ижевске,6.0,1,0,0.0,TODO,TODO,TODO,TODO,TODO
где можно распечатывать на а1 листах ижевск,6.0,1,0,0.0,TODO,TODO,TODO,TODO,TODO
где можно сделать копию документов ижевск,8.0,1,0,0.0,TODO,TODO,TODO,TODO,TODO
где можно сделать ксерокопию ижевск,8.0,1,0,0.0,TODO,TODO,TODO,TODO,TODO
где можно сделать распечатки на цветном принтере,11.0,3,0,0.0,TODO,TODO,TODO,TODO,TODO
где можно сделать распечатки на цветном принтере ижевск,11.0,2,0,0.0,TODO,TODO,TODO,TODO,TODO
где печатать брелки,12.0,1,0,0.0,TODO,TODO,TODO,TODO,TODO
где печатают бумагу,7.5,2,0,0.0,TODO,TODO,TODO,TODO,TODO
где распечатать свое на а4 в ижевске,11.0,1,0,0.0,TODO,TODO,TODO,TODO,TODO
где сделать копии цветных документов,8.0,1,0,0.0,TODO,TODO,TODO,TODO,TODO
где сделать ксерокопию в гаи ижевск,12.0,2,0,0.0,TODO,TODO,TODO,TODO,TODO
где сделать ксерокопию паспорта в электронном виде в ижевске,9.5,2,0,0.0,TODO,TODO,TODO,TODO,TODO
где сделать ламинирование документов в ижевске,9.0,1,0,0.0,TODO,TODO,TODO,TODO,TODO
город ижевск типография,7.0,1,0,0.0,TODO,TODO,TODO,TODO,TODO
дельта принт типографика в ижевске типографика в ижевске,9.0,1,0,0.0,TODO,TODO,TODO,TODO,TODO
дерево на резку плоттер,9.0,1,0,0.0,TODO,TODO,TODO,TODO,TODO
дешевые типографии ижевск,8.5,2,0,0.0,TODO,TODO,TODO,TODO,TODO
дешевые типографии ижевска,8.0,2,0,0.0,TODO,TODO,TODO,TODO,TODO
дизайнер визиток наклеек логотипов на упаковку,8.0,1,0,0.0,TODO,TODO,TODO,TODO,TODO
дизайнер визиток наклеек на упаковку,9.0,1,0,0.0,TODO,TODO,TODO,TODO,TODO
домофон 7-я подлесная 34,6.0,1,0,0.0,TODO,TODO,TODO,TODO,TODO
доставка листовок,10.0,1,0,0.0,TODO,TODO,TODO,TODO,TODO
жази на заказ ижевск,12.0,1,0,0.0,TODO,TODO,TODO,TODO,TODO
заказать картину на заказ,5.0,2,0,0.0,TODO,TODO,TODO,TODO,TODO
заказать кружку с печатью на заказ,6.0,1,0,0.0,TODO,TODO,TODO,TODO,TODO
заказать кружку со своим принтом,4.0,2,0,0.0,TODO,TODO,TODO,TODO,TODO
заказать магнитный пазл по фото в ижевске,10.0,1,0,0.0,TODO,TODO,TODO,TODO,TODO
заказать фото ламинированное,13.0,1,0,0.0,TODO,TODO,TODO,TODO,TODO
заламинировать документ,8.0,1,0,0.0,TODO,TODO,TODO,TODO,TODO
заламинировать документ ижевск,7.5,3,0,0.0,TODO,TODO,TODO,TODO,TODO
заменить ламинирование ижевск,10.0,2,0,0.0,TODO,TODO,TODO,TODO,TODO
застройка выставочных стендов в ижевске,11.0,1,0,0.0,TODO,TODO,TODO,TODO,TODO
зенон х стенд,10.0,1,0,0.0,TODO,TODO,TODO,TODO,TODO
золотое тиснение ижевск,12.0,1,0,0.0,TODO,TODO,TODO,TODO,TODO
идеи календарей для производства на 2027 год,13.0,1,0,0.0,TODO,TODO,TODO,TODO,TODO
ижевск где заламинировать фото,7.5,3,0,0.0,TODO,TODO,TODO,TODO,TODO
ижевск где можно распечатать,11.0,1,0,0.0,TODO,TODO,TODO,TODO,TODO
ижевск где можно сделать фото на кружку,11.0,1,0,0.0,TODO,TODO,TODO,TODO,TODO
ижевск где сделать ксерокопию,8.5,2,0,0.0,TODO,TODO,TODO,TODO,TODO
ижевск копировальный центр или типография,10.0,1,0,0.0,TODO,TODO,TODO,TODO,TODO
ижевск на самоклеящаяся,13.0,1,0,0.0,TODO,TODO,TODO,TODO,TODO
ижевск печатный салон,12.0,1,0,0.0,TODO,TODO,TODO,TODO,TODO
ижевск печать лко,3.0,1,0,0.0,TODO,TODO,TODO,TODO,TODO
ижевск печать на водорастворимом флизелине,6.0,1,0,0.0,TODO,TODO,TODO,TODO,TODO
ижевск печать на флизелине,3.0,1,0,0.0,TODO,TODO,TODO,TODO,TODO
ижевск печать фото,25.0,1,0,0.0,TODO,TODO,TODO,TODO,TODO
ижевск производство выставочных стендов владелец 1974 года рождения,4.0,1,0,0.0,TODO,TODO,TODO,TODO,TODO
ижевск производство выставочных стендов владелец 1974 года рождения ижевск,5.0,1,0,0.0,TODO,TODO,TODO,TODO,TODO
ижевск пушкинская изготовление визиток,10.0,1,0,0.0,TODO,TODO,TODO,TODO,TODO
ижевск распечатать где,8.5,2,0,0.0,TODO,TODO,TODO,TODO,TODO
ижевск распечатать цветной принтер,7.5,2,0,0.0,TODO,TODO,TODO,TODO,TODO
ижевск распечатка документов в соцгороде,11.0,2,0,0.0,TODO,TODO,TODO,TODO,TODO
ижевск типография,5.0,3,0,0.0,TODO,TODO,TODO,TODO,TODO
ижевск типография для ценников,13.0,1,0,0.0,TODO,TODO,TODO,TODO,TODO
ижевск типография производство,11.5,2,0,0.0,TODO,TODO,TODO,TODO,TODO
ижевск удмуртская изготовление визиток,9.0,1,0,0.0,TODO,TODO,TODO,TODO,TODO
ижевск яркая печать реади,10.0,2,0,0.0,TODO,TODO,TODO,TODO,TODO
изготовить фото черно белое на баннере в ижевске цена,7.0,1,0,0.0,TODO,TODO,TODO,TODO,TODO
изготовление бейджей в ижевске,5.0,1,0,0.0,TODO,TODO,TODO,TODO,TODO
изготовление визиток в ижевск,5.0,1,1,100.0,TODO,TODO,TODO,TODO,TODO
изготовление визиток и рекламы,8.0,1,0,0.0,TODO,TODO,TODO,TODO,TODO
изготовление визиток ижевск,5.0,4,1,25.0,TODO,TODO,TODO,TODO,TODO
изготовление визиток на гагарина город ижевск,7.0,1,0,0.0,TODO,TODO,TODO,TODO,TODO
изготовление визиток на улице гагарина город ижевск,7.0,1,0,0.0,TODO,TODO,TODO,TODO,TODO
"изготовление вывесок 1х0,9м и 0,4х0,9м на основе ламинированной фанеры 6мм",10.0,1,0,0.0,TODO,TODO,TODO,TODO,TODO
изготовление магнитов ижевск,5.0,1,0,0.0,TODO,TODO,TODO,TODO,TODO
изготовление мобильных выставочных и рекламных стендов,50.0,1,0,0.0,TODO,TODO,TODO,TODO,TODO
изготовление мобильных стендов,44.25,4,0,0.0,TODO,TODO,TODO,TODO,TODO
изготовление печатной продукции,5.0,1,0,0.0,TODO,TODO,TODO,TODO,TODO
изготовление полиграфическая продукция ижевск,9.0,2,0,0.0,TODO,TODO,TODO,TODO,TODO
изготовление ролл апп и баннеров на ножках в лнр,38.0,1,0,0.0,TODO,TODO,TODO,TODO,TODO
изготовление сувениров ижевск,6.0,1,0,0.0,TODO,TODO,TODO,TODO,TODO
изготовление флаеров на заказ,4.0,1,0,0.0,TODO,TODO,TODO,TODO,TODO
индим иж,8.0,1,0,0.0,TODO,TODO,TODO,TODO,TODO
какой размер картинки нужен для магнита 7*10,7.0,1,0,0.0,TODO,TODO,TODO,TODO,TODO
какую печать можно делать на флешке,9.0,1,0,0.0,TODO,TODO,TODO,TODO,TODO
календари майера ижевск,13.0,1,0,0.0,TODO,TODO,TODO,TODO,TODO
карртины на холсте ижевск,6.0,1,0,0.0,TODO,TODO,TODO,TODO,TODO
картинка на заказ ижевск,13.0,1,0,0.0,TODO,TODO,TODO,TODO,TODO
картины из фото на холсте ижевск,11.0,1,0,0.0,TODO,TODO,TODO,TODO,TODO
картины на заказ ижевск,9.0,1,0,0.0,TODO,TODO,TODO,TODO,TODO
карточки а5 печать,2.0,1,0,0.0,TODO,TODO,TODO,TODO,TODO
карточки для ламинирования с цифрами,10.0,1,0,0.0,TODO,TODO,TODO,TODO,TODO
контур фото заказать календарь,13.0,1,0,0.0,TODO,TODO,TODO,TODO,TODO
контур фото ижевск сколько стоит визитка,7.0,2,0,0.0,TODO,TODO,TODO,TODO,TODO
контур фото печать на кружках,12.0,1,0,0.0,TODO,TODO,TODO,TODO,TODO
конфеты с логотипом ижевск,9.0,1,0,0.0,TODO,TODO,TODO,TODO,TODO
копии на а2 ижевск,6.0,1,0,0.0,TODO,TODO,TODO,TODO,TODO
копировальные центры,9.0,2,0,0.0,TODO,TODO,TODO,TODO,TODO
копировальный центр,10.0,1,0,0.0,TODO,TODO,TODO,TODO,TODO
косметик печать а4,7.0,1,0,0.0,TODO,TODO,TODO,TODO,TODO
крафтовые часы ижевск,11.0,1,0,0.0,TODO,TODO,TODO,TODO,TODO
кружка на заказ со своим дизайном ижевск,8.5,2,0,0.0,TODO,TODO,TODO,TODO,TODO
кружка хамелеон на заказ со своим дизайном ижевск,6.0,1,0,0.0,TODO,TODO,TODO,TODO,TODO
кружки на заказ,4.5,2,0,0.0,TODO,TODO,TODO,TODO,TODO
кружки на заказ из йараор,8.0,1,0,0.0,TODO,TODO,TODO,TODO,TODO
кружки пеции ижнкск,10.0,1,0,0.0,TODO,TODO,TODO,TODO,TODO
кружки с принтом на заказ ижевск,5.0,1,0,0.0,TODO,TODO,TODO,TODO,TODO
ксерокопии ижевск,9.0,1,0,0.0,TODO,TODO,TODO,TODO,TODO
ксерокопия,10.5,4,0,0.0,TODO,TODO,TODO,TODO,TODO
ксерокопия в ижевске,9.67,3,0,0.0,TODO,TODO,TODO,TODO,TODO
ксерокопия документов ижевск,9.0,1,0,0.0,TODO,TODO,TODO,TODO,TODO
ксерокопия ижевск,8.6,15,0,0.0,TODO,TODO,TODO,TODO,TODO
ксерокопия ижевск рядом со мной,11.0,1,0,0.0,TODO,TODO,TODO,TODO,TODO
ксерокопия ижевск рядом со мной цены,7.0,1,0,0.0,TODO,TODO,TODO,TODO,TODO
ксерокопия ижевск цена,10.0,1,0,0.0,TODO,TODO,TODO,TODO,TODO
ксерокопия рядом со мной,11.0,1,0,0.0,TODO,TODO,TODO,TODO,TODO
кубик с гравировкой ижевск,16.0,1,1,100.0,TODO,TODO,TODO,TODO,TODO
лазерная резка самоклеящаяся пленка текст,12.0,1,0,0.0,TODO,TODO,TODO,TODO,TODO
ламинация вгуст,5.0,1,0,0.0,TODO,TODO,TODO,TODO,TODO
ламинация документов,11.0,1,0,0.0,TODO,TODO,TODO,TODO,TODO
ламинация документов в ижевске,8.0,1,0,0.0,TODO,TODO,TODO,TODO,TODO
ламинация документов рядом со мной,11.0,1,0,0.0,TODO,TODO,TODO,TODO,TODO
ламинация табличек,11.0,1,0,0.0,TODO,TODO,TODO,TODO,TODO
ламинирование документов ижевск,7.25,3,0,0.0,TODO,TODO,TODO,TODO,TODO
ламинирование листа,5.0,1,0,0.0,TODO,TODO,TODO,TODO,TODO
ламинирование п4 это,2.0,1,0,0.0,TODO,TODO,TODO,TODO,TODO
ламинировать,5.5,2,0,0.0,TODO,TODO,TODO,TODO,TODO
леиана про ижевск фотообои,12.0,1,0,0.0,TODO,TODO,TODO,TODO,TODO
листовка удмуртия,8.0,1,0,0.0,TODO,TODO,TODO,TODO,TODO
листовки ижевск,11.0,1,0,0.0,TODO,TODO,TODO,TODO,TODO
листок ижевск основной фокус печати,11.0,1,0,0.0,TODO,TODO,TODO,TODO,TODO
листок ижевск типография,6.0,3,0,0.0,TODO,TODO,TODO,TODO,TODO
листочек типография ижевск,7.0,1,0,0.0,TODO,TODO,TODO,TODO,TODO
ллисторк типография,11.0,1,0,0.0,TODO,TODO,TODO,TODO,TODO
логотип компании цифра,12.0,1,0,0.0,TODO,TODO,TODO,TODO,TODO
магазин цифра ижевск,11.0,1,0,0.0,TODO,TODO,TODO,TODO,TODO
магазин цифры режим работы,7.0,1,0,0.0,TODO,TODO,TODO,TODO,TODO
магнит 7*10 какой размер,15.0,1,0,0.0,TODO,TODO,TODO,TODO,TODO
магнит виниловый 15на21 какой размер,8.0,1,0,0.0,TODO,TODO,TODO,TODO,TODO
майн принт ижевск типография,10.0,1,0,0.0,TODO,TODO,TODO,TODO,TODO
макет пресс вола мцйена,7.0,1,0,0.0,TODO,TODO,TODO,TODO,TODO
макет пресс вола цена,4.0,1,0,0.0,TODO,TODO,TODO,TODO,TODO
матовая бумага nowpro 350 гр.,3.0,1,0,0.0,TODO,TODO,TODO,TODO,TODO
мелкая типография услуги,5.5,2,0,0.0,TODO,TODO,TODO,TODO,TODO
миницифра ижевск алюнин,13.0,1,0,0.0,TODO,TODO,TODO,TODO,TODO
мирстаф ижевск,4.0,1,0,0.0,TODO,TODO,TODO,TODO,TODO
мобильная реклама ижевск,6.5,3,0,0.0,TODO,TODO,TODO,TODO,TODO
мобильные стенды – 2 шт. общий размер стенда: 114 см x 94 см основное полотно изготовлено из пробки бежевого цвета. рамка стенда темно-коричневого цвета.,6.0,1,0,0.0,TODO,TODO,TODO,TODO,TODO
можно ли ламинировать а2,11.0,1,0,0.0,TODO,TODO,TODO,TODO,TODO
надпись на кружку,9.0,1,0,0.0,TODO,TODO,TODO,TODO,TODO
наклейки прочные на заказ ижевск,7.33,3,0,0.0,TODO,TODO,TODO,TODO,TODO
нанесение принта на одежду ижевск,12.0,1,0,0.0,TODO,TODO,TODO,TODO,TODO
напечатать визитки ижевск,5.0,1,1,100.0,TODO,TODO,TODO,TODO,TODO
напечатать наружная реклама,12.0,1,0,0.0,TODO,TODO,TODO,TODO,TODO
напольные информационные стойки аренда ижевск,4.0,1,0,0.0,TODO,TODO,TODO,TODO,TODO
нтим иж,5.0,1,0,0.0,TODO,TODO,TODO,TODO,TODO
ооо цифра,3.5,2,0,0.0,TODO,TODO,TODO,TODO,TODO
ооо цифра ижевск,2.0,1,0,0.0,TODO,TODO,TODO,TODO,TODO
основные форматы ролапов штендеров правила создания и разработки,13.0,1,0,0.0,TODO,TODO,TODO,TODO,TODO
открытки а5 печать,10.0,1,0,0.0,TODO,TODO,TODO,TODO,TODO
отрисовка чертеж на миллиметровке а1 цена,10.0,1,0,0.0,TODO,TODO,TODO,TODO,TODO
отсканировать чертеж в ижевске где можно,6.0,1,0,0.0,TODO,TODO,TODO,TODO,TODO
пазл из фотографии на заказ,9.0,1,0,0.0,TODO,TODO,TODO,TODO,TODO
пазл на заказ по фотографии ижевск,6.0,1,0,0.0,TODO,TODO,TODO,TODO,TODO
пазл с фотографией на заказ ижевск,4.5,2,0,0.0,TODO,TODO,TODO,TODO,TODO
пазлы из фотографий на заказ ижевск,4.0,1,1,100.0,TODO,TODO,TODO,TODO,TODO
пазлы по фото на заказ,11.0,1,0,0.0,TODO,TODO,TODO,TODO,TODO
пакет подарочный печать планарт,4.0,1,0,0.0,TODO,TODO,TODO,TODO,TODO
пакеты бумажные с логотипом на заказ ижевск,5.0,1,0,0.0,TODO,TODO,TODO,TODO,TODO
пакеты на заказ,8.74,13,0,0.0,TODO,TODO,TODO,TODO,TODO
пакеты с логотипом на заказ,9.0,1,0,0.0,TODO,TODO,TODO,TODO,TODO
перевод графического изображения из аналоговой формы детская мебель в детский сад в ижевске в цифровую,9.0,1,1,100.0,TODO,TODO,TODO,TODO,TODO
печатать на холсте,11.0,2,0,0.0,TODO,TODO,TODO,TODO,TODO
печати пленка вклейка для документов,10.0,2,0,0.0,TODO,TODO,TODO,TODO,TODO
печатная 1,7.0,1,0,0.0,TODO,TODO,TODO,TODO,TODO
печатное производство ижевск,8.0,1,0,0.0,TODO,TODO,TODO,TODO,TODO
печатное производство ижевск на принтере,7.0,1,0,0.0,TODO,TODO,TODO,TODO,TODO
печатное производство ижевск на принтере бумаги,8.0,1,0,0.0,TODO,TODO,TODO,TODO,TODO
печатные салоны ижевск,10.0,1,0,0.0,TODO,TODO,TODO,TODO,TODO
печатный дом,6.0,1,0,0.0,TODO,TODO,TODO,TODO,TODO
печатный салон,10.44,13,0,0.0,TODO,TODO,TODO,TODO,TODO
печатный салон игра удмуртия,17.0,1,0,0.0,TODO,TODO,TODO,TODO,TODO
печатный салон ижевск,9.65,25,0,0.0,TODO,TODO,TODO,TODO,TODO
печатный салон центр ижевск,7.0,1,0,0.0,TODO,TODO,TODO,TODO,TODO
печатный слон ижевск,7.0,1,0,0.0,TODO,TODO,TODO,TODO,TODO
печать а1 ижевск,6.5,2,0,0.0,TODO,TODO,TODO,TODO,TODO
печать а1 цена,5.5,4,0,0.0,TODO,TODO,TODO,TODO,TODO
печать а2 в ижевске,8.0,1,0,0.0,TODO,TODO,TODO,TODO,TODO
печать а2 ижевск,8.0,1,0,0.0,TODO,TODO,TODO,TODO,TODO
печать бейджей стоимость,7.0,1,0,0.0,TODO,TODO,TODO,TODO,TODO
печать блокнотов,7.6,6,0,0.0,TODO,TODO,TODO,TODO,TODO
печать блокнотов на заказ,5.0,2,0,0.0,TODO,TODO,TODO,TODO,TODO
печать в ижевске,9.0,4,0,0.0,TODO,TODO,TODO,TODO,TODO
печать визитки,15.0,2,0,0.0,TODO,TODO,TODO,TODO,TODO
печать визитки ижевск,2.0,1,0,0.0,TODO,TODO,TODO,TODO,TODO
печать визиток,4.99,37,0,0.0,TODO,TODO,TODO,TODO,TODO
печать визиток в ижевске,4.0,1,0,0.0,TODO,TODO,TODO,TODO,TODO
печать визиток ижевск,2.75,68,1,1.5,TODO,TODO,TODO,TODO,TODO
печать визиток календари типография,10.0,2,0,0.0,TODO,TODO,TODO,TODO,TODO
печать визиток на дизайнерской бумаге,2.7,6,0,0.0,TODO,TODO,TODO,TODO,TODO
печать визиток на дизайнерской бумаге топринт,11.0,1,0,0.0,TODO,TODO,TODO,TODO,TODO
печать визиток стоимость за 100 штук,7.0,1,0,0.0,TODO,TODO,TODO,TODO,TODO
печать грамот и фото ижевск,11.0,1,0,0.0,TODO,TODO,TODO,TODO,TODO
печать документов возле удгау 2 корпус,8.0,1,0,0.0,TODO,TODO,TODO,TODO,TODO
печать ижевск,9.69,16,0,0.0,TODO,TODO,TODO,TODO,TODO
печать ижевск на сувенирах,11.0,1,0,0.0,TODO,TODO,TODO,TODO,TODO
печать ижевск типография,4.0,1,0,0.0,TODO,TODO,TODO,TODO,TODO
печать ижевск типография хотей спорт,7.0,1,0,0.0,TODO,TODO,TODO,TODO,TODO
печать календарей в ижевске,4.0,1,0,0.0,TODO,TODO,TODO,TODO,TODO
печать календарей на заказ,7.0,1,0,0.0,TODO,TODO,TODO,TODO,TODO
печать календарей типография,2.0,1,0,0.0,TODO,TODO,TODO,TODO,TODO
печать календарей типография ижевск,2.0,1,0,0.0,TODO,TODO,TODO,TODO,TODO
печать карт ижевск,7.0,2,0,0.0,TODO,TODO,TODO,TODO,TODO
печать картины на холсте,5.0,1,0,0.0,TODO,TODO,TODO,TODO,TODO
печать картины на холсте ижевск,6.0,1,0,0.0,TODO,TODO,TODO,TODO,TODO
печать картины на холсте ижевск листок,14.0,1,0,0.0,TODO,TODO,TODO,TODO,TODO
печать листовок,5.5,3,0,0.0,TODO,TODO,TODO,TODO,TODO
печать логотипа ижевск,10.0,2,0,0.0,TODO,TODO,TODO,TODO,TODO
печать на а2 ижевск,5.5,2,0,0.0,TODO,TODO,TODO,TODO,TODO
печать на блокнотах ижевск,3.0,2,1,50.0,TODO,TODO,TODO,TODO,TODO
печать на картоне ижевск,6.0,1,0,0.0,TODO,TODO,TODO,TODO,TODO
печать на кружках,7.5,2,0,0.0,TODO,TODO,TODO,TODO,TODO
печать на кружках для класса,7.5,2,0,0.0,TODO,TODO,TODO,TODO,TODO
печать на кружках ижевск,8.0,3,1,33.3,TODO,TODO,TODO,TODO,TODO
печать на кружке ижевск,5.0,1,0,0.0,TODO,TODO,TODO,TODO,TODO
печать на пазлах,2.0,1,1,100.0,TODO,TODO,TODO,TODO,TODO
печать на пакетах ижевск,10.7,9,0,0.0,TODO,TODO,TODO,TODO,TODO
печать на пакетах полиэтиленовых ижевск,8.0,1,0,0.0,TODO,TODO,TODO,TODO,TODO
печать на пластике ижевск,4.5,2,1,50.0,TODO,TODO,TODO,TODO,TODO
печать на пластике уф,3.0,1,1,100.0,TODO,TODO,TODO,TODO,TODO
печать на плотной бумаге а3,5.0,1,0,0.0,TODO,TODO,TODO,TODO,TODO
печать на посуде,8.0,1,0,0.0,TODO,TODO,TODO,TODO,TODO
печать на посуде ижевск,7.0,1,0,0.0,TODO,TODO,TODO,TODO,TODO
печать на предметах,7.0,2,0,0.0,TODO,TODO,TODO,TODO,TODO
печать на ризографе,38.0,1,0,0.0,TODO,TODO,TODO,TODO,TODO
печать на ризографе цена,50.0,1,0,0.0,TODO,TODO,TODO,TODO,TODO
печать на стекле цветная ижевск,8.0,1,0,0.0,TODO,TODO,TODO,TODO,TODO
печать на сувенирах ижевск,8.0,1,0,0.0,TODO,TODO,TODO,TODO,TODO
печать на холсте,8.5,3,0,0.0,TODO,TODO,TODO,TODO,TODO
печать на холсте ижевск,7.0,3,0,0.0,TODO,TODO,TODO,TODO,TODO
печать на цветном принтере ижевск рядом,11.0,1,0,0.0,TODO,TODO,TODO,TODO,TODO
печать на часах шмам,5.0,1,0,0.0,TODO,TODO,TODO,TODO,TODO
печать наклеек в ижевске,11.0,1,0,0.0,TODO,TODO,TODO,TODO,TODO
печать офсетная а 0 формата,6.0,1,0,0.0,TODO,TODO,TODO,TODO,TODO
печать полиграфии,10.0,1,0,0.0,TODO,TODO,TODO,TODO,TODO
печать полиграфии ижевск,7.0,1,0,0.0,TODO,TODO,TODO,TODO,TODO
печать постеров на заказ ижевск,6.0,1,0,0.0,TODO,TODO,TODO,TODO,TODO
печать ризографией,44.0,1,0,0.0,TODO,TODO,TODO,TODO,TODO
печать сервис ижевск,4.0,1,0,0.0,TODO,TODO,TODO,TODO,TODO
печать стоимость одно листа,10.0,1,0,0.0,TODO,TODO,TODO,TODO,TODO
печать сувенирной продукции с логотипом ижевск,3.0,1,0,0.0,TODO,TODO,TODO,TODO,TODO
печать сувенирной продукции цена,29.0,1,0,0.0,TODO,TODO,TODO,TODO,TODO
печать сувениров на акриловом стекле ижевск,7.0,1,0,0.0,TODO,TODO,TODO,TODO,TODO
печать термонаклеек хохряки,11.0,1,0,0.0,TODO,TODO,TODO,TODO,TODO
печать флаеров ижевск,4.75,3,0,0.0,TODO,TODO,TODO,TODO,TODO
печать фото 2м на 2м,10.0,1,0,0.0,TODO,TODO,TODO,TODO,TODO
печать фото а3 ижевск,11.0,2,0,0.0,TODO,TODO,TODO,TODO,TODO
печать фото на пластике ижевск,10.5,2,0,0.0,TODO,TODO,TODO,TODO,TODO
печать фото на чехол телефона ижевск,8.0,1,0,0.0,TODO,TODO,TODO,TODO,TODO
печать фото цифра 18 фото,13.0,1,0,0.0,TODO,TODO,TODO,TODO,TODO
пиао 18.рф,9.5,2,0,0.0,TODO,TODO,TODO,TODO,TODO
плакетка 150 на 100 см,9.5,2,0,0.0,TODO,TODO,TODO,TODO,TODO
пластиковые карты на заказ форматсити 1,14.0,1,0,0.0,TODO,TODO,TODO,TODO,TODO
плесура стенд,9.0,1,0,0.0,TODO,TODO,TODO,TODO,TODO
плоттерная резка,9.5,2,0,0.0,TODO,TODO,TODO,TODO,TODO
плоттерная резка форматсити 1,8.5,4,0,0.0,TODO,TODO,TODO,TODO,TODO
полиграфии,11.5,2,0,0.0,TODO,TODO,TODO,TODO,TODO
полиграфии удмуртии,9.0,1,0,0.0,TODO,TODO,TODO,TODO,TODO
полиграфические услуги в ижевске,7.0,1,1,100.0,TODO,TODO,TODO,TODO,TODO
полиграфия ижевск,7.33,5,0,0.0,TODO,TODO,TODO,TODO,TODO
полиграфия плюс ижевск,3.0,1,0,0.0,TODO,TODO,TODO,TODO,TODO
пресс вол,8.5,2,0,0.0,TODO,TODO,TODO,TODO,TODO
пресс волл,5.8,6,0,0.0,TODO,TODO,TODO,TODO,TODO
пресс волл с логотипами,2.0,1,0,0.0,TODO,TODO,TODO,TODO,TODO
прессволл,3.0,1,0,0.0,TODO,TODO,TODO,TODO,TODO
принт в ижевске типографика,6.0,1,0,0.0,TODO,TODO,TODO,TODO,TODO
принт на картон,6.0,1,0,0.0,TODO,TODO,TODO,TODO,TODO
принт на картон ижевск,8.0,1,0,0.0,TODO,TODO,TODO,TODO,TODO
принт на кружке ижевск,8.0,1,0,0.0,TODO,TODO,TODO,TODO,TODO
принт типографика в ижевске,7.0,1,0,0.0,TODO,TODO,TODO,TODO,TODO
производство обоев в ижевске,6.0,1,0,0.0,TODO,TODO,TODO,TODO,TODO
размножить чертежи формат а3 в ижевске где,5.5,2,0,0.0,TODO,TODO,TODO,TODO,TODO
распечатайте ижевск чай,11.0,1,0,0.0,TODO,TODO,TODO,TODO,TODO
распечатать а3,14.11,11,0,0.0,TODO,TODO,TODO,TODO,TODO
распечатать в типографии на класс,8.0,1,0,0.0,TODO,TODO,TODO,TODO,TODO
распечатать визитки ижевск,7.0,1,0,0.0,TODO,TODO,TODO,TODO,TODO
распечатать документ,11.0,4,0,0.0,TODO,TODO,TODO,TODO,TODO
распечатать документ ижевск,13.0,1,0,0.0,TODO,TODO,TODO,TODO,TODO
распечатать документы в ягуле,9.0,1,0,0.0,TODO,TODO,TODO,TODO,TODO
распечатать документы ижевск,12.0,1,0,0.0,TODO,TODO,TODO,TODO,TODO
распечатать ижевск утро,18.0,1,0,0.0,TODO,TODO,TODO,TODO,TODO
распечатать карту в ижевске,10.0,1,0,0.0,TODO,TODO,TODO,TODO,TODO
распечатать ламинированные документы ижевск,10.0,1,0,0.0,TODO,TODO,TODO,TODO,TODO
распечатать постер,5.0,1,0,0.0,TODO,TODO,TODO,TODO,TODO
распечатать фото ижевск на дереве,9.0,1,2,200.0,TODO,TODO,TODO,TODO,TODO
распечатать фото ижевск на карте,13.0,1,0,0.0,TODO,TODO,TODO,TODO,TODO
распечатать фотографию а3,8.0,2,0,0.0,TODO,TODO,TODO,TODO,TODO
распечатать цветной документ ижевск,12.0,2,0,0.0,TODO,TODO,TODO,TODO,TODO
распечатать цветном принтере цена,6.0,2,0,0.0,TODO,TODO,TODO,TODO,TODO
распечатать цветную картинку на принтере цена,6.0,1,0,0.0,TODO,TODO,TODO,TODO,TODO
распечатк,6.0,1,0,0.0,TODO,TODO,TODO,TODO,TODO
распечатка,10.83,5,0,0.0,TODO,TODO,TODO,TODO,TODO
распечатка в ижевске 1 лист,11.0,1,0,0.0,TODO,TODO,TODO,TODO,TODO
распечатка трактовая 2а хохряки,11.0,1,0,0.0,TODO,TODO,TODO,TODO,TODO
реклама кружка,8.0,1,0,0.0,TODO,TODO,TODO,TODO,TODO
рекламные стойки ижевск,10.0,1,0,0.0,TODO,TODO,TODO,TODO,TODO
рекламный баннер ижевск,25.5,2,0,0.0,TODO,TODO,TODO,TODO,TODO
ремир ижевск,11.0,1,0,0.0,TODO,TODO,TODO,TODO,TODO
ремонт кружек ижевск,7.83,4,0,0.0,TODO,TODO,TODO,TODO,TODO
ризография цена,27.67,3,0,0.0,TODO,TODO,TODO,TODO,TODO
ризографная,7.0,2,1,50.0,TODO,TODO,TODO,TODO,TODO
ролап,4.0,3,0,0.0,TODO,TODO,TODO,TODO,TODO
ролап изготовление russtand,10.0,1,0,0.0,TODO,TODO,TODO,TODO,TODO
ролапы спецтехника баннер,11.0,2,0,0.0,TODO,TODO,TODO,TODO,TODO
ролапы торговых центров,10.0,1,0,0.0,TODO,TODO,TODO,TODO,TODO
ролл ап,10.0,1,0,0.0,TODO,TODO,TODO,TODO,TODO
"ролл апов, штендер",9.0,1,0,0.0,TODO,TODO,TODO,TODO,TODO
ручки с логотипом на заказ,11.0,1,0,0.0,TODO,TODO,TODO,TODO,TODO
салон печати,12.0,1,0,0.0,TODO,TODO,TODO,TODO,TODO
салон печати ижевск,10.0,1,0,0.0,TODO,TODO,TODO,TODO,TODO
салон печатный,11.0,1,0,0.0,TODO,TODO,TODO,TODO,TODO
сарапул цифра,10.0,1,0,0.0,TODO,TODO,TODO,TODO,TODO
сделать визитки ижевск,2.5,2,1,50.0,TODO,TODO,TODO,TODO,TODO
сделать визитки ижевск ижевск,4.0,1,0,0.0,TODO,TODO,TODO,TODO,TODO
сделать копию а3 ижевск,4.0,1,0,0.0,TODO,TODO,TODO,TODO,TODO
сделать копию фотографий в ижевский,12.0,1,0,0.0,TODO,TODO,TODO,TODO,TODO
сделать на печать обложки для документов ижевск,8.0,1,0,0.0,TODO,TODO,TODO,TODO,TODO
сделать печать на кружки ижевск,9.0,1,0,0.0,TODO,TODO,TODO,TODO,TODO
скан документов ижевск,9.0,2,0,0.0,TODO,TODO,TODO,TODO,TODO
сканирование а0 в ижевске,3.0,1,0,0.0,TODO,TODO,TODO,TODO,TODO
сканирование фото в ижевске,11.0,1,0,0.0,TODO,TODO,TODO,TODO,TODO
сканировать документ ижевск,11.0,1,0,0.0,TODO,TODO,TODO,TODO,TODO
сколько стоит забрендировать шоколад 35х35мм 50шт,9.0,1,0,0.0,TODO,TODO,TODO,TODO,TODO
сколько стоит заламинировать лист а4,11.0,1,0,0.0,TODO,TODO,TODO,TODO,TODO
сколько стоит заламинировать пропуск,6.0,1,0,0.0,TODO,TODO,TODO,TODO,TODO
сколько стоит лист а3 ламинированный,9.0,1,0,0.0,TODO,TODO,TODO,TODO,TODO
сколько стоит лист бумаги а4 распечатать,9.0,1,0,0.0,TODO,TODO,TODO,TODO,TODO
сколько стоит напечатать 10 листов реферата,10.0,1,0,0.0,TODO,TODO,TODO,TODO,TODO
сколько стоит распечатанная бумага 3,9.0,1,0,0.0,TODO,TODO,TODO,TODO,TODO
сколько стоит распечатать 1 лист а4 черно-белый,11.0,1,0,0.0,TODO,TODO,TODO,TODO,TODO
сколько стоит распечатать 1000 листовок,6.0,2,0,0.0,TODO,TODO,TODO,TODO,TODO
сколько стоит распечатать 11 листов а4 текста в типографии,10.0,2,0,0.0,TODO,TODO,TODO,TODO,TODO
сколько стоит распечатать а3 лист,8.0,1,0,0.0,TODO,TODO,TODO,TODO,TODO
сколько стоит распечатать две фотографии на документы в карандаше ижевск,11.0,1,0,0.0,TODO,TODO,TODO,TODO,TODO
сколько стоит распечатать один лист а4 черно-белый,14.0,1,0,0.0,TODO,TODO,TODO,TODO,TODO
сколько стоит распечатать цветное фото а4,7.0,2,0,0.0,TODO,TODO,TODO,TODO,TODO
сколько стоит распечатать цветное фото а5,12.0,1,0,0.0,TODO,TODO,TODO,TODO,TODO
сколько стоит цветная печать а4 на обычной бумаге,5.0,1,0,0.0,TODO,TODO,TODO,TODO,TODO
создай рекламу кружка,8.0,3,0,0.0,TODO,TODO,TODO,TODO,TODO
спасти наклейку х делать ижевск,7.0,1,0,0.0,TODO,TODO,TODO,TODO,TODO
срочная печать визиток в ижевске,7.0,1,0,0.0,TODO,TODO,TODO,TODO,TODO
"стенд 1,5х1,5м, (акп, печать пленки с ламинацией)",6.0,1,0,0.0,TODO,TODO,TODO,TODO,TODO
стоимость копии а3 ижевск,3.0,1,0,0.0,TODO,TODO,TODO,TODO,TODO
стоимость копии ижевск,8.0,1,0,0.0,TODO,TODO,TODO,TODO,TODO
стоимость копии ижевск а4 цена черно белая,12.0,1,1,100.0,TODO,TODO,TODO,TODO,TODO
студия печати,12.0,1,0,0.0,TODO,TODO,TODO,TODO,TODO
студия печати на одежде в ижевске,13.0,1,0,0.0,TODO,TODO,TODO,TODO,TODO
сувенирная печатная продукция,10.0,1,0,0.0,TODO,TODO,TODO,TODO,TODO
сувениры ижевск сделать,10.0,1,1,100.0,TODO,TODO,TODO,TODO,TODO
сувениры с фото быстро ижевск,10.0,1,0,0.0,TODO,TODO,TODO,TODO,TODO
текстура рисунок ижевск,13.0,1,0,0.0,TODO,TODO,TODO,TODO,TODO
телефона адреса для визитки,9.0,1,0,0.0,TODO,TODO,TODO,TODO,TODO
типографии,8.0,1,0,0.0,TODO,TODO,TODO,TODO,TODO
типографии в ижевске,8.0,2,0,0.0,TODO,TODO,TODO,TODO,TODO
типографии города ижевска,10.0,1,0,0.0,TODO,TODO,TODO,TODO,TODO
типографии ижевск,7.17,12,0,0.0,TODO,TODO,TODO,TODO,TODO
типографии ижевск вселистовки,7.0,1,0,0.0,TODO,TODO,TODO,TODO,TODO
типографии ижевска,7.0,5,0,0.0,TODO,TODO,TODO,TODO,TODO
типографика <принт> в ижевске,10.0,1,0,0.0,TODO,TODO,TODO,TODO,TODO
типографика <принт> в ижевске типографика,10.0,1,0,0.0,TODO,TODO,TODO,TODO,TODO
типографика чернила в ижевске,11.0,2,0,0.0,TODO,TODO,TODO,TODO,TODO
типография,8.17,16,0,0.0,TODO,TODO,TODO,TODO,TODO
типография 118 ижевск,11.0,1,0,0.0,TODO,TODO,TODO,TODO,TODO
типография 18,1.0,1,1,100.0,TODO,TODO,TODO,TODO,TODO
"типография \цифрa\"". ижевск",1.0,1,0,0.0,TODO,TODO,TODO,TODO,TODO
"типография \цифра\""""",1.0,1,1,100.0,TODO,TODO,TODO,TODO,TODO
типография брошюра 6 стр,11.0,1,0,0.0,TODO,TODO,TODO,TODO,TODO
типография буклет 6 стр,9.0,1,0,0.0,TODO,TODO,TODO,TODO,TODO
типография быстрая печать,5.0,1,0,0.0,TODO,TODO,TODO,TODO,TODO
типография быстрая печать ижевск,12.0,1,0,0.0,TODO,TODO,TODO,TODO,TODO
типография в ижевске,8.58,7,0,0.0,TODO,TODO,TODO,TODO,TODO
типография востон,11.0,1,0,0.0,TODO,TODO,TODO,TODO,TODO
типография и полиграфия ижевск,3.5,4,0,0.0,TODO,TODO,TODO,TODO,TODO
типография ижевск,5.79,71,4,5.6,TODO,TODO,TODO,TODO,TODO
типография ижевск в центре,10.0,1,0,0.0,TODO,TODO,TODO,TODO,TODO
типография ижевск нанесение логотипов,9.0,1,0,0.0,TODO,TODO,TODO,TODO,TODO
типография ижевск официальный сайт,1.0,2,0,0.0,TODO,TODO,TODO,TODO,TODO
типография ижевск тайма,11.0,1,0,0.0,TODO,TODO,TODO,TODO,TODO
типография ижевск цены,8.5,2,1,50.0,TODO,TODO,TODO,TODO,TODO
типография листок ижевск,6.0,2,0,0.0,TODO,TODO,TODO,TODO,TODO
типография манголичи,8.0,1,0,0.0,TODO,TODO,TODO,TODO,TODO
типография на карте,10.0,1,0,0.0,TODO,TODO,TODO,TODO,TODO
типография на маяковского,9.5,2,0,0.0,TODO,TODO,TODO,TODO,TODO
типография на удмуртской,7.0,1,0,0.0,TODO,TODO,TODO,TODO,TODO
типография распечатать атлас,13.0,1,0,0.0,TODO,TODO,TODO,TODO,TODO
типография с оплатой по карте ижевск,6.0,1,0,0.0,TODO,TODO,TODO,TODO,TODO
типография цифра,6.87,33,4,12.1,TODO,TODO,TODO,TODO,TODO
типография цифра ижевск,1.0,2,1,50.0,TODO,TODO,TODO,TODO,TODO
типография цифра ижевск официальный сайт,1.0,3,2,66.7,TODO,TODO,TODO,TODO,TODO
типография цифра иин,3.0,2,0,0.0,TODO,TODO,TODO,TODO,TODO
тираж пластиковых карт формат сити 1,5.0,1,0,0.0,TODO,TODO,TODO,TODO,TODO
удмуртия типография,7.0,1,0,0.0,TODO,TODO,TODO,TODO,TODO
удмуртская печать визиток,5.0,2,0,0.0,TODO,TODO,TODO,TODO,TODO
урал распечатка,11.0,1,0,0.0,TODO,TODO,TODO,TODO,TODO
услуга типографии,7.0,1,0,0.0,TODO,TODO,TODO,TODO,TODO
услуги печати в ижевске,7.0,1,0,0.0,TODO,TODO,TODO,TODO,TODO
уф печать,12.0,1,0,0.0,TODO,TODO,TODO,TODO,TODO
уф печать в ижевске,3.0,1,0,0.0,TODO,TODO,TODO,TODO,TODO
уф печать ижевск,3.0,3,1,33.3,TODO,TODO,TODO,TODO,TODO
уф печать на коробках,7.0,1,0,0.0,TODO,TODO,TODO,TODO,TODO
уф печать на оргстекле ижевск,2.0,1,0,0.0,TODO,TODO,TODO,TODO,TODO
уф печать на стелкотоварах.,2.0,1,0,0.0,TODO,TODO,TODO,TODO,TODO
уф печать на флешках,8.0,2,0,0.0,TODO,TODO,TODO,TODO,TODO
уф печать на флешке это в цвете?,8.0,1,0,0.0,TODO,TODO,TODO,TODO,TODO
уф-печать на стекле цена,37.0,1,0,0.0,TODO,TODO,TODO,TODO,TODO
флешка с надписью удмуртия,11.0,1,0,0.0,TODO,TODO,TODO,TODO,TODO
флешка удмуртия с надписью,12.0,1,0,0.0,TODO,TODO,TODO,TODO,TODO
фото куб из кубиков трансформер,19.0,1,0,0.0,TODO,TODO,TODO,TODO,TODO
фото на кружке цена можга сайт,10.0,1,0,0.0,TODO,TODO,TODO,TODO,TODO
фото на кружку,10.0,3,0,0.0,TODO,TODO,TODO,TODO,TODO
фото на холсте ижевск,12.0,1,0,0.0,TODO,TODO,TODO,TODO,TODO
фотопанно ижевск,9.0,1,0,0.0,TODO,TODO,TODO,TODO,TODO
фотопечать ижевск,25.0,1,0,0.0,TODO,TODO,TODO,TODO,TODO
фотопечать на кружке за 1 день в ижевске,7.0,1,0,0.0,TODO,TODO,TODO,TODO,TODO
фотопечать на обоях,6.67,3,0,0.0,TODO,TODO,TODO,TODO,TODO
фотопечать на стекле,7.0,1,0,0.0,TODO,TODO,TODO,TODO,TODO
фотопечать на стекле в ижевске,6.0,1,1,100.0,TODO,TODO,TODO,TODO,TODO
фотопостер ижевск,9.5,4,0,0.0,TODO,TODO,TODO,TODO,TODO
фотопостер ижевск эмблема москвича,7.0,1,0,0.0,TODO,TODO,TODO,TODO,TODO
х принт распечатка ижевск,4.5,2,0,0.0,TODO,TODO,TODO,TODO,TODO
цветная печать ижевск а1 карла маркса 440,14.0,1,0,0.0,TODO,TODO,TODO,TODO,TODO
цветная печать на самоклеящейся бумаге ижевск а4,6.0,1,0,0.0,TODO,TODO,TODO,TODO,TODO
цена ксерокопии в ижевске,8.0,1,0,0.0,TODO,TODO,TODO,TODO,TODO
цена ксерокопии в ижевске а4,8.0,1,0,0.0,TODO,TODO,TODO,TODO,TODO
цена распечатки а0 ижевск,6.0,1,0,0.0,TODO,TODO,TODO,TODO,TODO
цифра,3.77,19,3,15.8,TODO,TODO,TODO,TODO,TODO
цифра 18,4.33,6,2,33.3,TODO,TODO,TODO,TODO,TODO
цифра 18 +,6.0,1,0,0.0,TODO,TODO,TODO,TODO,TODO
цифра 18 ижевск,1.0,2,2,100.0,TODO,TODO,TODO,TODO,TODO
цифра 18 типография ижевск,2.0,1,0,0.0,TODO,TODO,TODO,TODO,TODO
цифра 18.зф <принт> в ижевске типографика,1.0,1,0,0.0,TODO,TODO,TODO,TODO,TODO
цифра ижевск,1.38,6,1,16.7,TODO,TODO,TODO,TODO,TODO
цифра ижевск печатный салон,1.25,3,2,66.7,TODO,TODO,TODO,TODO,TODO
цифра ижевск типография,1.0,2,1,50.0,TODO,TODO,TODO,TODO,TODO
цифра изготовление продукции,12.0,1,0,0.0,TODO,TODO,TODO,TODO,TODO
цифра пакет,3.0,1,0,0.0,TODO,TODO,TODO,TODO,TODO
цифра печать визиток,1.0,2,1,50.0,TODO,TODO,TODO,TODO,TODO
цифра печать ижевск,2.0,1,0,0.0,TODO,TODO,TODO,TODO,TODO
цифра полиграфия,7.0,3,0,0.0,TODO,TODO,TODO,TODO,TODO
цифра режим работы,7.0,1,0,0.0,TODO,TODO,TODO,TODO,TODO
цифра сайт,5.0,2,0,0.0,TODO,TODO,TODO,TODO,TODO
цифра сервис ижевск официальный сайт ижевск,1.0,1,1,100.0,TODO,TODO,TODO,TODO,TODO
цифра типография,2.0,1,0,0.0,TODO,TODO,TODO,TODO,TODO
цифра типография ижевск,1.25,3,1,33.3,TODO,TODO,TODO,TODO,TODO
цифра удмуртия,5.0,1,0,0.0,TODO,TODO,TODO,TODO,TODO
цифра+ ижевск,11.0,1,0,0.0,TODO,TODO,TODO,TODO,TODO
цифра/ режим работы,6.0,1,0,0.0,TODO,TODO,TODO,TODO,TODO
цифрова типография в ижевсе,2.0,1,0,0.0,TODO,TODO,TODO,TODO,TODO
цифровые типографии в ижевске,4.5,2,0,0.0,TODO,TODO,TODO,TODO,TODO
цифрпбнак ижевск улммунаов,10.0,1,0,0.0,TODO,TODO,TODO,TODO,TODO
часы на заказ ижевск,1.0,1,0,0.0,TODO,TODO,TODO,TODO,TODO
чернила в ижевске типографика,13.0,2,0,0.0,TODO,TODO,TODO,TODO,TODO
черно-белая ризографическая печать что это,7.0,1,0,0.0,TODO,TODO,TODO,TODO,TODO
черновая печать ризограф,7.0,1,0,0.0,TODO,TODO,TODO,TODO,TODO
чертеж на миллиметровке а1 цена,9.0,1,0,0.0,TODO,TODO,TODO,TODO,TODO
что это за наклейка на складе ижевск,10.0,1,0,0.0,TODO,TODO,TODO,TODO,TODO
широкоформатная печать ижевск типография,5.0,1,0,0.0,TODO,TODO,TODO,TODO,TODO
шоколад с логотипом ижевск,2.0,1,0,0.0,TODO,TODO,TODO,TODO,TODO
штендер,11.0,1,0,0.0,TODO,TODO,TODO,TODO,TODO
штендер x баннер фикс прайс,11.0,1,0,0.0,TODO,TODO,TODO,TODO,TODO
штендер в аренду,7.0,1,1,100.0,TODO,TODO,TODO,TODO,TODO
штендер рекламный купить ижевск,10.0,1,1,100.0,TODO,TODO,TODO,TODO,TODO
штендер сустав,11.0,1,0,0.0,TODO,TODO,TODO,TODO,TODO
этикеток на металлизированной пленке ижевск,23.0,1,0,0.0,TODO,TODO,TODO,TODO,TODO
является ли бейдж сувенирной продукцией,4.0,1,0,0.0,TODO,TODO,TODO,TODO,TODO
