query,engine,visits,visitors,bounce_rate,depth,time_sec
цифра,Яндекс,130,38,0.0692,6.831,997
цифра 18,Яндекс,104,13,0.0096,6.26,964
цифра сайт,Яндекс,83,9,0.012,10.313,1312
типография цифра,Яндекс,62,9,0.0161,14.032,960
цифра типография,Яндекс,49,10,0.0204,8.286,716
печатный салон ижевск,Яндекс,47,24,0.1064,2.128,146
яндекс карты,Яндекс,46,38,0.5435,3.261,113
типография ижевск,Яндекс,40,38,0.2,2.775,215
карты,Яндекс,36,36,0.6389,1.528,97
карта,Яндекс,27,25,0.4074,2.741,52
7 подлесная 34,Яндекс,15,11,0.8,1.2,48
типография,Яндекс,15,14,0.2,3.333,57
цифра ижевск,Яндекс,15,15,0.4667,2.133,149
типографии ижевск,Яндекс,13,12,0.3077,3.769,128
карта ижевска,Яндекс,12,12,0.6667,7.75,510
типография цифра ижевск официальный сайт,Яндекс,11,9,0.3636,1.273,46
карты яндекс,Яндекс,9,9,0.7778,2.778,87
печатные салоны ижевск,Яндекс,9,9,0.4444,2.0,15
печать визиток ижевск,Яндекс,9,6,0.0,5.0,371
ижевск,Яндекс,8,7,0.75,1.5,30
печать ижевск,Яндекс,8,6,0.0,6.375,153
агм гидравлика официальный сайт,Яндекс,7,3,0.1429,3.571,319
ижевск типография,Яндекс,7,7,0.7143,1.571,25
карта ижевск,Яндекс,7,7,0.8571,1.143,0
изготовление магнитов ижевск,Яндекс,6,1,0.0,1.5,174
печатный салон,Яндекс,6,5,0.5,2.0,70
типография цифра ижевск,Яндекс,6,6,0.1667,2.167,32
цифра типография \,Яндекс,6,6,0.0,3.667,97
яндекс карты ижевск,Яндекс,6,6,0.6667,2.333,34
карта ижевска с улицами и домами,Яндекс,5,5,0.8,1.2,0
печать на конвертах на заказ ижевск,Яндекс,5,1,0.2,1.2,14
печать на кружках ижевск,Яндекс,5,3,0.2,3.4,161
печать на футболках ижевск,Яндекс,5,4,0.2,4.6,65
подшить диплом ижевск,Яндекс,5,1,0.8,2.4,9
распечатать документы ижевск,Яндекс,5,5,0.4,1.8,16
цифра типография ижевск,Яндекс,5,5,0.4,1.8,54
7 подлесная 34 ижевск,Яндекс,4,4,0.75,1.25,0
rfhns,Яндекс,4,4,0.75,1.25,2
визитки ижевск,Яндекс,4,3,0.0,8.5,272
ижевск цифра типография,Яндекс,4,1,1.0,1.0,1
изготовление баннеров ижевск,Яндекс,4,3,0.5,1.75,12
изготовление визиток ижевск,Яндекс,4,3,0.0,3.25,272
печать на ткани флаг ижевск,Яндекс,4,1,0.5,1.0,10
цветная печать ижевск,Яндекс,4,4,0.5,4.25,85
цифра 18 ижевск,Яндекс,4,3,0.0,5.75,210
цифра ижевск типография,Яндекс,4,2,0.5,1.5,44
7 подлесная 32а ижевск,Яндекс,3,3,0.3333,1.667,3
"7-я подлесная улица, 34",Яндекс,3,3,0.6667,1.333,1
salelib3,Яндекс,3,2,0.0,3.333,264
wbahf nbgjuhfabz,Яндекс,3,1,0.6667,3.667,48
yandex map,Яндекс,3,1,0.0,2.0,2
вастон ижевск,Яндекс,3,2,0.3333,4.0,107
ижгту,Яндекс,3,3,0.6667,1.333,1
"ижевск, 7-я подлесная, 34а",Яндекс,3,3,1.0,1.0,0
изготовление значков ижевск,Яндекс,3,2,0.0,1.333,360
изготовление лавсановых папок,Яндекс,3,1,0.0,2.333,163
карта ижевска яндекс,Яндекс,3,2,0.0,2.0,441
карта яндекс,Яндекс,3,3,0.3333,2.333,290
печатать документов,Яндекс,3,1,0.6667,1.333,4
печать,Яндекс,3,2,0.3333,4.667,25
печать на ткани ижевск,Яндекс,3,3,0.3333,2.667,23
печать фото ижевск,Яндекс,3,3,0.3333,3.0,311
подлесная типография цифра,Яндекс,3,1,0.3333,2.667,32
признаки орви для буклета,Яндекс,3,1,1.0,1.0,0
рекламные агентства ижевск,Яндекс,3,3,0.0,3.333,381
сделать визитки ижевск,Яндекс,3,1,0.0,1.333,104
типография ижевск цены,Яндекс,3,2,0.3333,2.667,128
типография цифра ижевск отзывы,Яндекс,3,3,1.0,1.0,0
"ул. 7-я подлесная, д. 34",Яндекс,3,3,0.3333,4.333,424
уф печать на ручке,Яндекс,3,3,0.3333,2.333,424
цыфра18.рф,Яндекс,3,2,0.0,1.667,138
этикеток-самоклеек в ижевске,Яндекс,3,1,0.0,2.0,441
"""ижевск"" типография",Яндекс,2,1,0.0,2.0,109
30 лет победы 32а,Яндекс,2,2,1.0,1.0,0
30 лет победы 43 ижевск,Яндекс,2,2,0.5,6.5,148
7 подлесная 34 ижевск на карте,Яндекс,2,2,1.0,1.0,0
gtxfnyst cfkjys b;tdcr,Яндекс,2,1,0.0,2.5,25
nfyws b;tdcr,Яндекс,2,1,1.0,1.0,0
rfhnf,Яндекс,2,2,0.5,2.0,0
агм гидравлика,Яндекс,2,1,0.0,9.5,91
академия цифра ижевск,Яндекс,2,2,0.5,1.5,28
в каком магазине можно распечатать документ,Яндекс,2,1,0.5,4.5,23
все типографии ижевской области,Яндекс,2,1,0.5,1.0,9
евро флаер размер,Яндекс,2,2,0.5,1.5,10
евро флаер размеры,Яндекс,2,2,0.5,1.0,8
ежедневник недельный горизонтальный,Яндекс,2,1,1.0,1.0,0
иж цифра,Яндекс,2,1,0.5,2.0,22
ижгту 3 корпус,Яндекс,2,2,1.0,1.0,0
"ижевск . 7-я подлесная, д. 34.",Яндекс,2,1,0.5,1.5,28
ижевск типографии,Яндекс,2,1,0.5,1.5,7
"ижевск, ул. 7-я подлесная, 34",Яндекс,2,2,1.0,1.0,0
изготовление бейджей,Яндекс,2,2,0.0,1.0,16
изготовление значок акрил ижевск,Яндекс,2,1,0.0,4.0,51
изготовление флагов ижевск,Яндекс,2,1,0.0,1.0,15
карт,Яндекс,2,2,0.0,3.0,197
карта иж,Яндекс,2,1,1.0,1.0,0
карты ижевск,Яндекс,2,2,1.0,1.0,0
ксерокопия ижевск,Яндекс,2,2,0.0,2.0,6
ламинирование диплома ижевск цена,Яндекс,2,1,0.5,2.0,43
лихвинцева 56,Яндекс,2,1,1.0,1.0,0
магазин цифра режим работы,Яндекс,2,1,1.0,1.0,0
нечто 2011,Яндекс,2,1,0.0,7.0,104
операция ламинирование цифра,Яндекс,2,1,0.0,3.0,119
печать а4 ижевск,Яндекс,2,2,0.0,9.5,947
печать баннеров ижевск,Яндекс,2,1,0.0,2.0,53
печать документов,Яндекс,2,2,0.5,1.5,59
печать листовок а7 производство орел офсетная,Яндекс,2,1,0.5,1.5,37
печать на бутылках ижевск,Яндекс,2,2,0.0,1.5,227
печать на кружках оптом,Яндекс,2,1,0.0,1.5,631
печать на магнитах ижевск типографии,Яндекс,2,1,0.0,2.0,375
печать на пластике ижевск,Яндекс,2,2,0.0,1.5,53
печать на футболках глазов,Яндекс,2,2,1.0,1.0,0
печать плакатов ижевск,Яндекс,2,1,0.0,9.5,81
печать проектов и чертежей,Яндекс,2,2,1.0,1.0,0
печать фото,Яндекс,2,2,0.5,1.5,1
полиграфия ижевск,Яндекс,2,2,0.0,5.0,106
производственный календарь 2025 год,Яндекс,2,1,1.0,1.0,0
прошивка диплома ижевск,Яндекс,2,2,0.0,3.5,50
раздача листовок ижевск рекламное агентство,Яндекс,2,1,1.0,1.0,0
распечатка ижевск,Яндекс,2,2,0.5,2.0,0
резка плоттером ижевск,Яндекс,2,1,0.5,1.5,3
рекламное агентство ижевск,Яндекс,2,2,0.5,1.5,2
рекламные агенства ижевск,Яндекс,2,2,1.0,1.0,4
сбербанк,Яндекс,2,2,1.0,1.0,0
софт тач ламинация ижевск,Яндекс,2,1,0.0,3.0,601
спотифай,Яндекс,2,2,1.0,1.0,0
техас печать,Яндекс,2,2,1.0,1.0,0
типографии,Яндекс,2,2,0.0,4.5,1772
типографии ижевска адреса и телефоны,Яндекс,2,2,0.0,2.0,76
типография ижевск адрес и режим работы,Яндекс,2,1,0.0,4.5,75
типография ижевск официальный сайт,Яндекс,2,2,0.5,1.0,7
трек на стекле цифра 18,Яндекс,2,1,0.5,1.5,12
троллейбус 6 ижевск,Яндекс,2,2,1.0,1.0,0
"ул.7-ая подлесная,34,",Яндекс,2,1,0.5,2.5,1
уф печать ижевск,Яндекс,2,2,0.5,1.0,7
фотосалон ижевск,Яндекс,2,2,0.0,4.5,32
цифра 7 подлесная,Яндекс,2,2,0.0,4.5,42
цифра график работы,Яндекс,2,2,0.5,3.0,13
цифра ижевск печатный салон,Яндекс,2,2,0.5,1.5,23
цифра мира магазин где находится,Яндекс,2,1,1.0,1.0,0
цифра на 7 подлесной,Яндекс,2,2,0.0,3.0,326
цифра сувенирная,Яндекс,2,1,0.0,1.0,15
я краты,Яндекс,2,2,0.0,6.5,569
яндекс карта,Яндекс,2,2,1.0,1.0,0
яндекс карта ижевск,Яндекс,2,2,1.0,1.0,0
0 это цифра или число,Яндекс,1,1,0.0,3.0,13
0 это число или цифра,Яндекс,1,1,1.0,1.0,0
100 бейджей ижевск,Яндекс,1,1,0.0,7.0,85
"18:04 q настя 31 фотография ижевск, удмуртская республика ста премиума нет, пиши циферки вашего ri))))",Яндекс,1,1,1.0,1.0,0
1ркб в ижевске как добраться,Яндекс,1,1,0.0,3.0,7
256 оттенков цвета красного зеленого синего,Яндекс,1,1,1.0,1.0,0
29 автобус ижевск,Яндекс,1,1,1.0,1.0,0
30 лет 34а,Яндекс,1,1,1.0,1.0,0
30 лет победы 26 ижевск планета здоровья,Яндекс,1,1,1.0,1.0,0
30 лет победы 2а ижевск,Яндекс,1,1,1.0,1.0,0
30 лет победы 31,Яндекс,1,1,1.0,1.0,0
30 лет победы 32,Яндекс,1,1,1.0,1.0,0
30 лет победы 32а ижевск контакт,Яндекс,1,1,1.0,1.0,0
30 лет победы 34,Яндекс,1,1,1.0,1.0,0
30 лет победы 34 ижевск,Яндекс,1,1,0.0,2.0,54
30 лет победы 49,Яндекс,1,1,1.0,1.0,0
30 лет победы д.36,Яндекс,1,1,1.0,1.0,0
30 лет победы остановка,Яндекс,1,1,1.0,1.0,0
30 лет победы ул ижевск с обозначениями домов,Яндекс,1,1,1.0,1.0,0
"30 лет победы, 42б ижевск яндекс карта",Яндекс,1,1,1.0,1.0,0
3d печать в ижевске,Яндекс,1,1,1.0,1.0,0
3d печать ижевск,Яндекс,1,1,0.0,2.0,0
3d силиконовый трансфер или puff печать на вещи ижевск,Яндекс,1,1,0.0,1.0,14
3д печать ижевск,Яндекс,1,1,0.0,9.0,20
3д печать на заказ в ижевске,Яндекс,1,1,0.0,4.0,601
3д печать сарапул,Яндекс,1,1,1.0,1.0,0
5 подлесная 5 ижевск,Яндекс,1,1,1.0,1.0,0
"5-ая подлесная, 3",Яндекс,1,1,1.0,1.0,0
50 лет пионерии 43 вайлбдреиз,Яндекс,1,1,0.0,2.0,4
58х40 термотрансферные этикетки,Яндекс,1,1,0.0,3.0,3
5post ижевск,Яндекс,1,1,1.0,1.0,0
6 подлесная,Яндекс,1,1,1.0,1.0,0
7 341 232-32-41,Яндекс,1,1,0.0,1.0,19
7 gjlktcyfz? 80,Яндекс,1,1,1.0,1.0,0
7 подлесная 100,Яндекс,1,1,1.0,1.0,0
7 подлесная 26,Яндекс,1,1,1.0,1.0,0
7 подлесная 32а,Яндекс,1,1,1.0,1.0,0
7 подлесная 32а как доехать,Яндекс,1,1,0.0,2.0,20
7 подлесная 34 панорама,Яндекс,1,1,0.0,5.0,114
7 подлесная 34а,Яндекс,1,1,1.0,1.0,0
7 подлесная 71 ижевск на карте,Яндекс,1,1,0.0,2.0,13
7 подлесная 71 ижевск на карте доктор плюс,Яндекс,1,1,1.0,1.0,0
7 подлесная 96,Яндекс,1,1,1.0,1.0,0
7 подлесная 97,Яндекс,1,1,1.0,1.0,0
7 подлесная 97 ижевск на карте,Яндекс,1,1,1.0,1.0,0
"7 подлесная, 83",Яндекс,1,1,1.0,1.0,0
7 подлестьая,Яндекс,1,1,1.0,1.0,0
7 я подлесная 32а,Яндекс,1,1,1.0,1.0,0
7 я подлесная 34 ижевск ооо цифра,Яндекс,1,1,1.0,1.0,0
7 я подлесная 97 ижевск,Яндекс,1,1,1.0,1.0,0
7-ая подлесная 34,Яндекс,1,1,0.0,2.0,35
7-ая подлесная 71,Яндекс,1,1,1.0,1.0,0
7-я подлесная 34,Яндекс,1,1,0.0,1.0,77
7-я подлесная 80,Яндекс,1,1,1.0,1.0,0
"7-я подлесная ул., 34",Яндекс,1,1,1.0,1.0,0
"7-я подлесная ул., 34 +7 (3412) 32-32-41 гис",Яндекс,1,1,1.0,1.0,0
"7-я подлесная, 34",Яндекс,1,1,1.0,1.0,0
7-я подлессная 34,Яндекс,1,1,0.0,5.0,81
71 сад ижевск,Яндекс,1,1,1.0,1.0,0
7я подлесная 34а,Яндекс,1,1,1.0,1.0,0
8 подлесная 76 фото дама ижевск,Яндекс,1,1,0.0,2.0,13
8 подлесная 82,Яндекс,1,1,1.0,1.0,0
8 подлесная ижевск,Яндекс,1,1,1.0,1.0,0
8я подлесная,Яндекс,1,1,1.0,1.0,0
8я подлесная 48 а,Яндекс,1,1,1.0,1.0,0
9 gjktcyfz15 yf rfhnt,Яндекс,1,1,1.0,1.0,0
9 подлесная 31а ижевск планета здоровья,Яндекс,1,1,1.0,1.0,0
9я подлесная 31,Яндекс,1,1,1.0,1.0,0
b;une 3 rjhgec,Яндекс,1,1,0.0,2.0,178
"bpujnjdktybt ,fyythjd d b;tdcrt",Яндекс,1,1,0.0,1.0,15
bpujnjdktybt pyfxjd d b;tdcrt,Яндекс,1,1,0.0,1.0,30
cneltyxtcrfz 7,Яндекс,1,1,1.0,1.0,0
dtf печать ижевск,Яндекс,1,1,0.0,1.0,22
dtf печать на одежде ижевск,Яндекс,1,1,0.0,2.0,191
flop перевод,Яндекс,1,1,1.0,1.0,0
gtxfnysq cfkjy,Яндекс,1,1,0.0,3.0,9
hfcgtxfnfnm b;tdcr,Яндекс,1,1,0.0,3.0,0
izhcifra,Яндекс,1,1,0.0,2.0,132
mybook,Яндекс,1,1,1.0,1.0,0
nbgjuhfabz,Яндекс,1,1,1.0,1.0,0
wbahf b;tdcr,Яндекс,1,1,0.0,2.0,833
wdtnyfz gtxfnm,Яндекс,1,1,1.0,1.0,0
ya,Яндекс,1,1,1.0,1.0,0
yandex maps,Яндекс,1,1,0.0,2.0,8
yl.xjyjr [jkvjujhjd,Яндекс,1,1,1.0,1.0,0
{печать голографических наклеек ижевск,Яндекс,1,1,0.0,1.0,198
" ул. школьная, д. 27.",Яндекс,1,1,1.0,1.0,0
Заказать переплет на металлическую пружинку купить,Яндекс,1,1,0.0,1.0,16
Заказать ручки и ракеты с логотипом в ижевске,Яндекс,1,1,0.0,1.0,46
Изготовление мобильных стендов ижевск,Яндекс,1,1,0.0,5.0,594
Календарь-кубик-трансформер,Яндекс,1,1,0.0,1.0,16
Пазлы типография на заказ,Яндекс,1,1,0.0,1.0,15
Типография цифра,Яндекс,1,1,0.0,1.0,15
Цифра,Яндекс,1,1,0.0,6.0,158
Цифра типография,Яндекс,1,1,0.0,1.0,15
авито доставка ижевск пункты выдачи,Яндекс,1,1,0.0,2.0,17
авито пункты приема заказов ижевск,Яндекс,1,1,1.0,1.0,0
авито услуги цветной печати,Яндекс,1,1,0.0,3.0,84
автобусная остановка аграрный университет ижевс,Яндекс,1,1,1.0,1.0,0
адресная табличка ижевск изготовление,Яндекс,1,1,1.0,1.0,0
акриловые брелки изготовление,Яндекс,1,1,0.0,2.0,62
алнаши принт кружек,Яндекс,1,1,1.0,1.0,0
аптека ижевск ближайший,Яндекс,1,1,1.0,1.0,0
аптеки ижевск на карте,Яндекс,1,1,0.0,2.0,1
аренда помещений ижевск,Яндекс,1,1,1.0,1.0,0
арт портрет в воткинске,Яндекс,1,1,1.0,1.0,0
архитектура ижгту,Яндекс,1,1,0.0,2.0,16
ауз ур рсп мз ур ижевск,Яндекс,1,1,1.0,1.0,0
банки рядом со мной на карте,Яндекс,1,1,1.0,1.0,0
банкоматы сбер на карте,Яндекс,1,1,1.0,1.0,0
банкоматы сбербанка ижевск,Яндекс,1,1,1.0,1.0,0
банкоматы сбербанка ижевск на карте,Яндекс,1,1,1.0,1.0,0
баннер 3*2 заказать,Яндекс,1,1,0.0,1.0,15
баннер заказать,Яндекс,1,1,0.0,4.0,15
баннер заказать в ижевске,Яндекс,1,1,0.0,2.0,0
баннер ижевск заказ,Яндекс,1,1,0.0,3.0,350
баннер ролл ап,Яндекс,1,1,0.0,2.0,22
баннер ролл ап в ижевске бу,Яндекс,1,1,0.0,2.0,34
баннерная сетка проклейка по периметру типография ижевск,Яндекс,1,1,0.0,4.0,1181
баня 7 ижевск контакты,Яндекс,1,1,1.0,1.0,0
баня номер7,Яндекс,1,1,1.0,1.0,0
батарейка крона ижевск,Яндекс,1,1,0.0,5.0,58
бейдж ламинированный,Яндекс,1,1,0.0,1.0,681
бейдж на мероприятие печать,Яндекс,1,1,0.0,9.0,193
бережливый студент ижевск,Яндекс,1,1,1.0,1.0,0
берша школа 8 ижевск,Яндекс,1,1,1.0,1.0,0
бетонный завод,Яндекс,1,1,1.0,1.0,0
бирки пришивные ижевск,Яндекс,1,1,0.0,3.0,3
бланки ижевск где купить,Яндекс,1,1,0.0,11.0,125
блокнот органайзер,Яндекс,1,1,0.0,2.0,0
брендирование ручек,Яндекс,1,1,0.0,1.0,15
брошюровка документов где сделать ижевск,Яндекс,1,1,0.0,2.0,53
бугалтерские услуги ижевск,Яндекс,1,1,1.0,1.0,0
бэклит печать ижевск,Яндекс,1,1,0.0,1.0,26
вадима сивкома 275,Яндекс,1,1,0.0,2.0,4
вайлдберриз,Яндекс,1,1,1.0,1.0,0
ватсон фото ижевск,Яндекс,1,1,1.0,1.0,6
визитка в ижевске,Яндекс,1,1,1.0,1.0,0
визитка заказать ижевск,Яндекс,1,1,0.0,2.0,41
визитки,Яндекс,1,1,1.0,1.0,0
визитки вавож,Яндекс,1,1,1.0,1.0,0
визитки ижевск быстро,Яндекс,1,1,0.0,2.0,160
визитки ижевск заказать,Яндекс,1,1,0.0,3.0,238
визитки с покрытием софттач,Яндекс,1,1,1.0,1.0,0
визитки стоимость,Яндекс,1,1,0.0,5.0,84
волушка ижевск,Яндекс,1,1,1.0,1.0,0
восстановить ижевск печать,Яндекс,1,1,0.0,2.0,1
восстановление флешки без потери данных,Яндекс,1,1,1.0,1.0,0
воткинск кружка с именем,Яндекс,1,1,0.0,2.0,868
"воткинск, где можно сделать надпись на футболку?",Яндекс,1,1,1.0,1.0,0
вото на документы около игту,Яндекс,1,1,1.0,1.0,0
"г ижевск, ул 7-я подлесная, д 32",Яндекс,1,1,1.0,1.0,0
г ижевска 7я подлесная 34,Яндекс,1,1,1.0,1.0,0
г. ижевск рекламная компания,Яндекс,1,1,1.0,1.0,1
г.ижевск ул. 7 подлесная д.34,Яндекс,1,1,1.0,1.0,0
"г.ижевск, ул.30 лет победы, д.34а",Яндекс,1,1,0.0,2.0,8
"г.ижевск, ул.50 лет пионерии, д.47",Яндекс,1,1,1.0,1.0,0
где в балезино можно сделать скан документа,Яндекс,1,1,1.0,1.0,0
где в балезино можно сделать флаг,Яндекс,1,1,1.0,1.0,0
где в воткинске модно заказать подарок фото на кружке,Яндекс,1,1,1.0,1.0,0
где в глазове делают наклейки для автомобиля под заказ,Яндекс,1,1,1.0,1.0,0
где в глазове можно заказать брендированную футболку ручки шоперы и блокноты,Яндекс,1,1,1.0,1.0,0
где в глазове можно распечатать текст,Яндекс,1,1,1.0,1.0,0
где в глазове сделать футболку с принтом,Яндекс,1,1,1.0,1.0,0
где в городе глазов удмуртия распечатать в бумажном виде письмо с электронной почты,Яндекс,1,1,1.0,1.0,0
где в ижевске заказать кубик рубик из фото,Яндекс,1,1,0.0,1.0,15
где в ижевске можно заказать визитки,Яндекс,1,1,0.0,5.0,868
где в ижевске можно заполнить чистое удостоверение,Яндекс,1,1,1.0,1.0,0
где в ижевске можно напечатать визитки,Яндекс,1,1,1.0,1.0,0
где в ижевске можно распечатать документы с флешки,Яндекс,1,1,0.0,2.0,0
где в ижевске можно распечатать реквизиты с телефона,Яндекс,1,1,1.0,1.0,0
где в ижевске можно сделать 3д стикеры,Яндекс,1,1,0.0,3.0,11
где в ижевске можно сделать ксерокопию документов адреса,Яндекс,1,1,1.0,1.0,0
где в ижевске можно сделать упаковку с дизайном,Яндекс,1,1,1.0,1.0,0
где в ижевске отреставрировать книгу,Яндекс,1,1,1.0,1.0,0
где в ижевске распечатать документы,Яндекс,1,1,0.0,3.0,8
где в ижевске распечатать чертежи на формате а 1,Яндекс,1,1,0.0,2.0,6
где в кезу можно распечатать,Яндекс,1,1,1.0,1.0,0
где в кезу можно сделать кружки с фото,Яндекс,1,1,1.0,1.0,0
где в киясово можно распечатать дипломную работу,Яндекс,1,1,1.0,1.0,0
где в металлурге распечатать диплом и прошить в ижевске,Яндекс,1,1,1.0,1.0,0
где в можге можно сделать рисунок на кружке,Яндекс,1,1,1.0,1.0,0
где в можге можно сделать фото на кружку,Яндекс,1,1,1.0,1.0,0
где в нылге можно распечатать,Яндекс,1,1,1.0,1.0,0
где делают закладки для книг ижевск,Яндекс,1,1,1.0,1.0,0
где делают ксерокопии в глазове,Яндекс,1,1,1.0,1.0,1
где делают фото на холсте и какие есть размеры город сарапул,Яндекс,1,1,1.0,1.0,0
где заправить картридж для принтера в ижевске,Яндекс,1,1,0.0,3.0,16
где заправить лазерный картридж для принтера ижевск,Яндекс,1,1,0.0,3.0,9
где купить флаги к 9 мая в ижевске адреса,Яндекс,1,1,1.0,1.0,0
где можно в воткинске напечатать шкалу на пвх трубе,Яндекс,1,1,0.0,1.0,71
где можно заказать кружки с фотографиями и за сколько в сарапуле,Яндекс,1,1,1.0,1.0,0
где можно заламинировать документ ижевск,Яндекс,1,1,0.0,2.0,126
где можно отксерить документы в глазове,Яндекс,1,1,1.0,1.0,0
где можно погулять в ижевске в металлурге распечатать документы,Яндекс,1,1,0.0,2.0,0
где можно распечатать в глазове,Яндекс,1,1,1.0,1.0,0
где можно распечатать возле ижгту,Яндекс,1,1,1.0,1.0,0
где можно распечатать документы,Яндекс,1,1,0.0,3.0,0
где можно распечатать документы ижевск рядом с ижгту,Яндекс,1,1,0.0,4.0,22
где можно распечатать наклейки,Яндекс,1,1,1.0,1.0,0
где можно распечатать постеры в ижевске,Яндекс,1,1,0.0,8.0,94
где можно распечатать с телефона файл,Яндекс,1,1,1.0,1.0,0
где можно распечатать чертежи формата а1 сарапул,Яндекс,1,1,1.0,1.0,0
где можно распичатвать документы,Яндекс,1,1,0.0,2.0,0
где можно сделать пластиковую обложку для курсовой работы в ижевске,Яндекс,1,1,1.0,1.0,0
где можно сделать сканы документов в глазове,Яндекс,1,1,1.0,1.0,0
где по первому маю можно распечатать документы,Яндекс,1,1,1.0,1.0,0
где подшить дипломную работу в можге,Яндекс,1,1,1.0,1.0,0
где поставить прививку от клещевого энцефалита в ижевске,Яндекс,1,1,1.0,1.0,0
где прошивают на железную пружину,Яндекс,1,1,0.0,1.0,29
где распечататть работу,Яндекс,1,1,0.0,4.0,7
где распечатать документы ижевск,Яндекс,1,1,0.0,3.0,0
где распечатать ижевск,Яндекс,1,1,0.0,4.0,80
где сделать перетяжку книг в ижевске,Яндекс,1,1,1.0,1.0,0
где сделать принт рисунка на куртке в сарапуле,Яндекс,1,1,1.0,1.0,0
где сделать распечатку на глоттере в глазове,Яндекс,1,1,1.0,1.0,0
глазов кружки с надписью,Яндекс,1,1,1.0,1.0,0
глазов печать на холсте,Яндекс,1,1,1.0,1.0,0
глазов портреты на холсте,Яндекс,1,1,0.0,1.0,20
глазов цветная печать на формате а1,Яндекс,1,1,1.0,1.0,0
"гор. строителей, 66а",Яндекс,1,1,0.0,7.0,46
гост 3553-87 бумага телефонная,Яндекс,1,1,1.0,1.0,0
гостиницы в ижевске,Яндекс,1,1,1.0,1.0,0
государственные стоматололгичиские поликлиники ижевск,Яндекс,1,1,1.0,1.0,0
гравировка в ижевске,Яндекс,1,1,0.0,1.0,27
гравировка ижевск,Яндекс,1,1,0.0,1.0,18
гравировка на деревянных ручках ижевск,Яндекс,1,1,0.0,5.0,52
гравировка на маркираторе,Яндекс,1,1,0.0,2.0,11
гравировка на металле ижевск адреса цены,Яндекс,1,1,0.0,1.0,24
гравировщик по кружкам в ижевске,Яндекс,1,1,0.0,1.0,21
грибоедова 30 а ижевск,Яндекс,1,1,1.0,1.0,0
гудаута абхазия,Яндекс,1,1,1.0,1.0,0
датабанк на школьной,Яндекс,1,1,1.0,1.0,0
движение транспорта на карте онлайн,Яндекс,1,1,1.0,1.0,0
детский сад с бассйном металлург ижевск,Яндекс,1,1,1.0,1.0,0
дешевый салон пнчать в ижевске,Яндекс,1,1,0.0,4.0,181
джампинг ижевск,Яндекс,1,1,1.0,1.0,0
дизайн и распечатка сертификатов глазов,Яндекс,1,1,1.0,1.0,0
дк интеграл ижевск на карте,Яндекс,1,1,1.0,1.0,0
до скольки работает печатный салон возле вейп шопа возле ижгту,Яндекс,1,1,0.0,2.0,1
"доктор плюс 7-я подлесная ул., 71 фото",Яндекс,1,1,1.0,1.0,0
доктор плюс ижевск,Яндекс,1,1,1.0,1.0,0
доктор плюс ижевск 7 подлесная 71,Яндекс,1,1,1.0,1.0,0
доктор плюс короткова 23,Яндекс,1,1,1.0,1.0,0
дом природы ижевск,Яндекс,1,1,0.0,3.0,9
дорога ижевск,Яндекс,1,1,0.0,16.0,104
дтф ижевск,Яндекс,1,1,0.0,9.0,192
дтф печать на заказ,Яндекс,1,1,0.0,1.0,15
дши 4 ижевск,Яндекс,1,1,1.0,1.0,0
е1 хмао,Яндекс,1,1,0.0,6.0,478
евролистовки ижевск,Яндекс,1,1,0.0,1.0,15
еврофлаер размеры в пикселях,Яндекс,1,1,1.0,1.0,0
еврофлаер размеры для печати,Яндекс,1,1,1.0,1.0,0
жк берша ижевск,Яндекс,1,1,1.0,1.0,0
заказ визиток ижевск,Яндекс,1,1,0.0,3.0,1587
заказ печати идевск,Яндекс,1,1,0.0,2.0,0
заказать баннер в можге,Яндекс,1,1,1.0,1.0,0
заказать брендированный шоколад в ижевске,Яндекс,1,1,0.0,3.0,297
заказать визитки в ижевске недорого,Яндекс,1,1,0.0,5.0,323
заказать визитки онлайн ижевск,Яндекс,1,1,0.0,2.0,22
заказать виниловые наклейки со своим дизайном,Яндекс,1,1,0.0,2.0,21
заказать значок со своим дизайном ижевск,Яндекс,1,1,0.0,1.0,14
заказать именную кружку в сарапуле,Яндекс,1,1,0.0,1.0,169
заказать картину на холсте по фотографии,Яндекс,1,1,1.0,1.0,0
заказать печать для ип в ижевске,Яндекс,1,1,0.0,2.0,0
заказать печать для ооо,Яндекс,1,1,0.0,4.0,55
заказать портрет мужа в костюме сво воткинск,Яндекс,1,1,1.0,1.0,0
заказать фирменную коробку в типографии цена ижевск,Яндекс,1,1,0.0,1.0,15
заламинировать а3 формат ижевск,Яндекс,1,1,0.0,1.0,18
запись на диск lbgkjv,Яндекс,1,1,1.0,1.0,0
запишите в ответ цифры под которыми указаны выбранные характеристики рисунок 4,Яндекс,1,1,0.0,2.0,1
зделать 3 д наклейки для телефон ижевск,Яндекс,1,1,0.0,5.0,198
значки для авито объявлений цветные,Яндекс,1,1,0.0,2.0,53
значок функция,Яндекс,1,1,1.0,1.0,0
и жевск 7 подлесная 34в/1,Яндекс,1,1,1.0,1.0,0
идевск типография,Яндекс,1,1,0.0,2.0,78
ижгту 9 корпус,Яндекс,1,1,0.0,7.0,124
ижгту карта,Яндекс,1,1,0.0,2.0,13
ижгту корпус 6 на крате,Яндекс,1,1,1.0,1.0,0
ижгту на карте,Яндекс,1,1,1.0,1.0,0
ижгту на карте ижевска,Яндекс,1,1,1.0,1.0,0
ижгту печатный салон,Яндекс,1,1,0.0,5.0,19
ижевс,Яндекс,1,1,0.0,2.0,93
ижевск 30 лет победы 32а,Яндекс,1,1,1.0,1.0,0
ижевск 30 лет победы дом 19,Яндекс,1,1,1.0,1.0,0
ижевск 7 подлесная 71 на карте,Яндекс,1,1,0.0,4.0,1007
ижевск 7-я подлесная 34а,Яндекс,1,1,1.0,1.0,0
ижевск диджитал агенство,Яндекс,1,1,1.0,1.0,0
ижевск жк истории,Яндекс,1,1,1.0,1.0,0
ижевск изготовить баннер натяжной на люверсах 150*170,Яндекс,1,1,0.0,1.0,20
ижевск изготовление визиток 4*4 см,Яндекс,1,1,0.0,1.0,15
ижевск изготовление железных уличных закрытых стендов для афиш,Яндекс,1,1,1.0,1.0,0
ижевск изготовление рамок алюминиевых,Яндекс,1,1,0.0,1.0,24
ижевск карлудская набережная,Яндекс,1,1,1.0,1.0,0
ижевск карта города,Яндекс,1,1,1.0,1.0,0
ижевск карта яндекс 30 лет победы,Яндекс,1,1,1.0,1.0,0
ижевск на карте,Яндекс,1,1,1.0,1.0,0
ижевск оклейка машин пленкой оракал,Яндекс,1,1,0.0,3.0,64
ижевск парк кирова,Яндекс,1,1,1.0,1.0,0
ижевск печатный салон,Яндекс,1,1,0.0,5.0,87
ижевск печать,Яндекс,1,1,0.0,10.0,103
ижевск печать манитов,Яндекс,1,1,0.0,2.0,49
ижевск печать на прозрачном пластике,Яндекс,1,1,0.0,1.0,15
ижевск печать на самоклеющейся пленке,Яндекс,1,1,0.0,1.0,40
ижевск печать плакатов цена,Яндекс,1,1,0.0,1.0,16
ижевск печать фото,Яндекс,1,1,0.0,6.0,69
ижевск пластиковый шильдик реклама,Яндекс,1,1,0.0,1.0,16
ижевск полиграфия,Яндекс,1,1,0.0,6.0,130
ижевск расписание трамваев,Яндекс,1,1,1.0,1.0,0
ижевск ркб 1,Яндекс,1,1,0.0,2.0,17
ижевск рулонный ламинирование,Яндекс,1,1,0.0,1.0,26
ижевск салон 18 печать на футболках,Яндекс,1,1,1.0,1.0,0
ижевск сион пресс-волл шторный,Яндекс,1,1,0.0,1.0,22
ижевск студенческая 7,Яндекс,1,1,1.0,1.0,0
ижевск типография магниты,Яндекс,1,1,1.0,1.0,0
ижевск транспорт онлайн,Яндекс,1,1,1.0,1.0,0
ижевск ул 30 лет победы 32 а,Яндекс,1,1,1.0,1.0,0
ижевск ул 7 ая подлесная 34,Яндекс,1,1,1.0,1.0,0
ижевск ул 7 я подлесная 34,Яндекс,1,1,1.0,1.0,0
ижевск ул дружбы 6,Яндекс,1,1,0.0,3.0,171
ижевск ул труда 40,Яндекс,1,1,0.0,2.0,8
ижевск улица песочная дом 30 3d,Яндекс,1,1,1.0,1.0,0
ижевск цветная печать а3,Яндекс,1,1,1.0,1.0,0
"ижевск, 7-я подлесная улица, 34",Яндекс,1,1,1.0,1.0,0
"ижевск, 8-я подлесная ул., 78а",Яндекс,1,1,1.0,1.0,0
"ижевск, г. ижевск, ул. 7-я подлесная, з/у 34а",Яндекс,1,1,1.0,1.0,0
"ижевск, ул.7-ая подлесная,34.",Яндекс,1,1,0.0,2.0,1
ижевск. где можно распечатать текст?,Яндекс,1,1,0.0,3.0,50
ижевский пруд на карте,Яндекс,1,1,1.0,1.0,0
ижевсктипография,Яндекс,1,1,0.0,3.0,157
ижтгу как добраться,Яндекс,1,1,1.0,1.0,0
ижцифра ул 7я подлесная 34,Яндекс,1,1,1.0,1.0,7
изготовить визитки в ижевске,Яндекс,1,1,0.0,3.0,56
изготовить пластиковые карты ижевск,Яндекс,1,1,0.0,1.0,15
изготовить серебристую наклейку ижевск,Яндекс,1,1,0.0,1.0,15
изготовление акриловых брелков,Яндекс,1,1,0.0,1.0,15
изготовление банеров в ижевске,Яндекс,1,1,0.0,2.0,32
изготовление баннеров в воткинске,Яндекс,1,1,1.0,1.0,0
изготовление баннеров в ижевске,Яндекс,1,1,0.0,8.0,265
изготовление баннеров в ижевске на заказ,Яндекс,1,1,1.0,1.0,0
изготовление баннеров сарапул друзья,Яндекс,1,1,1.0,1.0,0
изготовление знаков и табличек в ижевске,Яндекс,1,1,0.0,2.0,0
изготовление изделий из оргстекла ижевск,Яндекс,1,1,0.0,1.0,16
изготовление информационного куба 2*2 метра цена удмуртия,Яндекс,1,1,1.0,1.0,0
изготовление конвертов ижевск,Яндекс,1,1,0.0,7.0,230
изготовление наклеек в ижевске,Яндекс,1,1,0.0,2.0,171
изготовление пакетов на заказ,Яндекс,1,1,0.0,2.0,37
изготовление печати флаг ижевск,Яндекс,1,1,0.0,5.0,420
изготовление ролл ап цена,Яндекс,1,1,0.0,1.0,15
изготовление стендов в ижевске,Яндекс,1,1,0.0,2.0,51
изготовление стендов ижевск,Яндекс,1,1,0.0,1.0,15
изготовление стендов по заказу в удмуртии,Яндекс,1,1,0.0,1.0,144
изготовление табличек ижевск,Яндекс,1,1,0.0,1.0,74
империал ижевск,Яндекс,1,1,1.0,1.0,0
индекс как писать цифры на конверте,Яндекс,1,1,0.0,2.0,8
инженерная печать чертежей,Яндекс,1,1,1.0,1.0,0
интеграл ижевск,Яндекс,1,1,1.0,1.0,0
интересный настенный календарь,Яндекс,1,1,0.0,2.0,83
"интерьерная печать в балезино, удмуртия",Яндекс,1,1,1.0,1.0,0
используя цифры и знаки изображенные на рисунке составьте дробное выражение 5 7,Яндекс,1,1,1.0,1.0,0
итроллейбус 6,Яндекс,1,1,0.0,2.0,262
йога в гамаках,Яндекс,1,1,1.0,1.0,0
как выглядит уф печать на флешке,Яндекс,1,1,0.0,1.0,15
как доехать на трамвае до ижгту на 10 трамваи ижевск карта,Яндекс,1,1,1.0,1.0,0
как изобращить тело с вырезом на чертеже,Яндекс,1,1,0.0,3.0,8
"как называется место, как файлик прозрачный, но пластиковый, туда вставляется обновленная афиша",Яндекс,1,1,0.0,1.0,15
как найти улицу 30 лет победы д.2 в городе ижевске,Яндекс,1,1,1.0,1.0,0
как рисовать микросхемы на чертеже,Яндекс,1,1,1.0,1.0,0
как слепить пенокартон 2 листа,Яндекс,1,1,0.0,2.0,210
как упаковать футболку для продажи,Яндекс,1,1,0.0,1.0,28
какие недостатки демонстрировать цифровую типографию в широком смысле в зимний сезон зимой,Яндекс,1,1,1.0,1.0,0
какие цифры делятся на 3,Яндекс,1,1,1.0,1.0,0
какие части изображенной на рисунке почки человека обозначены цифрами 1 и 2 укажите функции,Яндекс,1,1,0.0,2.0,0
"какие+обозначения+больших+цифр+по-типу+1000+-+1к,+1000000+-+1кк",Яндекс,1,1,0.0,2.0,4
каким шрифтом нарисована цифра lego на бумажных пакетах,Яндекс,1,1,1.0,1.0,0
какова цена на баннер с надписью с юбилеем 80 и фотографией в ижевске,Яндекс,1,1,0.0,8.0,57
календари настенные свежие идеи,Яндекс,1,1,0.0,1.0,396
календари с названием фирмы идеи,Яндекс,1,1,0.0,1.0,23
календарная сетка на 2026 год на прозрачном фоне,Яндекс,1,1,1.0,1.0,0
календарь 2027 макет для топливной компании,Яндекс,1,1,0.0,1.0,16
календарь домик 2026 печать ижевск,Яндекс,1,1,0.0,1.0,15
календарь квартальный мини,Яндекс,1,1,0.0,1.0,30
календарь на 2025,Яндекс,1,1,0.0,2.0,1
календарь на 2027 помесячно,Яндекс,1,1,1.0,1.0,0
кальку,Яндекс,1,1,1.0,1.0,0
канцелярские товары ижевск рядом,Яндекс,1,1,0.0,3.0,165
кариты,Яндекс,1,1,1.0,1.0,0
"карманы из пэт о,7",Яндекс,1,1,0.0,1.0,22
кармашек под техосмотр на стекло,Яндекс,1,1,0.0,1.0,15
карта г ижевска с улицами и номерами домов,Яндекс,1,1,1.0,1.0,0
карта ижевс,Яндекс,1,1,1.0,1.0,0
карта ижевск столовая сей час,Яндекс,1,1,1.0,1.0,0
карта ижевск улица 7-ая подлесная 85,Яндекс,1,1,1.0,1.0,0
карта ижевска с районами города и улицами,Яндекс,1,1,1.0,1.0,0
карта ижевска с улицами и домами посмотреть и номерами домов онлайн бесплатно,Яндекс,1,1,1.0,1.0,0
карта ижевска с улицами и номерами домов,Яндекс,1,1,1.0,1.0,0
карта октябрьского района ижевска с улицами и домами подробно,Яндекс,1,1,0.0,2.0,83
карта осадков,Яндекс,1,1,1.0,1.0,0
карта очера,Яндекс,1,1,0.0,3.0,6
карта транспорта ижевск,Яндекс,1,1,1.0,1.0,0
картина на стену по фото с телефона в можге,Яндекс,1,1,1.0,1.0,0
картины матисса фото с названиями самые знаменитые,Яндекс,1,1,1.0,1.0,0
картины на заказ на холсте по фотографии,Яндекс,1,1,0.0,1.0,15
картины по номерам ижевск,Яндекс,1,1,1.0,1.0,0
картины по фото ува,Яндекс,1,1,1.0,1.0,0
картонный конверт для футболки,Яндекс,1,1,0.0,1.0,15
карты ижевска,Яндекс,1,1,1.0,1.0,0
кафе ижевск,Яндекс,1,1,1.0,1.0,0
кб каталог,Яндекс,1,1,0.0,3.0,21
квартальные сетки 2027 скачать,Яндекс,1,1,0.0,1.0,15
квартальный календарь 2027,Яндекс,1,1,1.0,1.0,0
квартальный календарь 2027 миллион открыток элитар стайл,Яндекс,1,1,0.0,1.0,15
квартальный календарь 2027 с рекламой продукции компании,Яндекс,1,1,0.0,2.0,33
кирово-чепецк - ижевск,Яндекс,1,1,1.0,1.0,0
киясово распечатать фото на кружку,Яндекс,1,1,1.0,1.0,0
ккарта,Яндекс,1,1,1.0,1.0,0
ккарты,Яндекс,1,1,1.0,1.0,0
кокос лаунж ижевск,Яндекс,1,1,1.0,1.0,0
колорит сарапул,Яндекс,1,1,0.0,3.0,111
компания цифра ижевск,Яндекс,1,1,0.0,6.0,188
компания цифра отзывы,Яндекс,1,1,1.0,1.0,0
композитная табличка с заклейкой торцов,Яндекс,1,1,1.0,1.0,0
конверт для свадьбы сделать где можно,Яндекс,1,1,0.0,1.0,15
конверт на печать с днем рождения site:yandex.ru/maps/,Яндекс,1,1,1.0,1.0,0
контур,Яндекс,1,1,0.0,3.0,609
копии документов ижевск,Яндекс,1,1,0.0,1.0,18
копировальные услуги посёлок яр,Яндекс,1,1,1.0,1.0,0
корпус 2 ижгту студенческая ул 48 фото,Яндекс,1,1,1.0,1.0,0
"красногеройская, 61 район ижевска",Яндекс,1,1,1.0,1.0,0
крафтовых конверта в ижевск,Яндекс,1,1,0.0,2.0,8
кругозор рекламма,Яндекс,1,1,0.0,2.0,6
кружка с принтом на заказ глазов,Яндекс,1,1,1.0,1.0,0
кружка с фото ижевск,Яндекс,1,1,0.0,5.0,112
кружки на заказ алнаши,Яндекс,1,1,1.0,1.0,0
ксерокопии документов завьялово,Яндекс,1,1,1.0,1.0,0
ксерокопия рядом со мной на карте,Яндекс,1,1,0.0,3.0,94
кто установил камеру на доме 7-я подлесная 34,Яндекс,1,1,0.0,5.0,375
кубик с гравировкой ижевск,Яндекс,1,1,0.0,1.0,17
кубик трансформер 2х2 спб типография,Яндекс,1,1,0.0,1.0,21
купить дипломную папку,Яндекс,1,1,1.0,1.0,0
купить ёлку искусственную,Яндекс,1,1,0.0,2.0,14
курьерские пакеты ижевск,Яндекс,1,1,0.0,3.0,412
лавсановая папка,Яндекс,1,1,1.0,1.0,0
лавсановый уголок что это,Яндекс,1,1,0.0,1.0,15
лазерная гравировка в ижевске,Яндекс,1,1,0.0,2.0,48
лазерная гравировка ручки ижевск,Яндекс,1,1,0.0,5.0,88
лазерная маркировка в ижевске,Яндекс,1,1,0.0,1.0,15
ламинирование бумаги а3 ижевск,Яндекс,1,1,0.0,2.0,276
лейкоциты норма,Яндекс,1,1,0.0,1.0,15
ленина 42,Яндекс,1,1,1.0,1.0,0
ленина 68,Яндекс,1,1,1.0,1.0,0
лента для бейджа с логотипом рособоронэкспорт,Яндекс,1,1,0.0,1.0,15
ленты для бейджей с логотипом в ижевске,Яндекс,1,1,0.0,1.0,15
логотип google,Яндекс,1,1,1.0,1.0,0
логотип на ручке,Яндекс,1,1,1.0,1.0,0
логотип термопленкой на одежде ижевск,Яндекс,1,1,0.0,1.0,15
магазин ай кай,Яндекс,1,1,1.0,1.0,0
магазин цветов ижевск,Яндекс,1,1,1.0,1.0,0
магнит 5*5 см виниловый фото,Яндекс,1,1,1.0,1.0,2
магнит виниловой,Яндекс,1,1,1.0,1.0,3
магнит виниловый изготовление,Яндекс,1,1,0.0,1.0,18
магнит кругосуточный,Яндекс,1,1,1.0,1.0,0
макет футляр под ручку из картона,Яндекс,1,1,0.0,1.0,15
маршрут 29 автобуса ижевск,Яндекс,1,1,1.0,1.0,0
маршрут по ижевскуъ,Яндекс,1,1,0.0,3.0,355
масштабы в чертеже какие бывают,Яндекс,1,1,1.0,1.0,0
матовые цифры 18,Яндекс,1,1,1.0,1.0,0
металлистов 33 ижевск,Яндекс,1,1,1.0,1.0,0
металур 7 ая подлесная 34,Яндекс,1,1,1.0,1.0,0
мини флаер,Яндекс,1,1,0.0,2.0,22
минимальный тираж это сколько в ижевске,Яндекс,1,1,0.0,14.0,560
многоразоваря пропись напечатать в ижевске,Яндекс,1,1,1.0,1.0,0
можга где можно распечатать текст в цвете на бумаге а4,Яндекс,1,1,1.0,1.0,0
можно ли в ижевске сделать свой календарь,Яндекс,1,1,0.0,3.0,44
можно ли распечатать документы в мфц с флешки в глазове,Яндекс,1,1,1.0,1.0,0
монтаж баннера на фасаде цена ижевск,Яндекс,1,1,1.0,1.0,0
муз школа 30 лет победы ижевск,Яндекс,1,1,0.0,2.0,81
на дверь вешать объявления как называется на что вешают,Яндекс,1,1,1.0,1.0,0
на плоттере резка ижевск,Яндекс,1,1,1.0,1.0,0
на пэт сделать накатку текста к 1 сентября в ижевске,Яндекс,1,1,0.0,1.0,20
на что похожа цифра 4 картинках,Яндекс,1,1,1.0,1.0,0
наговицын памятник в ижевске,Яндекс,1,1,1.0,1.0,0
наклеить принт на одежду,Яндекс,1,1,0.0,3.0,76
наклейки на авто ижевск,Яндекс,1,1,1.0,1.0,0
наклейки на машину на заказ ижевск,Яндекс,1,1,0.0,6.0,23
нанесение логотипа на сигнальный жилет в ижевске,Яндекс,1,1,0.0,3.0,193
нанесение логотипа на табличку круглую больших размеров удмуртия цена,Яндекс,1,1,0.0,1.0,15
нанесение рисунка на пвх плёнку,Яндекс,1,1,0.0,1.0,15
нанесение рисунка на пвх плёнку ижевск,Яндекс,1,1,0.0,2.0,34
нанести принт на футболку цена в ижевске,Яндекс,1,1,0.0,4.0,29
напечатать баннер с люверсами ижевск,Яндекс,1,1,0.0,1.0,24
напечатать визитки в ижевске,Яндекс,1,1,1.0,1.0,3
напечатать лист а3,Яндекс,1,1,1.0,1.0,0
напечатать листовки на а7 в ижевске,Яндекс,1,1,0.0,1.0,15
напечатать на листе чб вариант ижевск,Яндекс,1,1,0.0,1.0,15
напечатать на футболке принт,Яндекс,1,1,0.0,5.0,200
напечатать открытку со своим дизайном ижевск,Яндекс,1,1,0.0,2.0,377
напечатать открытку типография в ижевске,Яндекс,1,1,1.0,1.0,0
напечатать фотографии ижевск,Яндекс,1,1,1.0,1.0,0
напечатать фотообои ижевск,Яндекс,1,1,0.0,6.0,2045
наружная реклама,Яндекс,1,1,0.0,2.0,190
необычные календари,Яндекс,1,1,0.0,1.0,15
нижняя 2 ижевск,Яндекс,1,1,1.0,1.0,0
нижняя 34-383 ижевск,Яндекс,1,1,0.0,2.0,3
новости ижевска и удмуртии,Яндекс,1,1,1.0,1.0,0
нуреева альбина рифгатовна кардиолог отзывы,Яндекс,1,1,1.0,1.0,0
обложка для вкр твердый переплет нде купить в ижевске,Яндекс,1,1,1.0,1.0,0
обложка для свидетельства купить в ижевске,Яндекс,1,1,0.0,2.0,2
общественный транспорт ижевск онлайн,Яндекс,1,1,1.0,1.0,0
объемные шапки календарь шпигель вырубной объемный элемент,Яндекс,1,1,0.0,1.0,135
оклейка газели световозвращающими лентами в ижевске,Яндекс,1,1,0.0,5.0,252
оклейка грузовиков ижевск,Яндекс,1,1,0.0,1.0,17
"ооо ""цифра""",Яндекс,1,1,1.0,1.0,0
ооо «цифра» телефон,Яндекс,1,1,0.0,2.0,303
ооо финко цагалов,Яндекс,1,1,1.0,1.0,0
ооо цифра ижевск телефон,Яндекс,1,1,0.0,1.0,1331
отзывы на яндекс картах,Яндекс,1,1,0.0,6.0,143
отремонтировать переплет книги,Яндекс,1,1,0.0,5.0,454
отсканировать быстро много документов ижевск,Яндекс,1,1,1.0,1.0,0
отсканировать ижевск,Яндекс,1,1,0.0,3.0,24
отсканировать качественно фотографию ижевск,Яндекс,1,1,1.0,1.0,0
оттиск на ежедневнике ижевск,Яндекс,1,1,0.0,3.0,299
пазлы из фотографий на заказ ижевск,Яндекс,1,1,0.0,1.0,30
пакет подарочный печать,Яндекс,1,1,0.0,2.0,6
пакеты с логотипом на заказ ижевск,Яндекс,1,1,0.0,1.0,15
панорама ижеавск,Яндекс,1,1,1.0,1.0,0
папка лавсановая с логотипом,Яндекс,1,1,0.0,1.0,15
папки на резинке с логотипом на заказ цена ижевск,Яндекс,1,1,0.0,5.0,185
парикмахерская ижевск,Яндекс,1,1,1.0,1.0,0
пастухова 41 ижевск на карте,Яндекс,1,1,0.0,2.0,74
пауэр банк с логотипом на заказ ижевск,Яндекс,1,1,0.0,4.0,570
переносная стена ижевск,Яндекс,1,1,0.0,1.0,15
переплести дипломную работу палиграфия 7 подлесная 44,Яндекс,1,1,0.0,2.0,20
переплет диплома ижевск,Яндекс,1,1,0.0,7.0,31
переплетные работы ижевск,Яндекс,1,1,1.0,1.0,0
перфорация глазов печать,Яндекс,1,1,0.0,3.0,965
песчаная 11,Яндекс,1,1,1.0,1.0,0
печавный солон,Яндекс,1,1,1.0,1.0,0
печатать документы,Яндекс,1,1,0.0,2.0,0
печатать постеры в ижевске,Яндекс,1,1,1.0,1.0,0
печатать текст зад еньги,Яндекс,1,1,0.0,10.0,40
печати,Яндекс,1,1,0.0,5.0,13
печати на плашетах,Яндекс,1,1,0.0,21.0,169
печатная компания цыфра шоколад,Яндекс,1,1,0.0,2.0,4
печатное производство,Яндекс,1,1,0.0,2.0,95
печатны салон ижевск,Яндекс,1,1,1.0,1.0,0
печатные салон ижевск,Яндекс,1,1,0.0,4.0,31
печатные салоны режим работы,Яндекс,1,1,0.0,14.0,33
печатный салон в радуге ижевск,Яндекс,1,1,1.0,1.0,0
печатный салон ижевск рядом с удгау,Яндекс,1,1,1.0,1.0,0
печатный салон ижевск рядом со мной,Яндекс,1,1,1.0,1.0,0
печатный салон ижевск с 8 утра,Яндекс,1,1,0.0,2.0,8
печатный салон металлург,Яндекс,1,1,1.0,1.0,0
печатный салон техас ижевск,Яндекс,1,1,0.0,2.0,0
печатный свлон ижевск,Яндекс,1,1,1.0,1.0,0
печатня типография ижевск,Яндекс,1,1,0.0,6.0,191
печать а3 ижевск,Яндекс,1,1,1.0,1.0,0
печать а3 компас глазов,Яндекс,1,1,1.0,1.0,0
печать а4 фото на принтере ижевск цена,Яндекс,1,1,0.0,1.0,26
печать а4 цена глянец,Яндекс,1,1,1.0,1.0,0
печать а5 типография стоимость,Яндекс,1,1,0.0,1.0,15
печать бланков а4 цена,Яндекс,1,1,1.0,1.0,0
печать блокнотов ижевск,Яндекс,1,1,0.0,2.0,36
печать в ижевске цветная а3,Яндекс,1,1,1.0,1.0,0
печать визиток стоимость за 100 штук,Яндекс,1,1,0.0,2.0,23
печать выкроек на плоттере,Яндекс,1,1,1.0,1.0,6
печать диплома и сшивание,Яндекс,1,1,0.0,2.0,17
печать документов ижевск,Яндекс,1,1,0.0,3.0,3
печать значков ижевск,Яндекс,1,1,0.0,25.0,347
печать и ламинирование,Яндекс,1,1,1.0,1.0,0
печать ижевск документов,Яндекс,1,1,0.0,2.0,38
печать картин на холсте,Яндекс,1,1,0.0,1.0,17
печать картины на металле ижевск,Яндекс,1,1,1.0,1.0,0
печать книги глазов,Яндекс,1,1,1.0,1.0,0
печать листовок срочно,Яндекс,1,1,1.0,1.0,0
печать логотипов на флажках в ижевске,Яндекс,1,1,0.0,2.0,194
печать лпастиковых карт ижевск,Яндекс,1,1,0.0,7.0,145
печать на а1 ижевск,Яндекс,1,1,1.0,1.0,0
печать на а2 ижевск,Яндекс,1,1,0.0,7.0,56
печать на баннере ижевск,Яндекс,1,1,0.0,2.0,27
печать на баннере ижевск цена,Яндекс,1,1,0.0,1.0,25
печать на баннере с люверсами 3 2 цена ижевск,Яндекс,1,1,0.0,1.0,15
печать на бокале ижевск,Яндекс,1,1,0.0,2.0,56
печать на бутылках в завьялово,Яндекс,1,1,1.0,1.0,0
печать на бутылках для воды ижевск,Яндекс,1,1,0.0,1.0,21
печать на дтф пленке на заказ ижевск,Яндекс,1,1,0.0,1.0,18
печать на ежедневниках,Яндекс,1,1,0.0,6.0,377
печать на картоне ижевск,Яндекс,1,1,0.0,3.0,0
печать на кружках,Яндекс,1,1,1.0,1.0,0
печать на кружках глазов,Яндекс,1,1,1.0,1.0,0
печать на кружке,Яндекс,1,1,0.0,2.0,51
печать на мдф,Яндекс,1,1,0.0,1.0,15
печать на мдф ижевск,Яндекс,1,1,0.0,1.0,18
печать на металле ижевск,Яндекс,1,1,0.0,2.0,128
печать на одежде можга,Яндекс,1,1,1.0,1.0,0
печать на одежде шелкография ижевск,Яндекс,1,1,0.0,2.0,25
печать на пазлах,Яндекс,1,1,0.0,6.0,334
"печать на папках пластик, полипропилен",Яндекс,1,1,0.0,1.0,15
печать на пленке ижевск цена,Яндекс,1,1,0.0,4.0,271
печать на пленке поликарбонат,Яндекс,1,1,0.0,1.0,14
печать на пленке самоклеящейся ижевск,Яндекс,1,1,0.0,1.0,15
печать на постерной бумаге ижевск,Яндекс,1,1,0.0,1.0,15
печать на посуде матирование ижевск,Яндекс,1,1,0.0,1.0,15
печать на посуде сарапул,Яндекс,1,1,1.0,1.0,0
печать на прозрачной пленке,Яндекс,1,1,0.0,1.0,20
печать на прозрачном пластике,Яндекс,1,1,1.0,1.0,0
печать на самоклеющейся бумаге а4 цена,Яндекс,1,1,0.0,3.0,55
печать на самоклеющейся пленке,Яндекс,1,1,0.0,1.0,16
печать на самоклеящейся пленке,Яндекс,1,1,0.0,1.0,15
печать на стекле с подставкой,Яндекс,1,1,1.0,1.0,0
печать на стене в квартире цена ижевск,Яндекс,1,1,0.0,1.0,15
печать на ткани в ижевске,Яндекс,1,1,0.0,8.0,661
печать на ткани футболках dtg ижевск. фирмы. адреса картаа,Яндекс,1,1,0.0,7.0,238
печать на толстовке,Яндекс,1,1,1.0,1.0,0
печать на футболках в ижевске,Яндекс,1,1,1.0,1.0,0
печать на футболках в сарапуле,Яндекс,1,1,1.0,1.0,0
печать на футболках в удмуртии можга,Яндекс,1,1,1.0,1.0,0
печать на футболках и кепках ижевск,Яндекс,1,1,0.0,2.0,0
печать на футболках ува цены,Яндекс,1,1,0.0,2.0,37
печать на футболке цена,Яндекс,1,1,0.0,3.0,13
печать на холсте ижевск,Яндекс,1,1,0.0,4.0,30
печать на холсте ижевск цены,Яндекс,1,1,0.0,1.0,15
печать на цветном принтере в уве,Яндекс,1,1,1.0,1.0,0
печать на чехлах для телефонов ижевск,Яндекс,1,1,1.0,1.0,0
печать надписей на чехлы ижевск,Яндекс,1,1,0.0,6.0,64
печать наклеек,Яндекс,1,1,0.0,2.0,0
печать наклеек ижевск,Яндекс,1,1,0.0,3.0,146
печать наклеек серебром или золотом,Яндекс,1,1,0.0,1.0,15
печать офсетная ижевск,Яндекс,1,1,0.0,8.0,632
печать планшета 1000 на 700 ижевск,Яндекс,1,1,0.0,2.0,404
печать полиграфии ижевск,Яндекс,1,1,0.0,1.0,16
печать полиграфии на а4 ижевск,Яндекс,1,1,0.0,1.0,15
печать понино,Яндекс,1,1,1.0,1.0,0
печать репродукции картины на холсте ижевск,Яндекс,1,1,0.0,1.0,14
печать рисунка на ткани на заказ ижевск,Яндекс,1,1,0.0,1.0,57
печать ролл апов,Яндекс,1,1,0.0,3.0,64
печать с двух сторон на плотной бумаге а6 цена ижевск,Яндекс,1,1,0.0,1.0,15
печать самоклеящихся наклеек глазов,Яндекс,1,1,1.0,1.0,0
печать сарапул а1х4,Яндекс,1,1,1.0,1.0,0
печать скан якшур бодья,Яндекс,1,1,1.0,1.0,0
печать текста на самоклейке,Яндекс,1,1,0.0,1.0,18
печать термонаклеек на одежду ижевск,Яндекс,1,1,0.0,10.0,160
печать флагов в ижевске,Яндекс,1,1,0.0,1.0,15
печать флагов ижевск,Яндекс,1,1,1.0,1.0,0
печать формат а2 воткинск,Яндекс,1,1,1.0,1.0,0
печать фото ижевск цены,Яндекс,1,1,0.0,2.0,30
печать фото на футболке ижевск,Яндекс,1,1,0.0,6.0,162
печать фотографий а1 ижевск,Яндекс,1,1,0.0,1.0,21
печать фотографий в ижевске,Яндекс,1,1,0.0,3.0,126
печать фреска ижевск,Яндекс,1,1,0.0,1.0,15
печать чертежей а3,Яндекс,1,1,1.0,1.0,0
печать чертежей любой длины,Яндекс,1,1,1.0,1.0,0
печать шильдиков на самоклейке,Яндекс,1,1,1.0,1.0,0
печать этикеток на самоклеящейся пленке ижевск,Яндекс,1,1,0.0,4.0,91
печатьный салон,Яндекс,1,1,1.0,1.0,0
питтсбург ижевск,Яндекс,1,1,1.0,1.0,0
плакат а3 стоимость в сарапуле,Яндекс,1,1,1.0,1.0,0
плакетка круглая из оргстекла,Яндекс,1,1,0.0,1.0,15
пленка оракал матовая купить в ижевск,Яндекс,1,1,0.0,4.0,21
плоттер ижевск распечатать,Яндекс,1,1,0.0,3.0,45
плоттер услуги можга,Яндекс,1,1,1.0,1.0,0
плоттерная печать ижевск,Яндекс,1,1,0.0,1.0,16
плоттерная резка можга,Яндекс,1,1,1.0,1.0,0
плоттерная резка сарапул цена,Яндекс,1,1,1.0,1.0,0
плоттерная резка тента,Яндекс,1,1,0.0,4.0,429
повесить на кабинет объявление в прозрачном кармашке,Яндекс,1,1,0.0,1.0,40
погода ижевск,Яндекс,1,1,0.0,2.0,2
подлесная 34,Яндекс,1,1,1.0,1.0,0
подлесная+7+34+ижевск,Яндекс,1,1,0.0,9.0,642
подшить диплом ижевску,Яндекс,1,1,0.0,4.0,39
подшить диплом ижевсп,Яндекс,1,1,0.0,2.0,5
полиграфия ижевск адреса,Яндекс,1,1,0.0,6.0,583
полиграфия ува,Яндекс,1,1,1.0,1.0,0
полиграфия цифра,Яндекс,1,1,0.0,3.0,25
портрет на холсте ижевск,Яндекс,1,1,0.0,3.0,11
портреты на холсте глазов,Яндекс,1,1,1.0,1.0,0
портреты на холсте сарапуле,Яндекс,1,1,1.0,1.0,0
поселок ува удмуртия ксерокопия,Яндекс,1,1,1.0,1.0,0
пост 2024 календарь,Яндекс,1,1,0.0,2.0,6
постаматы печать ижевск,Яндекс,1,1,1.0,1.0,0
посчитать количество символов,Яндекс,1,1,1.0,1.0,0
посчитать контрольные цифры снилс,Яндекс,1,1,0.0,3.0,60
почтовое отделение ижевск,Яндекс,1,1,1.0,1.0,0
правила названия листов чертежей по гост,Яндекс,1,1,1.0,1.0,0
премьер джинс,Яндекс,1,1,0.0,4.0,58
приемная комиссия удгу,Яндекс,1,1,0.0,4.0,197
принт на футболку ижевск,Яндекс,1,1,0.0,2.0,0
принты на футболки можга,Яндекс,1,1,1.0,1.0,0
пробки ижевск онлайн сейчас ижевск,Яндекс,1,1,1.0,1.0,0
производители конверты из кальки,Яндекс,1,1,0.0,1.0,15
производство пакетов пвд ижевск,Яндекс,1,1,1.0,1.0,0
проложить маршрут ижевск,Яндекс,1,1,1.0,1.0,0
прописи цифры для детей 6 7 лет распечатать бесплатно,Яндекс,1,1,1.0,1.0,0
прошла творческая мастерская чехол для ручки,Яндекс,1,1,1.0,1.0,0
прядки в порядке ижевск,Яндекс,1,1,1.0,1.0,0
пункты выдачи алиэкспресс в ижевске на карте ижевска,Яндекс,1,1,1.0,1.0,0
пушкинская улица 283,Яндекс,1,1,0.0,2.0,254
распечатать а 1 сарапул,Яндекс,1,1,1.0,1.0,0
распечатать а3 в глазове,Яндекс,1,1,1.0,1.0,0
распечатать а3 в цвете ижевск,Яндекс,1,1,0.0,1.0,20
распечатать а3 глазов,Яндекс,1,1,1.0,1.0,0
распечатать а3 ижевск,Яндекс,1,1,0.0,5.0,395
распечатать баннер в сарапуле,Яндекс,1,1,1.0,1.0,0
распечатать буклеты ижевск,Яндекс,1,1,0.0,4.0,14
распечатать ватман а1,Яндекс,1,1,0.0,3.0,5
распечатать выкройку на плоттере ижевск,Яндекс,1,1,0.0,2.0,25
распечатать документ в двг в ижевске,Яндекс,1,1,0.0,3.0,21
распечатать документы ижевск с телефона,Яндекс,1,1,0.0,3.0,20
распечатать документы кез,Яндекс,1,1,1.0,1.0,0
распечатать документы можно,Яндекс,1,1,1.0,1.0,0
распечатать ижевск,Яндекс,1,1,0.0,11.0,429
распечатать ижевск курсовую,Яндекс,1,1,0.0,9.0,383
распечатать книгу рецентов в ижевске,Яндекс,1,1,0.0,2.0,97
распечатать лист а4 в ижевске,Яндекс,1,1,0.0,4.0,89
распечатать объявления сколько стоит,Яндекс,1,1,0.0,1.0,45
распечатать около ижгту,Яндекс,1,1,1.0,1.0,0
распечатать рабочую документацию ижевск а3,Яндекс,1,1,0.0,2.0,146
распечатать сертификат ижевск,Яндекс,1,1,0.0,4.0,145
распечатать текст в пурге,Яндекс,1,1,1.0,1.0,0
распечатать формат а0,Яндекс,1,1,0.0,2.0,62
распечатать фото,Яндекс,1,1,0.0,10.0,48
распечатать фото а4 цветное цена,Яндекс,1,1,1.0,1.0,0
распечатать фото ижевск,Яндекс,1,1,1.0,1.0,0
распечатать фото ижевск на документы,Яндекс,1,1,1.0,1.0,0
распечатать фото ижевск рядом,Яндекс,1,1,0.0,2.0,1
распечатать фото на футболке ижевск,Яндекс,1,1,1.0,1.0,0
распечатать фотографии ижевск,Яндекс,1,1,0.0,2.0,1
распечатать фотографию ижевск,Яндекс,1,1,0.0,3.0,1
распечатать чертежи а1 воткинск,Яндекс,1,1,1.0,1.0,0
распечатать чертежи а1 ижевск,Яндекс,1,1,0.0,2.0,12
распечатать чертежи а3 ижевск,Яндекс,1,1,0.0,5.0,75
распечатка,Яндекс,1,1,0.0,2.0,3
распечатка 1 листа глазов,Яндекс,1,1,1.0,1.0,0
распечатка дипломов ижевск,Яндекс,1,1,1.0,1.0,0
распечатка документов,Яндекс,1,1,0.0,3.0,15
распечатка документов ижевск,Яндекс,1,1,1.0,1.0,0
распечатка документов ижевск рядом,Яндекс,1,1,0.0,2.0,1
распечатка документов каменное,Яндекс,1,1,1.0,1.0,0
распечатка и копирование документов ижевск цены,Яндекс,1,1,0.0,1.0,15
распечатка ижевск недорого,Яндекс,1,1,0.0,6.0,28
распечатка на одежде можга,Яндекс,1,1,1.0,1.0,0
распечатка фото ижевск 7 подлесная,Яндекс,1,1,0.0,4.0,38
распечатка фото цифра,Яндекс,1,1,1.0,1.0,12
распечатка фотографий 30 лет победы ижевск,Яндекс,1,1,1.0,1.0,0
распечатка фотографий ижевск,Яндекс,1,1,0.0,3.0,4
распечатка цветного листа а4 цена,Яндекс,1,1,1.0,1.0,0
распечатки а1 формат,Яндекс,1,1,0.0,2.0,12
распечатки карты,Яндекс,1,1,0.0,3.0,7
распознать текст из pdf в word,Яндекс,1,1,1.0,1.0,0
рассмотрите рисунок на котором изображено строение корня какой цифрой на нем обозначена зона,Яндекс,1,1,1.0,1.0,0
редактировать яркость фото онлайн,Яндекс,1,1,0.0,2.0,1
реклама,Яндекс,1,1,0.0,2.0,102
реклама ижевск,Яндекс,1,1,0.0,2.0,33
рекламная печать в ижевске,Яндекс,1,1,0.0,2.0,405
рекламное агенство ижевск,Яндекс,1,1,1.0,1.0,0
рекламное агентство квартальник 2027 цена,Яндекс,1,1,0.0,1.0,15
рекламные компании ижевск,Яндекс,1,1,0.0,2.0,8
рекламные наклейки можга,Яндекс,1,1,1.0,1.0,0
рекламщики ижевск,Яндекс,1,1,0.0,5.0,83
ремонт книг ижевск,Яндекс,1,1,0.0,2.0,5
"респ. удмуртская, г. ижевск, ул. 7-я подлесная д.34 кв.115",Яндекс,1,1,1.0,1.0,0
"республика татарстан, мензелинский муниципальный район, коноваловское сельское поселение",Яндекс,1,1,0.0,8.0,23
республика удмуртия типографии,Яндекс,1,1,0.0,2.0,30
реставрация книг в ижевске,Яндекс,1,1,1.0,1.0,0
рестоврация книг ижевск,Яндекс,1,1,1.0,1.0,0
римские цифры,Яндекс,1,1,0.0,2.0,23
рисунки по цифрам для детей 6-7 лет распечатать бесплатно неп,Яндекс,1,1,1.0,1.0,0
ролл ап на заказ уфа,Яндекс,1,1,0.0,1.0,11
ролл-ап 0.85*2 стоимость в ижевске,Яндекс,1,1,0.0,2.0,288
роллап 85на200 ижевск типография,Яндекс,1,1,1.0,1.0,0
роллап ижевск,Яндекс,1,1,0.0,1.0,21
ростов на дону,Яндекс,1,1,1.0,1.0,0
ручки бумажные с логотипом на заказ ижевск,Яндекс,1,1,0.0,1.0,15
ручки на заказ с логотипом ижевск,Яндекс,1,1,0.0,3.0,32
салон печати,Яндекс,1,1,0.0,13.0,86
салон печати кизнер,Яндекс,1,1,1.0,1.0,0
салон печати на чехле ижевск,Яндекс,1,1,0.0,10.0,45
салон цифра,Яндекс,1,1,1.0,1.0,0
салоны печати,Яндекс,1,1,1.0,1.0,0
самоклеющиеся знаки центра тяжести ижевск,Яндекс,1,1,1.0,1.0,0
сарапул портреты на заказ,Яндекс,1,1,1.0,1.0,0
сбербанк ижевск адреса на карте ижевск,Яндекс,1,1,1.0,1.0,0
сделать арт на худи в глазове,Яндекс,1,1,1.0,1.0,0
сделать бейдж на заказ ижевск,Яндекс,1,1,0.0,4.0,50
сделать копию документов поблизости,Яндекс,1,1,0.0,3.0,8
сделать копию рядом со мной,Яндекс,1,1,0.0,4.0,156
сделать надпись на худи в ижевске,Яндекс,1,1,1.0,1.0,5
сделать сканы на неффтеразведке воткинск,Яндекс,1,1,1.0,1.0,0
сделать фото на посуде,Яндекс,1,1,1.0,1.0,0
сивкова 107,Яндекс,1,1,1.0,1.0,0
система 4 маска пилинг 0,Яндекс,1,1,1.0,1.0,0
ситек ижевск,Яндекс,1,1,1.0,1.0,0
скан документов ижевск,Яндекс,1,1,1.0,1.0,0
сканирование документов в завьялово,Яндекс,1,1,1.0,1.0,0
сканирование документов ижевск,Яндекс,1,1,1.0,1.0,0
сканирование листов а3,Яндекс,1,1,1.0,1.0,0
сканы документов в ижевске,Яндекс,1,1,0.0,2.0,10
сканы документов можга,Яндекс,1,1,1.0,1.0,0
скачать create 1.20.1,Яндекс,1,1,1.0,1.0,0
сколько мест ижгту 2024,Яндекс,1,1,1.0,1.0,0
сколько пятизначных чисел можно составить из цифр 1.2.3.4.5 без повторений,Яндекс,1,1,0.0,7.0,36
сколько стоит переплет на металлическую  пружину ижевск,Яндекс,1,1,1.0,1.0,0
сколько стоит печать на футболках,Яндекс,1,1,1.0,1.0,0
сколько стоит распечатать 1 лист а4 черно-белый в ижевске,Яндекс,1,1,1.0,1.0,0
сколько стоит распечатать лист а3,Яндекс,1,1,0.0,9.0,425
сколько стоит распечатать лист а3 цветной цена ижевск,Яндекс,1,1,0.0,5.0,90
сколько стоит распечатать лист а4,Яндекс,1,1,1.0,1.0,0
сколько стоит распечатать лист а4 черно-белый цена ижевск,Яндекс,1,1,1.0,1.0,0
сколько стоит распечатать плакат а3 цветной в сарапул,Яндекс,1,1,1.0,1.0,0
сколько стоит распечатать формат а1,Яндекс,1,1,1.0,1.0,0
сколько стоит услуга напечатать фотографию на кружку глазов,Яндекс,1,1,1.0,1.0,0
скрытая копия в почте что это,Яндекс,1,1,0.0,2.0,0
снегири жк ижевск,Яндекс,1,1,1.0,1.0,0
соединять рисунок по цифрам распечатать,Яндекс,1,1,1.0,1.0,0
сош 35,Яндекс,1,1,1.0,1.0,0
список рекламных агенств ижевск,Яндекс,1,1,0.0,4.0,62
спотиыай,Яндекс,1,1,1.0,1.0,0
средняя цена напечатать карманный календарь,Яндекс,1,1,0.0,1.0,15
срочное изготовление печатей и штампов глазов,Яндекс,1,1,1.0,1.0,0
станок реза листов после офсетной печати название модели в типографию,Яндекс,1,1,1.0,1.0,0
"стенды поликарбонатные передвижные , где можно изготовить в удмуртии",Яндекс,1,1,0.0,1.0,15
степана разина 45 ижевск на карте,Яндекс,1,1,1.0,1.0,0
стикерпак в ижевске,Яндекс,1,1,0.0,1.0,16
стоимость визиток в глазове на сегодня,Яндекс,1,1,1.0,1.0,0
стоимость копии ижевск а4 цена черно белая,Яндекс,1,1,1.0,1.0,0
стоимость листа цветной печати в глазове,Яндекс,1,1,1.0,1.0,0
стоимость одной стандартной визитки,Яндекс,1,1,0.0,3.0,60
стоимость распечатки листа а4 на цветном принтере сарапул,Яндекс,1,1,0.0,1.0,28
стоматология на 9 января ижевск,Яндекс,1,1,1.0,1.0,0
строительный магазин ижевск,Яндекс,1,1,1.0,1.0,0
студенческая 11 ижевск на карте,Яндекс,1,1,1.0,1.0,0
"студенческая улица, 52, ижеск",Яндекс,1,1,0.0,9.0,467
сублимационная печать ижевск,Яндекс,1,1,0.0,1.0,15
сувенирная продукция ижевск заказать,Яндекс,1,1,0.0,6.0,93
сувениры ижевск сделать,Яндекс,1,1,0.0,2.0,36
сшивание дипломной работы ижевск,Яндекс,1,1,1.0,1.0,0
сшивка проектов ижевск,Яндекс,1,1,1.0,1.0,0
сшить дилом ижевск,Яндекс,1,1,1.0,1.0,0
сшить диломный проект,Яндекс,1,1,0.0,1.0,73
сшить диплом,Яндекс,1,1,0.0,2.0,36
сшить диплом ижевск,Яндекс,1,1,0.0,2.0,7
сшить документы ижевск,Яндекс,1,1,0.0,2.0,16
табличка из оргстекла на фасад ижевск,Яндекс,1,1,0.0,3.0,293
таблички из оргстекла ижевск,Яндекс,1,1,0.0,1.0,15
таблички из оргстекла на заказ изевск,Яндекс,1,1,0.0,3.0,92
телефоны метро,Яндекс,1,1,0.0,3.0,25
термопечать на футболках глазов,Яндекс,1,1,1.0,1.0,0
термостакан с печатью ижевск,Яндекс,1,1,0.0,1.0,16
термотрансферная печать ижевск,Яндекс,1,1,0.0,3.0,2
тжевск карта,Яндекс,1,1,0.0,2.0,3
типографи,Яндекс,1,1,0.0,2.0,21
типографии глазов,Яндекс,1,1,1.0,1.0,0
типографии глазов где можно распечатать дипломную работу,Яндекс,1,1,1.0,1.0,0
типографии ижевск ближайшая,Яндекс,1,1,1.0,1.0,0
типографии ижевска адреса,Яндекс,1,1,0.0,6.0,520
типографии ижевска офсетная печать,Яндекс,1,1,0.0,2.0,51
типографии ижевска цены,Яндекс,1,1,1.0,1.0,0
типографии рядом с ижгту,Яндекс,1,1,0.0,3.0,171
типографии удмуртская республика,Яндекс,1,1,0.0,2.0,10
типографика цифра,Яндекс,1,1,1.0,1.0,0
типография 18,Яндекс,1,1,0.0,2.0,36
типография акриловые брелки ижевск,Яндекс,1,1,0.0,2.0,142
типография в ижевске,Яндекс,1,1,1.0,1.0,0
типография в ижевске изготовление банковской карт,Яндекс,1,1,0.0,1.0,15
типография глазов,Яндекс,1,1,1.0,1.0,1
типография ижевск адрес,Яндекс,1,1,0.0,2.0,12
типография ижевск визитки,Яндекс,1,1,0.0,1.0,15
типография ижевск полиграфия,Яндекс,1,1,0.0,1.0,27
типография ижевск распечатать листовки,Яндекс,1,1,0.0,2.0,78
типография ижевск список,Яндекс,1,1,0.0,4.0,79
типография ижевск ул. ленина,Яндекс,1,1,0.0,5.0,118
типография ижевск уф печать,Яндекс,1,1,0.0,1.0,15
типография ижевский электромеханический завод купол работает или нет,Яндекс,1,1,0.0,5.0,193
типография кез,Яндекс,1,1,1.0,1.0,0
типография киров,Яндекс,1,1,0.0,2.0,39
типография металлург,Яндекс,1,1,0.0,4.0,479
типография на красногеройской 18,Яндекс,1,1,0.0,2.0,854
типография наклейки ижевск,Яндекс,1,1,0.0,1.0,15
типография наклейки на заказ можга,Яндекс,1,1,0.0,1.0,31
типография печать dtf,Яндекс,1,1,1.0,1.0,0
типография по работе с крафтовой бумагой,Яндекс,1,1,1.0,1.0,0
типография рядом с ижгту,Яндекс,1,1,1.0,1.0,0
типография рядом со мной,Яндекс,1,1,0.0,6.0,38
типография хохряки,Яндекс,1,1,1.0,1.0,0
типография цифра ижевск адрес,Яндекс,1,1,1.0,1.0,0
типограыия цифра,Яндекс,1,1,0.0,5.0,117
типорграфия ижевск,Яндекс,1,1,0.0,1.0,190
тиснение обложки блинтовое,Яндекс,1,1,1.0,1.0,0
ткани подлесная,Яндекс,1,1,1.0,1.0,0
товара для брошюровки в ижевске,Яндекс,1,1,0.0,2.0,21
топографии в глазове,Яндекс,1,1,1.0,1.0,0
трамвай4,Яндекс,1,1,1.0,1.0,0
транспорт онлайн ижевск 79,Яндекс,1,1,0.0,2.0,3
тц талисман,Яндекс,1,1,1.0,1.0,0
удгау печать,Яндекс,1,1,1.0,1.0,0
удмуртия село красногорское где можно распечатать документы,Яндекс,1,1,1.0,1.0,0
удмуртская республика ижевск 7-я подлесная улица 34 цифра,Яндекс,1,1,1.0,1.0,0
удмуртская республика ижевск 7-я подлесная улица 83 слон и моська,Яндекс,1,1,1.0,1.0,0
удмуртская республика ижевск улица имени короткова 19а римир,Яндекс,1,1,0.0,5.0,403
"удмуртская республика, ижевск г, 30 лет победы ул, 28а",Яндекс,1,1,1.0,1.0,0
удмуртский цсм,Яндекс,1,1,1.0,1.0,0
узнать все о компании типография цифра ижевск,Яндекс,1,1,1.0,1.0,0
ул кирова 142 ижевск на карте,Яндекс,1,1,1.0,1.0,0
ул. 30 лет победы 32а,Яндекс,1,1,1.0,1.0,0
"ул. 30 лет победы, 22 р-н октябрьский школы и сакдики",Яндекс,1,1,1.0,1.0,0
"ул. 7 подлесная, 34",Яндекс,1,1,1.0,1.0,0
"ул. подлесная 7-я, д.34, офис, пом. 160",Яндекс,1,1,0.0,2.0,18
ул.коммунаров 361 школа гитарин,Яндекс,1,1,0.0,6.0,103
улица ильфата закирова дом5,Яндекс,1,1,1.0,1.0,0
улицы в ижевске,Яндекс,1,1,0.0,2.0,2
ультра печатный салон,Яндекс,1,1,0.0,4.0,260
упаковка ручек в заводе,Яндекс,1,1,0.0,1.0,15
услуга ламинирование материалов ижевск,Яндекс,1,1,1.0,1.0,0
услуга печать на принтере,Яндекс,1,1,0.0,1.0,15
услуги лазерной гравировки ижевск,Яндекс,1,1,0.0,1.0,15
услуги печати и сканирования город ува,Яндекс,1,1,1.0,1.0,0
услуги печати на этикетка тнт -17 486-3 ижевск,Яндекс,1,1,0.0,2.0,48
услуги по ксерокопированию документов электронно в кизнере,Яндекс,1,1,1.0,1.0,0
услуги ризография,Яндекс,1,1,0.0,1.0,15
услуги черно белой печати ижевск,Яндекс,1,1,0.0,1.0,32
уф печать в глазове,Яндекс,1,1,1.0,1.0,0
уф печать глазов,Яндекс,1,1,1.0,1.0,0
уф печать на зеркальном пластике,Яндекс,1,1,0.0,1.0,15
уф печать на керамической плитке ижевск,Яндекс,1,1,0.0,1.0,35
уф печать на коже глазов,Яндекс,1,1,1.0,1.0,0
уф печать на краске,Яндекс,1,1,0.0,1.0,15
уф печать на прозрачной пленке логотип с резкой,Яндекс,1,1,0.0,2.0,434
уф печать на сувенирке ижевск,Яндекс,1,1,0.0,1.0,209
уф печать по металлу ижевск,Яндекс,1,1,1.0,1.0,0
фаворит ижнвск,Яндекс,1,1,1.0,1.0,0
фирма цифра в ижевске,Яндекс,1,1,0.0,2.0,16
флексографическая печать ижевск,Яндекс,1,1,0.0,2.0,754
флешка,Яндекс,1,1,1.0,1.0,0
флэшки около ижгту,Яндекс,1,1,1.0,1.0,0
фото и документы ижевск,Яндекс,1,1,1.0,1.0,0
фото на документы ижевск,Яндекс,1,1,0.0,3.0,34
фото на документы ижевск цифра,Яндекс,1,1,0.0,3.0,1
фото на клейкой бумаге,Яндекс,1,1,0.0,1.0,19
фото на кружке сделать сегодня в ижевске в р-не строитель,Яндекс,1,1,0.0,1.0,50
фото на кружку где делают в воткинске,Яндекс,1,1,1.0,1.0,0
фото на посуде в подарок в ижевске,Яндекс,1,1,1.0,1.0,0
фото на холсте,Яндекс,1,1,1.0,1.0,0
фото на холсте ижевск,Яндекс,1,1,1.0,1.0,0
фото на холсте ижевск купить,Яндекс,1,1,0.0,2.0,0
фото на холсте можга,Яндекс,1,1,0.0,2.0,648
фото салон,Яндекс,1,1,0.0,3.0,4
фотоальбомы ижевск,Яндекс,1,1,0.0,6.0,89
фотоальбомы магазин ижевск,Яндекс,1,1,0.0,5.0,9
фотография ижевск,Яндекс,1,1,0.0,8.0,607
фотокубики трансформеры где изготавливают,Яндекс,1,1,0.0,1.0,103
фотопечать,Яндекс,1,1,0.0,3.0,0
фотопечать глазов на посуде,Яндекс,1,1,1.0,1.0,0
фотопечать ижевск,Яндекс,1,1,1.0,1.0,0
фотопечать на бутылке для воды ижевск,Яндекс,1,1,0.0,1.0,15
фотопечать на кружку воткинск,Яндекс,1,1,1.0,1.0,0
фотопечать на мдф ижевск,Яндекс,1,1,0.0,4.0,84
фотопечать на металле большого формата до 2 метров для декорации стен,Яндекс,1,1,0.0,1.0,17
фотопечать на стекле в ижевске,Яндекс,1,1,0.0,1.0,15
фотосалоны в металлурге ижевск,Яндекс,1,1,0.0,3.0,11
фотоуслуги ижевск,Яндекс,1,1,1.0,1.0,0
фукутера,Яндекс,1,1,1.0,1.0,0
футболки с логотипом на заказ ижевск,Яндекс,1,1,0.0,1.0,23
цаллагов кирилл александрович,Яндекс,1,1,0.0,1.0,10
цвеочный магазин,Яндекс,1,1,1.0,1.0,0
цветная печать а4 ижевск,Яндекс,1,1,1.0,1.0,0
цветная печать а4 цена,Яндекс,1,1,1.0,1.0,0
цветная печать на посуде сарапул,Яндекс,1,1,1.0,1.0,0
цветная распечатка а4 ижевск,Яндекс,1,1,0.0,2.0,27
цветные объявления п4 изготовление ижевск,Яндекс,1,1,0.0,3.0,371
цветочный магазин,Яндекс,1,1,1.0,1.0,0
цветы 18 ижевск доставка,Яндекс,1,1,1.0,1.0,0
цена ламинирования 1 листа а4,Яндекс,1,1,0.0,1.0,20
центр кадастровых услуг,Яндекс,1,1,1.0,1.0,0
центр печати ижевс?,Яндекс,1,1,1.0,1.0,0
цены на печать текста на бумаге а4 ижевск,Яндекс,1,1,0.0,2.0,109
"циfra типография» (ул. подлесная 7-я, 34) — с 09:00 до 18:00 (пн — пт). телефон: +7 (3412) 32-32-41. zoon.ru",Яндекс,1,1,0.0,2.0,22
цифра 1,Яндекс,1,1,1.0,1.0,0
цифра 18 .рф,Яндекс,1,1,0.0,1.0,20
цифра 18 рф,Яндекс,1,1,0.0,4.0,158
цифра 18 рф ижевск,Яндекс,1,1,1.0,1.0,0
цифра 18 типография,Яндекс,1,1,0.0,7.0,371
цифра 6 красивая,Яндекс,1,1,1.0,1.0,0
цифра 7 20 см,Яндекс,1,1,1.0,1.0,0
цифра в металлурге режим работы,Яндекс,1,1,0.0,2.0,9
цифра ижевск печатный салон каталог,Яндекс,1,1,0.0,16.0,744
цифра ижевск рекламное агентство отзывы,Яндекс,1,1,0.0,4.0,148
цифра ижевск типография сайт,Яндекс,1,1,0.0,1.0,15
цифра около ижгту,Яндекс,1,1,0.0,4.0,52
цифра ооо ижевск,Яндекс,1,1,0.0,2.0,4
цифра печать,Яндекс,1,1,0.0,3.0,44
цифра печать на одежде,Яндекс,1,1,0.0,1.0,16
цифра плюс ижевск,Яндекс,1,1,1.0,1.0,0
цифра режим работы,Яндекс,1,1,0.0,4.0,942
цифра режим работы ижевск,Яндекс,1,1,1.0,1.0,0
цифра типография ижевск остановка общественного транспорта,Яндекс,1,1,0.0,4.0,125
цифра типография ижевск официальный сайт,Яндекс,1,1,1.0,1.0,0
цифра18 ижевск,Яндекс,1,1,0.0,1.0,15
цифрал типография,Яндекс,1,1,0.0,2.0,52
цифровая лазерная печать,Яндекс,1,1,0.0,2.0,62
цифровая печать,Яндекс,1,1,1.0,1.0,0
цифровая печать самоклейки на бумажной основе в г калуга,Яндекс,1,1,0.0,1.0,15
цифровая типография ижевск,Яндекс,1,1,0.0,4.0,737
цифрус ижевск,Яндекс,1,1,0.0,3.0,24
цифры индекса3,Яндекс,1,1,1.0,1.0,0
цифры прописью онлайн,Яндекс,1,1,1.0,1.0,0
цыфра 7я подлесная,Яндекс,1,1,0.0,2.0,2
цыфра плюс ижевск,Яндекс,1,1,0.0,4.0,38
цыфра.18,Яндекс,1,1,1.0,1.0,0
ч\б печать,Яндекс,1,1,0.0,3.0,133
частные стоматологии ижевск,Яндекс,1,1,1.0,1.0,0
чб копия а4 стоимость,Яндекс,1,1,0.0,1.0,15
что мы знаем о цифре 7,Яндекс,1,1,1.0,1.0,0
что обозначает каждая цифра в записи чисел,Яндекс,1,1,1.0,1.0,0
что отобразить на роллапе,Яндекс,1,1,0.0,2.0,0
широкоформатная печать в уве,Яндекс,1,1,1.0,1.0,0
широкоформатная печать ижевск,Яндекс,1,1,1.0,1.0,0
школьная 25 а,Яндекс,1,1,1.0,1.0,0
школьная 27 ижевск на карте,Яндекс,1,1,1.0,1.0,0
школьная 27/1,Яндекс,1,1,1.0,1.0,0
школьная 55 ижевск,Яндекс,1,1,1.0,1.0,0
шоколад оптом 5грамм,Яндекс,1,1,1.0,1.0,0
штамп печать автоматическая,Яндекс,1,1,0.0,3.0,6
штампы и печати изготовление,Яндекс,1,1,1.0,1.0,0
штендер в аренду,Яндекс,1,1,0.0,3.0,47
штендер рекламный купить ижевск,Яндекс,1,1,0.0,1.0,15
этикет-пистолет 1-строчный цифры знаки 8 символов 21 х 12 мм прямоугольный,Яндекс,1,1,1.0,1.0,0
юнита типография ижевск,Яндекс,1,1,0.0,3.0,31
я календарь я календарь я,Яндекс,1,1,1.0,1.0,0
якшур бодья распечатать диплом,Яндекс,1,1,1.0,1.0,0
ян карта,Яндекс,1,1,0.0,3.0,3
яна ижевск дизайнер,Яндекс,1,1,0.0,2.0,305
яндекс,Яндекс,1,1,1.0,1.0,0
яндекс карта ижевска с улицами и домами,Яндекс,1,1,0.0,2.0,26
яндекс карты ижевск по координатам,Яндекс,1,1,1.0,1.0,0
янекс карты,Яндекс,1,1,0.0,3.0,110
"​подлесная 7-я улица, 34",Яндекс,1,1,1.0,1.0,0
