date,visits,visitors,pageviews,new_visitors,bounce_rate,depth,time_sec
2023-02-21,180,145,513,109,12.7778,2.85,261
2023-02-06,161,134,725,104,13.0435,4.50,350
2023-02-09,160,138,566,111,12.5000,3.54,311
2024-03-25,157,125,592,98,12.1019,3.77,325
2025-03-21,157,135,385,111,26.1146,2.45,188
2023-03-21,155,114,594,75,14.8387,3.83,444
2023-02-15,152,121,558,96,13.1579,3.67,325
2023-02-20,151,128,596,100,11.9205,3.95,379
2023-03-22,150,128,557,92,16.0000,3.71,435
2023-02-14,149,121,607,99,13.4228,4.07,344
2023-12-12,149,120,423,99,19.4631,2.84,298
2025-03-20,149,132,362,110,26.8456,2.43,214
2023-08-15,147,132,397,115,14.2857,2.70,309
2023-12-14,146,117,446,98,15.0685,3.05,281
2023-08-11,145,123,343,105,8.2759,2.37,188
2023-09-14,145,124,440,98,18.6207,3.03,287
2023-02-13,143,120,632,91,11.1888,4.42,434
2023-04-11,143,121,497,94,11.8881,3.48,338
2023-11-14,143,123,465,100,13.9860,3.25,361
2023-03-30,142,121,553,97,10.5634,3.89,404
2025-03-18,142,123,437,108,22.5352,3.08,357
2025-03-19,142,120,368,104,23.9437,2.59,249
2024-03-18,141,109,461,95,17.0213,3.27,265
2023-01-17,140,111,605,93,12.8571,4.32,412
2023-01-31,140,115,625,86,14.2857,4.46,369
2023-02-27,140,110,528,85,12.1429,3.77,423
2023-03-29,140,111,500,79,14.2857,3.57,402
2023-11-15,140,110,445,84,17.1429,3.18,219
2024-02-19,140,116,523,85,13.5714,3.74,346
2024-04-03,140,108,522,87,14.2857,3.73,401
2023-08-16,139,119,448,106,12.9496,3.22,246
2023-09-18,139,117,459,97,19.4245,3.30,277
2024-02-20,139,114,545,91,14.3885,3.92,361
2023-02-16,138,117,565,91,16.6667,4.09,381
2023-09-19,138,113,572,86,18.1159,4.14,413
2023-03-15,137,110,510,88,8.0292,3.72,324
2023-09-13,137,121,452,105,23.3577,3.30,318
2023-03-14,135,111,476,86,14.8148,3.53,295
2025-02-28,135,104,356,89,10.3704,2.64,286
2023-02-02,134,111,696,91,11.1940,5.19,472
2023-08-25,134,104,494,84,14.9254,3.69,261
2023-09-04,134,109,404,93,14.1791,3.01,341
2024-05-15,134,109,512,84,11.1940,3.82,380
2023-01-24,133,103,486,74,18.7970,3.65,299
2023-09-21,133,109,409,82,17.2932,3.08,246
2025-03-17,133,115,544,96,19.5489,4.09,438
2023-03-20,132,112,541,82,18.1818,4.10,449
2023-08-03,132,116,389,98,11.3636,2.95,211
2023-08-24,132,109,474,87,12.8788,3.59,345
2024-10-22,132,105,491,76,14.3939,3.72,418
2023-02-17,131,104,500,70,15.2672,3.82,317
2023-03-23,131,107,598,77,13.7405,4.56,424
2023-08-14,131,113,396,101,8.3969,3.02,270
2024-05-16,131,102,404,73,19.0840,3.08,342
2023-02-07,130,107,595,80,10.0000,4.58,459
2023-03-28,130,108,450,76,10.0000,3.46,403
2023-04-19,130,105,526,82,14.6154,4.05,326
2023-08-01,130,113,376,101,15.3846,2.89,244
2023-08-29,130,114,358,98,15.3846,2.75,318
2023-03-16,129,104,465,80,7.7519,3.60,343
2023-08-07,129,108,410,92,13.1783,3.18,311
2023-08-21,129,101,351,79,6.9767,2.72,279
2025-02-05,129,87,612,64,14.7287,4.74,506
2023-09-07,128,103,398,82,15.6250,3.11,259
2023-11-13,128,106,460,78,17.1875,3.59,404
2024-02-13,128,112,478,89,18.7500,3.73,289
2025-11-13,128,102,886,79,32.8125,6.92,529
2023-01-23,127,101,477,70,11.0236,3.76,403
2023-09-05,127,108,453,84,15.7480,3.57,409
2023-10-31,127,109,510,86,14.9606,4.02,403
2023-11-17,127,109,452,90,10.2362,3.56,392
2024-12-09,127,99,483,73,22.0472,3.80,390
2024-12-10,127,95,683,67,13.3858,5.38,626
2023-08-31,126,97,378,79,19.0476,3.00,299
2023-11-29,126,95,391,65,15.0794,3.10,352
2024-03-05,126,95,420,71,14.2857,3.33,296
2025-02-25,126,95,441,65,15.0794,3.50,368
2023-03-17,125,113,525,87,9.6000,4.20,340
2023-09-15,125,97,431,81,25.6000,3.45,308
2023-09-20,125,109,393,89,22.4000,3.14,375
2023-12-07,125,105,412,77,16.8000,3.30,356
2023-12-11,125,103,566,75,13.6000,4.53,406
2024-10-24,125,94,473,69,13.6000,3.78,466
2023-02-01,124,105,520,81,15.3226,4.19,380
2023-02-22,124,98,416,70,20.1613,3.35,313
2023-04-03,124,103,430,76,16.9355,3.47,399
2023-06-19,124,96,470,69,12.9032,3.79,308
2023-11-16,124,97,374,77,11.2903,3.02,198
2024-05-08,124,108,427,88,28.2258,3.44,354
2025-01-20,124,92,637,70,14.5161,5.14,712
2025-02-11,124,92,494,66,15.3226,3.98,491
2025-02-17,124,89,492,61,10.4839,3.97,498
2025-03-04,124,86,458,68,10.4839,3.69,351
2023-11-28,123,108,422,84,16.2602,3.43,376
2024-03-20,123,95,1163,72,12.1951,9.46,634
2024-03-28,123,103,583,77,13.8211,4.74,469
2023-04-17,122,103,500,79,10.6557,4.10,397
2023-04-18,122,102,505,72,14.7541,4.14,333
2023-08-22,122,108,417,94,8.1967,3.42,433
2024-02-29,122,100,366,80,18.8525,3.00,266
2024-03-04,122,94,434,80,18.0328,3.56,311
2024-04-22,122,100,481,79,12.2951,3.94,371
2024-10-21,122,89,518,64,18.8525,4.25,552
2025-02-18,122,89,475,62,13.1148,3.89,535
2023-01-18,121,101,498,79,10.7438,4.12,329
2023-03-09,121,100,456,70,16.5289,3.77,326
2023-04-12,121,98,440,69,14.0496,3.64,446
2023-10-30,121,101,538,78,16.5289,4.45,498
2023-11-08,121,98,403,74,14.8760,3.33,339
2024-03-29,121,94,424,68,14.0496,3.50,382
2024-06-10,121,91,382,62,16.5289,3.16,339
2024-07-01,121,97,341,81,17.3554,2.82,303
2024-10-23,121,96,562,67,9.0909,4.64,408
2024-10-29,121,83,633,60,14.0496,5.23,539
2024-12-02,121,89,566,68,10.7438,4.68,564
2024-12-06,121,95,447,73,13.2231,3.69,411
2024-12-12,121,86,726,58,9.9174,6.00,744
2025-05-13,121,90,503,64,17.3554,4.16,464
2026-08-28,121,95,388,82,48.7603,3.21,358
2023-03-02,120,97,439,73,15.0000,3.66,407
2023-08-04,120,104,412,85,15.8333,3.43,309
2023-08-18,120,94,321,75,5.8333,2.67,249
2023-09-27,120,93,398,72,15.8333,3.32,331
2023-11-07,120,96,606,78,15.0000,5.05,525
2023-12-04,120,95,386,73,16.6667,3.22,319
2024-01-29,120,102,440,83,13.3333,3.67,373
2024-03-21,120,99,527,78,9.1667,4.39,363
2024-05-06,120,105,509,82,15.0000,4.24,449
2025-02-04,120,95,590,73,13.3333,4.92,519
2025-02-19,120,96,460,68,19.1667,3.83,393
2023-02-03,119,88,441,66,15.1261,3.71,436
2023-03-01,119,97,508,72,12.6050,4.27,461
2023-04-10,119,94,389,67,10.0840,3.27,297
2023-05-23,119,91,504,66,7.5630,4.24,455
2023-09-06,119,95,304,74,24.3697,2.55,272
2024-02-15,119,93,402,76,11.7647,3.38,376
2024-02-16,119,94,477,71,16.8067,4.01,417
2024-05-02,119,99,464,77,15.1261,3.90,395
2025-02-10,119,87,540,63,15.1261,4.54,554
2023-03-10,118,94,458,73,14.4068,3.88,394
2023-10-12,118,96,390,76,17.7966,3.31,259
2023-10-23,118,89,441,70,11.8644,3.74,371
2023-10-24,118,95,537,69,10.1695,4.55,357
2023-10-25,118,97,403,80,13.5593,3.42,333
2023-11-10,118,95,359,77,20.3390,3.04,328
2024-05-14,118,94,414,73,18.6441,3.51,387
2024-06-24,118,87,375,58,17.7966,3.18,270
2024-08-28,118,85,473,68,22.8814,4.01,388
2024-10-09,118,95,511,64,11.0169,4.33,457
2024-10-14,118,81,505,61,12.7119,4.28,543
2024-11-12,118,90,552,67,16.9492,4.68,509
2023-03-06,117,100,445,69,22.2222,3.80,400
2023-09-08,117,110,331,98,19.6581,2.83,250
2023-09-12,117,95,379,78,12.8205,3.24,321
2023-11-01,117,99,541,83,12.8205,4.62,387
2023-11-09,117,94,386,69,18.8034,3.30,353
2023-11-30,117,91,420,65,9.4017,3.59,378
2024-01-24,117,97,396,74,16.2393,3.38,277
2024-02-12,117,100,391,80,19.6581,3.34,363
2024-02-28,117,96,438,75,12.8205,3.74,294
2023-01-27,116,93,428,70,12.0690,3.69,401
2023-03-13,116,99,488,72,20.6897,4.21,405
2023-07-27,116,100,231,88,18.9655,1.99,139
2023-07-31,116,100,310,84,18.9655,2.67,207
2023-08-09,116,110,290,97,10.3448,2.50,166
2023-08-30,116,101,343,81,20.6897,2.96,242
2023-10-09,116,93,456,70,19.8276,3.93,483
2023-12-13,116,97,394,70,13.7931,3.40,336
2024-01-22,116,89,457,64,18.1034,3.94,466
2024-02-22,116,100,298,78,15.5172,2.57,234
2023-05-25,115,98,433,72,19.1304,3.77,386
2023-10-18,115,85,415,70,13.9130,3.61,320
2023-12-18,115,96,323,76,16.5217,2.81,212
2024-03-14,115,87,445,64,12.1739,3.87,381
2024-09-09,115,87,609,66,11.3043,5.30,495
2024-11-01,115,88,480,61,11.3043,4.17,356
2024-11-05,115,81,529,60,12.1739,4.60,506
2024-11-13,115,92,504,64,13.0435,4.38,459
2025-01-23,115,78,550,53,14.7826,4.78,549
2025-05-12,115,85,532,60,20.0000,4.63,543
2023-02-10,114,97,403,71,10.5263,3.54,395
2023-08-10,114,100,412,82,12.2807,3.61,378
2023-09-25,114,92,288,74,27.1930,2.53,280
2023-12-06,114,97,373,73,12.2807,3.27,284
2024-01-15,114,92,523,65,18.4211,4.59,459
2024-05-23,114,93,308,73,21.0526,2.70,242
2024-07-08,114,92,454,66,20.1754,3.98,567
2025-01-27,114,78,530,51,16.6667,4.65,548
2025-11-11,114,89,415,66,31.5789,3.64,384
2023-04-05,113,94,378,65,19.4690,3.35,253
2023-04-06,113,93,404,71,14.1593,3.58,385
2023-04-21,113,91,373,69,15.9292,3.30,227
2023-06-15,113,94,425,75,10.6195,3.76,411
2023-06-23,113,92,350,77,13.2743,3.10,397
2023-11-02,113,99,480,81,15.0442,4.25,458
2023-11-20,113,92,430,66,15.0442,3.81,357
2024-02-21,113,93,380,69,9.7345,3.36,338
2024-04-15,113,89,647,66,13.2743,5.73,467
2024-10-16,113,94,354,72,14.1593,3.13,297
2023-01-16,112,91,353,68,14.2857,3.15,298
2023-04-14,112,93,381,70,13.3929,3.40,333
2023-05-29,112,94,352,72,14.2857,3.14,414
2023-06-01,112,87,429,64,9.8214,3.83,458
2023-07-05,112,94,300,69,20.5357,2.68,240
2023-11-27,112,98,446,76,10.7143,3.98,398
2024-02-07,112,97,370,76,9.8214,3.30,273
2024-03-13,112,96,449,76,15.1786,4.01,302
2024-04-26,112,94,365,72,17.8571,3.26,357
2025-01-09,112,86,623,65,11.6071,5.56,532
2025-02-03,112,81,563,54,16.9643,5.03,628
2025-02-06,112,85,445,62,18.7500,3.97,503
2025-12-08,112,86,664,65,20.5357,5.93,583
2026-09-22,112,86,408,65,25.8929,3.64,444
2023-05-30,111,86,456,75,9.0090,4.11,519
2023-06-20,111,92,392,61,10.8108,3.53,341
2023-10-02,111,89,443,63,16.2162,3.99,445
2023-10-11,111,85,367,70,16.2162,3.31,330
2023-11-22,111,88,413,71,14.4144,3.72,442
2024-04-01,111,92,692,69,18.0180,6.23,615
2024-11-25,111,92,435,68,9.0090,3.92,391
2024-12-05,111,86,370,68,15.3153,3.33,331
2024-12-11,111,81,742,62,13.5135,6.68,680
2025-01-22,111,77,699,56,15.3153,6.30,693
2026-01-14,111,89,321,74,48.6486,2.89,230
2023-01-19,110,85,477,65,14.5455,4.34,491
2023-06-26,110,86,366,65,14.5455,3.33,375
2023-09-11,110,94,387,73,11.8182,3.52,376
2024-02-06,110,92,466,68,13.6364,4.24,388
2024-04-25,110,85,488,66,10.9091,4.44,464
2024-05-07,110,90,392,66,19.0909,3.56,342
2024-05-28,110,88,395,68,13.6364,3.59,396
2024-10-15,110,86,402,70,11.8182,3.65,506
2025-12-02,110,89,840,70,19.0909,7.64,622
2023-01-30,109,83,487,65,10.0917,4.47,417
2023-02-28,109,93,450,62,9.1743,4.13,441
2023-04-04,109,92,470,67,13.7615,4.31,532
2023-08-23,109,87,423,71,14.6789,3.88,523
2023-09-22,109,91,352,77,16.5138,3.23,257
2023-10-10,109,88,455,68,21.1009,4.17,411
2024-03-01,109,93,392,71,17.4312,3.60,362
2024-03-22,109,80,441,64,11.0092,4.05,431
2024-06-18,109,88,339,67,22.9358,3.11,311
2024-09-11,109,89,452,66,17.4312,4.15,434
2024-11-18,109,89,381,65,16.5138,3.50,364
2025-02-12,109,82,445,59,15.5963,4.08,407
2025-09-29,109,76,664,54,24.7706,6.09,598
2023-04-13,108,91,380,73,12.9630,3.52,348
2023-05-31,108,86,485,67,10.1852,4.49,518
2023-06-07,108,80,339,64,12.0370,3.14,224
2023-08-02,108,89,489,78,17.5926,4.53,359
2023-10-05,108,85,406,65,16.6667,3.76,388
2024-02-26,108,92,544,76,21.2963,5.04,445
2024-03-26,108,81,438,66,11.1111,4.06,375
2024-04-09,108,83,316,66,12.0370,2.93,303
2024-09-12,108,86,418,69,13.8889,3.87,497
2024-09-17,108,90,406,74,20.3704,3.76,378
2024-11-22,108,71,448,47,12.9630,4.15,370
2024-11-26,108,82,476,59,12.9630,4.41,550
2025-02-13,108,84,396,57,9.2593,3.67,375
2023-07-26,107,89,271,80,15.8879,2.53,209
2023-12-05,107,93,457,71,12.1495,4.27,356
2023-12-25,107,95,274,80,14.9533,2.56,213
2024-03-06,107,75,348,52,14.0187,3.25,308
2024-03-19,107,88,394,66,18.6916,3.68,329
2024-04-27,107,88,371,65,14.9533,3.47,335
2024-08-19,107,78,649,57,10.2804,6.07,545
2024-11-19,107,79,645,55,14.0187,6.03,698
2024-11-20,107,81,441,57,16.8224,4.12,534
2025-01-24,107,82,500,55,12.1495,4.67,523
2025-10-20,107,76,427,50,24.2991,3.99,433
2026-03-18,107,84,416,64,31.7757,3.89,375
2023-03-27,106,84,417,57,7.5472,3.93,477
2023-09-01,106,85,289,64,14.1509,2.73,254
2023-09-29,106,83,336,63,18.8679,3.17,339
2023-12-01,106,78,455,59,9.4340,4.29,470
2023-12-15,106,84,332,65,11.3208,3.13,340
2023-12-19,106,93,225,77,14.1509,2.12,112
2024-01-17,106,85,369,61,18.8679,3.48,321
2024-03-11,106,90,377,68,17.9245,3.56,348
2024-10-25,106,85,443,53,18.8679,4.18,466
2024-12-18,106,90,346,64,17.9245,3.26,329
2024-12-23,106,80,290,57,15.0943,2.74,222
2025-10-16,106,87,517,62,16.9811,4.88,400
2025-12-01,106,77,618,58,16.0377,5.83,532
2026-04-02,106,91,318,76,52.8302,3.00,236
2023-03-03,105,84,405,70,13.3333,3.86,432
2023-06-27,105,80,392,63,17.1429,3.73,306
2023-08-28,105,86,365,72,17.1429,3.48,376
2024-01-31,105,84,436,65,14.2857,4.15,380
2024-05-17,105,82,389,62,17.1429,3.70,340
2024-05-20,105,89,501,65,9.5238,4.77,519
2024-06-06,105,87,492,66,18.0952,4.69,515
2024-06-20,105,79,330,57,19.0476,3.14,313
2024-08-26,105,71,525,61,18.0952,5.00,536
2024-09-24,105,81,323,63,11.4286,3.08,275
2024-10-30,105,81,423,53,20.9524,4.03,427
2025-02-26,105,75,327,50,13.3333,3.11,325
2025-04-29,105,81,457,57,18.0952,4.35,358
2023-01-25,104,87,399,71,12.5000,3.84,402
2023-02-08,104,90,420,63,9.6154,4.04,497
2023-04-07,104,93,341,77,12.5000,3.28,246
2023-05-18,104,80,371,65,13.4615,3.57,415
2023-06-09,104,82,321,64,8.6538,3.09,207
2023-09-28,104,86,423,63,15.3846,4.07,324
2024-01-11,104,80,427,68,12.5000,4.11,416
2024-02-27,104,85,498,69,15.3846,4.79,451
2024-08-01,104,83,403,60,13.4615,3.88,357
2024-08-20,104,83,600,60,13.4615,5.77,531
2024-09-16,104,82,499,64,10.5769,4.80,540
2025-03-13,104,78,455,54,13.4615,4.38,515
2023-05-19,103,86,466,64,13.5922,4.52,312
2023-05-24,103,81,451,63,10.6796,4.38,459
2023-11-21,103,85,352,69,15.5340,3.42,357
2024-04-11,103,80,416,70,15.5340,4.04,415
2024-09-03,103,78,433,62,20.3883,4.20,546
2024-10-10,103,79,329,58,13.5922,3.19,324
2024-11-14,103,78,402,55,17.4757,3.90,473
2024-12-13,103,81,423,60,10.6796,4.11,437
2025-01-14,103,82,469,60,14.5631,4.55,479
2025-01-29,103,76,480,56,15.5340,4.66,533
2025-04-07,103,80,358,60,15.5340,3.48,392
2024-07-10,102,82,300,60,15.6863,2.94,365
2024-09-06,102,75,372,62,11.7647,3.65,437
2024-10-18,102,76,396,59,11.7647,3.88,418
2024-11-21,102,79,401,62,15.6863,3.93,454
2024-11-27,102,79,439,57,19.6078,4.30,518
2024-12-03,102,83,465,59,14.7059,4.56,510
2025-03-06,102,75,339,54,19.6078,3.32,401
2023-10-26,101,86,392,71,14.8515,3.88,501
2023-11-03,101,86,356,66,9.9010,3.52,410
2023-12-08,101,83,364,67,19.8020,3.60,365
2024-02-14,101,84,452,65,8.9109,4.48,434
2024-04-23,101,88,469,68,16.8317,4.64,417
2024-06-11,101,79,306,56,16.8317,3.03,380
2024-08-15,101,75,378,57,9.9010,3.74,382
2024-12-17,101,84,494,61,16.8317,4.89,722
2025-01-17,101,75,580,54,11.8812,5.74,710
2025-05-19,101,74,348,52,18.8119,3.45,438
2025-11-10,101,82,424,58,24.7525,4.20,410
2025-11-12,101,74,480,52,16.8317,4.75,600
2025-11-27,101,75,502,53,15.8416,4.97,405
2026-03-23,101,71,462,51,26.7327,4.57,503
2024-01-18,100,82,363,66,21.0000,3.63,364
2024-04-10,100,80,450,65,12.0000,4.50,442
2024-09-02,100,68,484,49,13.0000,4.84,685
2024-10-08,100,78,404,63,15.0000,4.04,468
2024-11-29,100,77,471,50,11.0000,4.71,595
2024-12-04,100,73,405,59,10.0000,4.05,505
2025-01-21,100,67,534,51,11.0000,5.34,723
2025-10-15,100,74,439,58,11.0000,4.39,453
2024-01-16,99,86,407,64,16.1616,4.11,463
2024-04-02,99,76,561,53,14.1414,5.67,571
2024-06-13,99,83,351,63,17.1717,3.55,457
2024-07-22,99,76,310,61,12.1212,3.13,358
2024-07-30,99,79,356,54,15.1515,3.60,351
2024-08-29,99,74,577,54,16.1616,5.83,503
2024-09-10,99,75,348,52,7.0707,3.52,420
2024-10-31,99,72,418,52,12.1212,4.22,600
2024-11-11,99,76,374,55,19.1919,3.78,415
2025-09-15,99,78,418,56,19.1919,4.22,376
2025-12-15,99,79,342,63,25.2525,3.45,257
2023-04-24,98,77,414,62,9.1837,4.22,508
2023-07-04,98,79,343,57,11.2245,3.50,360
2023-10-03,98,85,413,72,24.4898,4.21,486
2023-10-27,98,81,259,67,18.3673,2.64,163
2023-12-20,98,88,248,71,13.2653,2.53,228
2023-12-21,98,92,184,78,11.2245,1.88,58
2024-04-08,98,80,385,62,12.2449,3.93,492
2024-05-13,98,82,361,65,7.1429,3.68,410
2024-05-21,98,74,325,54,13.2653,3.32,427
2024-05-22,98,73,398,49,17.3469,4.06,435
2024-09-04,98,77,623,58,20.4082,6.36,568
2024-11-06,98,73,437,46,21.4286,4.46,542
2024-11-07,98,76,387,58,17.3469,3.95,456
2025-01-15,98,66,478,49,16.3265,4.88,631
2025-03-10,98,75,392,59,20.4082,4.00,437
2025-04-21,98,70,436,51,18.3673,4.45,422
2025-10-22,98,74,420,53,14.2857,4.29,507
2025-10-23,98,72,405,52,20.4082,4.13,473
2025-12-04,98,81,806,56,14.2857,8.22,736
2026-02-16,98,68,367,55,16.3265,3.74,429
2023-04-20,97,88,381,73,15.4639,3.93,393
2023-06-05,97,83,391,65,10.3093,4.03,391
2023-06-14,97,80,440,69,17.5258,4.54,348
2023-06-22,97,84,415,64,11.3402,4.28,357
2023-07-28,97,91,215,82,19.5876,2.22,96
2024-02-01,97,82,354,63,15.4639,3.65,312
2024-04-18,97,80,257,62,15.4639,2.65,206
2024-06-25,97,80,426,62,17.5258,4.39,596
2024-08-07,97,81,396,59,10.3093,4.08,476
2025-01-30,97,71,366,55,11.3402,3.77,419
2025-04-04,97,77,304,58,19.5876,3.13,335
2025-08-25,97,66,732,47,13.4021,7.55,432
2023-01-12,96,79,414,62,12.5000,4.31,468
2023-03-07,96,81,408,61,14.5833,4.25,469
2023-06-21,96,77,321,54,20.8333,3.34,301
2023-06-28,96,75,329,56,9.3750,3.43,303
2023-10-04,96,80,481,62,15.6250,5.01,519
2024-04-24,96,75,422,55,13.5417,4.40,364
2024-06-07,96,80,328,59,17.7083,3.42,324
2024-06-28,96,78,248,63,20.8333,2.58,270
2024-09-19,96,70,265,51,13.5417,2.76,246
2024-12-16,96,76,638,59,10.4167,6.65,624
2025-01-28,96,62,570,47,16.6667,5.94,572
2025-03-14,96,74,294,55,22.9167,3.06,300
2025-09-16,96,78,319,59,20.8333,3.32,367
2025-10-30,96,71,426,49,14.5833,4.44,350
2026-02-12,96,74,302,55,21.8750,3.15,325
2026-05-18,96,59,440,42,12.5000,4.58,475
2023-05-26,95,72,365,50,6.3158,3.84,316
2023-07-03,95,80,348,68,24.2105,3.66,307
2023-09-26,95,82,371,70,22.1053,3.91,387
2024-01-09,95,75,297,56,17.8947,3.13,242
2024-04-16,95,76,327,62,11.5789,3.44,336
2024-08-13,95,69,393,50,20.0000,4.14,506
2025-03-11,95,68,369,50,17.8947,3.88,471
2025-04-16,95,74,528,57,10.5263,5.56,499
2025-05-26,95,69,714,49,9.4737,7.52,659
2025-08-11,95,68,727,45,14.7368,7.65,731
2025-09-23,95,61,453,39,12.6316,4.77,419
2025-11-25,95,78,383,54,17.8947,4.03,536
2026-03-19,95,72,452,54,29.4737,4.76,345
2026-09-17,95,75,297,62,25.2632,3.13,382
2023-01-26,94,77,462,52,12.7660,4.91,528
2023-11-23,94,85,371,63,13.8298,3.95,503
2024-03-27,94,76,347,60,11.7021,3.69,459
2024-09-25,94,69,430,48,15.9574,4.57,416
2024-10-28,94,75,505,47,12.7660,5.37,711
2025-05-16,94,69,308,46,19.1489,3.28,284
2025-05-20,94,74,304,53,21.2766,3.23,452
2025-05-21,94,71,555,49,14.8936,5.90,547
2025-08-27,94,67,427,54,23.4043,4.54,371
2025-11-26,94,69,319,45,14.8936,3.39,325
2026-09-24,94,74,329,61,22.3404,3.50,366
2023-06-29,93,79,264,60,12.9032,2.84,259
2023-10-17,93,75,421,61,11.8280,4.53,473
2024-06-04,93,74,383,57,9.6774,4.12,468
2024-08-12,93,72,503,49,12.9032,5.41,497
2024-08-14,93,73,345,55,15.0538,3.71,382
2024-09-18,93,72,305,55,18.2796,3.28,276
2024-09-23,93,72,383,55,7.5269,4.12,609
2024-11-28,93,68,373,44,12.9032,4.01,507
2024-12-25,93,74,270,56,16.1290,2.90,216
2025-01-16,93,68,527,53,12.9032,5.67,695
2025-02-07,93,70,364,50,17.2043,3.91,490
2025-07-01,93,68,494,52,15.0538,5.31,497
2025-08-06,93,65,782,49,12.9032,8.41,518
2026-02-10,93,73,287,55,17.2043,3.09,377
2023-01-20,92,77,326,63,14.1304,3.54,418
2023-08-13,92,87,171,82,8.6957,1.86,88
2024-03-07,92,64,625,55,11.9565,6.79,470
2025-03-03,92,64,430,44,10.8696,4.67,551
2025-03-12,92,72,536,45,14.1304,5.83,670
2025-06-05,92,70,289,51,18.4783,3.14,297
2025-09-11,92,74,321,54,26.0870,3.49,307
2025-10-03,92,63,371,43,22.8261,4.03,432
2025-10-06,92,63,571,44,25.0000,6.21,830
2026-05-29,92,58,479,45,34.7826,5.21,459
2023-06-08,91,75,314,57,9.8901,3.45,362
2024-01-23,91,78,362,56,15.3846,3.98,399
2024-04-19,91,71,381,58,17.5824,4.19,473
2024-07-09,91,73,305,48,18.6813,3.35,335
2024-08-21,91,66,586,45,16.4835,6.44,683
2024-10-01,91,64,333,46,12.0879,3.66,387
2024-10-04,91,60,302,44,10.9890,3.32,488
2024-10-07,91,69,351,60,18.6813,3.86,369
2024-12-20,91,73,331,55,16.4835,3.64,478
2025-02-21,91,70,346,55,16.4835,3.80,399
2025-03-24,91,68,298,47,14.2857,3.27,483
2025-09-22,91,60,1047,40,15.3846,11.51,894
2023-03-24,90,67,312,50,17.7778,3.47,312
2023-03-31,90,76,306,58,10.0000,3.40,366
2023-04-25,90,65,378,43,8.8889,4.20,435
2023-10-19,90,74,319,59,11.1111,3.54,400
2024-02-05,90,74,414,56,18.8889,4.60,498
2024-04-12,90,73,311,56,18.8889,3.46,390
2024-05-27,90,74,318,55,15.5556,3.53,479
2024-09-27,90,60,354,38,6.6667,3.93,411
2024-12-24,90,65,344,42,12.2222,3.82,418
2025-03-05,90,66,446,47,11.1111,4.96,453
2025-04-14,90,67,313,44,16.6667,3.48,348
2025-04-24,90,70,337,49,21.1111,3.74,352
2025-05-23,90,63,472,40,15.5556,5.24,498
2025-08-07,90,64,589,42,15.5556,6.54,644
2025-09-09,90,72,468,51,21.1111,5.20,575
2025-09-10,90,69,364,46,15.5556,4.04,294
2026-03-31,90,64,326,50,25.5556,3.62,370
2026-04-03,90,70,239,60,41.1111,2.66,208
2024-03-12,89,69,354,57,13.4831,3.98,417
2024-03-15,89,68,315,53,21.3483,3.54,380
2024-05-03,89,70,341,52,13.4831,3.83,329
2024-06-17,89,70,334,51,21.3483,3.75,452
2024-06-19,89,69,292,54,14.6067,3.28,366
2024-06-27,89,73,384,59,21.3483,4.31,375
2024-07-04,89,69,293,50,11.2360,3.29,275
2024-10-02,89,60,315,39,14.6067,3.54,318
2024-11-08,89,60,430,39,16.8539,4.83,570
2025-01-10,89,66,439,48,17.9775,4.93,649
2025-01-13,89,64,515,47,6.7416,5.79,729
2025-05-29,89,71,290,56,23.5955,3.26,383
2025-06-03,89,70,375,52,25.8427,4.21,590
2025-11-07,89,66,316,50,30.3371,3.55,420
2025-11-21,89,67,359,52,20.2247,4.03,412
2026-01-12,89,73,353,58,17.9775,3.97,427
2026-04-28,89,67,335,53,31.4607,3.76,534
2026-09-14,89,67,298,45,16.8539,3.35,324
2023-06-02,88,59,279,44,11.3636,3.17,283
2023-07-25,88,79,193,63,14.7727,2.19,135
2023-08-08,88,74,387,59,10.2273,4.40,457
2024-01-12,88,71,418,55,17.0455,4.75,418
2024-04-05,88,70,355,52,12.5000,4.03,450
2024-09-26,88,62,391,36,10.2273,4.44,561
2025-03-28,88,60,311,39,14.7727,3.53,455
2025-05-15,88,73,267,53,21.5909,3.03,356
2025-06-10,88,70,289,50,29.5455,3.28,343
2025-08-13,88,55,567,38,18.1818,6.44,711
2025-09-30,88,64,525,43,18.1818,5.97,565
2025-11-05,88,57,317,40,22.7273,3.60,426
2026-02-27,88,66,353,45,15.9091,4.01,407
2026-09-16,88,63,298,48,14.7727,3.39,400
2024-01-19,87,73,305,48,21.8391,3.51,367
2024-01-30,87,77,323,62,9.1954,3.71,395
2024-05-31,87,70,351,53,21.8391,4.03,536
2024-06-26,87,68,298,48,13.7931,3.43,430
2024-08-08,87,67,291,49,13.7931,3.34,364
2025-02-14,87,58,395,38,14.9425,4.54,436
2025-06-16,87,65,720,47,13.7931,8.28,885
2025-09-04,87,70,483,52,21.8391,5.55,534
2025-11-06,87,66,507,47,17.2414,5.83,579
2025-11-19,87,70,343,53,21.8391,3.94,491
2026-02-17,87,62,316,46,18.3908,3.63,359
2026-03-20,87,64,264,44,33.3333,3.03,287
2023-06-06,86,69,333,59,9.3023,3.87,428
2024-06-05,86,68,398,48,19.7674,4.63,448
2024-07-03,86,64,311,50,12.7907,3.62,388
2024-08-22,86,62,411,38,9.3023,4.78,551
2024-08-23,86,60,353,38,13.9535,4.10,399
2024-09-13,86,61,295,44,11.6279,3.43,442
2025-04-10,86,72,326,50,23.2558,3.79,451
2025-05-28,86,65,320,47,24.4186,3.72,508
2025-07-16,86,68,521,50,20.9302,6.06,530
2025-09-24,86,63,447,43,23.2558,5.20,664
2025-11-17,86,68,638,48,15.1163,7.42,854
2026-02-05,86,67,806,47,16.2791,9.37,709
2026-08-10,86,48,379,34,22.0930,4.41,587
2026-09-02,86,60,292,45,17.4419,3.40,448
2023-10-20,85,66,370,46,14.1176,4.35,429
2024-04-17,85,70,366,56,15.2941,4.31,338
2024-07-16,85,59,281,46,16.4706,3.31,267
2024-07-23,85,64,410,48,16.4706,4.82,408
2024-08-05,85,67,353,47,21.1765,4.15,485
2025-04-03,85,64,388,46,15.2941,4.56,546
2025-05-22,85,64,721,40,21.1765,8.48,611
2025-05-30,85,62,292,45,21.1765,3.44,351
2025-06-04,85,64,348,49,20.0000,4.09,387
2025-06-24,85,63,415,46,11.7647,4.88,594
2025-10-10,85,61,433,42,21.1765,5.09,504
2025-10-17,85,62,355,40,11.7647,4.18,405
2026-04-15,85,59,317,46,37.6471,3.73,268
2026-09-15,85,63,265,44,23.5294,3.12,281
2023-07-07,84,70,284,52,22.6190,3.38,264
2023-10-06,84,66,269,49,17.8571,3.20,311
2023-11-24,84,74,248,64,17.8571,2.95,279
2024-07-11,84,60,442,42,19.0476,5.26,525
2025-02-20,84,67,355,48,13.0952,4.23,658
2025-04-01,84,66,321,47,20.2381,3.82,572
2025-05-27,84,60,426,37,15.4762,5.07,533
2025-07-30,84,67,436,49,17.8571,5.19,506
2025-12-11,84,61,288,52,13.0952,3.43,342
2026-02-24,84,62,352,45,17.8571,4.19,504
2026-03-17,84,65,505,47,22.6190,6.01,417
2024-06-14,83,67,272,45,18.0723,3.28,441
2024-07-02,83,66,289,44,19.2771,3.48,444
2024-12-19,83,67,262,48,9.6386,3.16,308
2025-10-27,83,62,434,45,13.2530,5.23,576
2025-10-31,83,59,417,40,10.8434,5.02,625
2025-11-28,83,60,395,40,24.0964,4.76,363
2026-01-22,83,65,398,52,19.2771,4.80,470
2026-01-27,83,60,278,41,14.4578,3.35,364
2026-02-09,83,63,498,47,15.6627,6.00,621
2026-06-18,83,52,340,37,19.2771,4.10,499
2026-09-03,83,62,268,49,18.0723,3.23,430
2023-10-13,82,69,313,52,15.8537,3.82,358
2024-07-18,82,62,220,46,12.1951,2.68,188
2025-03-31,82,61,425,41,12.1951,5.18,622
2025-04-09,82,65,297,46,21.9512,3.62,348
2025-06-26,82,62,412,45,10.9756,5.02,582
2025-10-09,82,59,435,44,8.5366,5.30,611
2025-10-13,82,62,344,47,15.8537,4.20,585
2026-01-29,82,59,422,43,14.6341,5.15,413
2026-02-04,82,63,418,51,21.9512,5.10,390
2026-02-18,82,59,318,42,15.8537,3.88,394
2026-04-20,82,59,408,46,20.7317,4.98,612
2026-08-09,82,74,143,70,78.0488,1.74,47
2024-04-04,81,62,346,46,9.8765,4.27,530
2024-06-03,81,62,330,52,14.8148,4.07,536
2024-09-20,81,64,322,49,18.5185,3.98,492
2024-10-03,81,61,275,48,9.8765,3.40,344
2025-04-23,81,60,316,40,20.9877,3.90,356
2025-06-02,81,57,283,45,11.1111,3.49,381
2025-07-09,81,63,368,43,18.5185,4.54,496
2025-10-29,81,58,274,43,17.2840,3.38,296
2026-01-26,81,56,376,41,9.8765,4.64,482
2026-03-26,81,59,349,43,24.6914,4.31,496
2026-04-14,81,59,418,44,17.2840,5.16,469
2026-05-27,81,44,377,30,14.8148,4.65,461
2026-08-13,81,46,456,35,24.6914,5.63,614
2026-09-09,81,58,348,41,22.2222,4.30,497
2026-09-21,81,58,310,44,14.8148,3.83,489
2023-05-22,80,67,412,51,6.2500,5.15,675
2024-01-25,80,67,294,45,15.0000,3.67,497
2024-07-19,80,67,274,47,17.5000,3.42,284
2024-11-02,80,62,333,40,20.0000,4.16,495
2025-03-07,80,62,254,44,21.2500,3.17,253
2025-09-26,80,52,587,32,15.0000,7.34,664
2025-10-01,80,53,474,35,13.7500,5.92,668
2026-01-19,80,65,306,51,20.0000,3.83,328
2026-02-26,80,63,290,44,15.0000,3.62,408
2026-03-12,80,56,337,41,18.7500,4.21,509
2026-03-24,80,56,390,40,22.5000,4.88,544
2026-04-27,80,51,465,37,21.2500,5.81,643
2026-06-17,80,55,426,39,13.7500,5.33,511
2023-08-06,79,74,149,70,20.2532,1.89,92
2023-12-26,79,69,185,55,20.2532,2.34,114
2024-05-30,79,67,244,50,13.9241,3.09,259
2024-06-21,79,63,263,48,18.9873,3.33,398
2024-07-17,79,63,252,51,16.4557,3.19,351
2024-08-27,79,62,566,49,15.1899,7.16,904
2025-02-24,79,56,388,45,13.9241,4.91,794
2025-06-19,79,59,377,43,16.4557,4.77,452
2025-07-14,79,52,426,31,13.9241,5.39,583
2025-08-19,79,52,382,36,11.3924,4.84,537
2025-10-21,79,62,374,43,10.1266,4.73,518
2025-11-24,79,65,371,50,26.5823,4.70,528
2025-12-17,79,60,405,47,16.4557,5.13,419
2026-05-15,79,59,505,41,17.7215,6.39,686
2026-05-19,79,50,423,34,12.6582,5.35,633
2026-06-15,79,56,353,42,20.2532,4.47,443
2026-09-10,79,56,278,38,21.5190,3.52,513
2023-08-12,78,70,205,59,12.8205,2.63,171
2024-02-08,78,71,280,59,12.8205,3.59,350
2024-07-15,78,61,284,48,17.9487,3.64,268
2024-07-26,78,59,324,47,11.5385,4.15,358
2024-07-31,78,66,248,47,14.1026,3.18,366
2024-08-16,78,63,325,44,20.5128,4.17,410
2024-12-26,78,59,198,44,15.3846,2.54,253
2025-03-25,78,61,319,42,10.2564,4.09,518
2025-04-25,78,63,290,47,21.7949,3.72,467
2025-07-28,78,59,430,37,11.5385,5.51,543
2025-09-05,78,56,429,41,10.2564,5.50,530
2025-10-28,78,56,404,37,14.1026,5.18,673
2025-11-18,78,57,353,42,15.3846,4.53,561
2026-01-16,78,62,254,46,29.4872,3.26,360
2026-01-28,78,60,360,43,19.2308,4.62,346
2026-03-30,78,55,505,42,16.6667,6.47,708
2023-07-06,77,70,259,49,25.9740,3.36,286
2023-09-17,77,72,165,66,33.7662,2.14,88
2023-12-22,77,65,201,52,23.3766,2.61,312
2024-02-09,77,64,272,42,11.6883,3.53,291
2024-09-05,77,53,323,34,15.5844,4.19,398
2024-09-30,77,57,344,44,20.7792,4.47,486
2025-03-26,77,56,309,43,16.8831,4.01,554
2025-04-08,77,60,413,40,16.8831,5.36,638
2025-04-28,77,60,323,40,12.9870,4.19,700
2025-08-15,77,58,294,45,19.4805,3.82,334
2025-09-17,77,56,403,42,16.8831,5.23,522
2025-11-14,77,59,485,37,16.8831,6.30,687
2025-12-03,77,56,1249,35,19.4805,16.22,1364
2026-02-20,77,54,219,34,14.2857,2.84,255
2026-02-25,77,57,249,37,11.6883,3.23,319
2026-03-02,77,49,390,35,16.8831,5.06,518
2026-03-25,77,47,486,25,12.9870,6.31,819
2026-05-14,77,54,357,34,11.6883,4.64,505
2024-08-06,76,65,235,43,15.7895,3.09,308
2025-02-27,76,61,388,45,15.7895,5.11,409
2025-06-11,76,55,299,37,11.8421,3.93,419
2025-06-30,76,50,772,34,14.4737,10.16,752
2025-09-12,76,58,346,39,14.4737,4.55,582
2026-01-20,76,58,288,47,32.8947,3.79,295
2026-03-04,76,53,337,37,18.4211,4.43,467
2026-04-21,76,54,251,33,17.1053,3.30,337
2026-05-25,76,36,480,22,15.7895,6.32,719
2026-06-22,76,43,449,26,10.5263,5.91,525
2023-01-13,75,63,270,52,10.6667,3.60,445
2023-06-30,75,61,204,47,14.6667,2.72,218
2023-08-17,75,62,267,49,10.6667,3.56,295
2024-12-27,75,61,202,45,20.0000,2.69,293
2025-05-06,75,62,111,51,24.0000,1.48,66
2025-06-09,75,57,292,44,21.3333,3.89,497
2025-06-17,75,54,349,41,18.6667,4.65,425
2025-07-15,75,57,493,37,13.3333,6.57,761
2025-09-19,75,54,416,37,16.0000,5.55,458
2025-10-02,75,50,348,33,18.6667,4.64,653
2025-12-05,75,61,511,39,16.0000,6.81,623
2026-03-11,75,52,275,38,13.3333,3.67,560
2026-05-22,75,53,405,39,28.0000,5.40,561
2026-06-24,75,48,355,26,13.3333,4.73,743
2026-06-25,75,43,374,30,13.3333,4.99,485
2023-09-16,74,70,132,63,29.7297,1.78,84
2024-10-17,74,56,267,39,12.1622,3.61,387
2025-06-25,74,50,665,28,12.1622,8.99,658
2025-08-18,74,51,450,37,18.9189,6.08,705
2025-08-26,74,55,494,41,14.8649,6.68,668
2025-11-01,74,46,243,29,17.5676,3.28,296
2026-01-30,74,58,525,41,13.5135,7.09,725
2026-04-08,74,56,319,38,16.2162,4.31,529
2026-04-09,74,60,280,41,28.3784,3.78,324
2026-08-25,74,52,227,41,20.2703,3.07,503
2026-09-23,74,56,372,39,14.8649,5.03,581
2023-09-10,73,68,148,59,23.2877,2.03,57
2024-02-02,73,62,343,47,16.4384,4.70,442
2025-01-31,73,53,284,41,31.5068,3.89,315
2025-04-30,73,57,199,42,21.9178,2.73,346
2025-09-02,73,61,447,47,23.2877,6.12,736
2025-09-08,73,51,427,31,6.8493,5.85,432
2025-12-18,73,58,233,36,19.1781,3.19,241
2026-01-21,73,57,237,47,23.2877,3.25,263
2026-02-11,73,51,452,28,19.1781,6.19,764
2026-03-06,73,53,325,37,10.9589,4.45,364
2026-03-16,73,46,657,33,13.6986,9.00,1073
2026-03-27,73,53,393,37,31.5068,5.38,758
2026-05-06,73,52,256,39,26.0274,3.51,502
2023-10-16,72,55,410,46,13.8889,5.69,568
2023-11-11,72,67,147,57,20.8333,2.04,146
2023-12-27,72,63,166,50,12.5000,2.31,181
2024-05-29,72,65,191,45,22.2222,2.65,336
2025-07-18,72,54,283,42,26.3889,3.93,431
2025-07-29,72,54,469,42,20.8333,6.51,613
2025-08-14,72,47,381,29,15.2778,5.29,569
2026-01-23,72,53,286,37,23.6111,3.97,387
2026-02-03,72,55,295,38,25.0000,4.10,342
2026-04-01,72,55,333,38,19.4444,4.62,540
2023-07-24,71,61,153,52,18.3099,2.15,166
2023-08-05,71,66,124,62,9.8592,1.75,93
2023-08-27,71,66,121,60,16.9014,1.70,57
2025-04-02,71,49,245,37,12.6761,3.45,364
2025-04-15,71,60,392,41,19.7183,5.52,654
2025-04-17,71,55,398,40,15.4930,5.61,673
2025-06-18,71,49,419,34,16.9014,5.90,644
2025-06-23,71,50,457,33,22.5352,6.44,678
2025-07-21,71,49,301,35,16.9014,4.24,326
2025-08-05,71,52,440,38,11.2676,6.20,757
2025-09-03,71,50,423,42,12.6761,5.96,581
2026-03-05,71,56,235,38,19.7183,3.31,375
2026-05-12,71,45,306,31,16.9014,4.31,418
2026-05-20,71,43,287,27,19.7183,4.04,384
2024-01-26,70,58,193,43,18.5714,2.76,239
2024-05-24,70,57,256,40,17.1429,3.66,370
2025-03-22,70,69,82,65,48.5714,1.17,25
2025-09-25,70,44,654,29,12.8571,9.34,836
2025-10-08,70,48,313,32,14.2857,4.47,568
2025-11-20,70,54,266,41,18.5714,3.80,416
2026-02-19,70,49,225,34,14.2857,3.21,359
2026-04-07,70,55,241,41,21.4286,3.44,325
2026-07-13,70,43,552,31,14.2857,7.89,791
2026-09-01,70,46,289,33,17.1429,4.13,509
2023-02-19,69,62,166,46,13.0435,2.41,135
2025-05-14,69,49,338,31,8.6957,4.90,538
2025-06-06,69,48,202,35,17.3913,2.93,298
2025-07-03,69,49,217,28,27.5362,3.14,273
2026-07-14,69,39,363,27,14.4928,5.26,638
2026-07-17,69,43,464,27,14.4928,6.72,739
2026-08-18,69,51,214,37,20.2899,3.10,531
2026-08-19,69,42,296,30,20.2899,4.29,649
2026-09-07,69,44,250,29,10.1449,3.62,490
2026-09-25,69,42,246,26,14.4928,3.57,483
2023-04-22,68,59,150,54,16.1765,2.21,56
2023-06-13,68,55,255,41,17.6471,3.75,420
2023-07-30,68,66,110,62,27.9412,1.62,106
2023-08-20,68,66,115,61,8.8235,1.69,56
2024-05-10,68,64,120,59,42.6471,1.76,70
2024-07-05,68,53,218,36,20.5882,3.21,394
2024-08-02,68,51,194,33,13.2353,2.85,200
2025-04-11,68,49,347,29,11.7647,5.10,639
2025-07-02,68,47,354,31,11.7647,5.21,628
2025-09-18,68,52,501,32,17.6471,7.37,824
2025-10-07,68,51,334,33,11.7647,4.91,517
2026-02-13,68,49,387,30,17.6471,5.69,543
2026-03-10,68,47,357,25,10.2941,5.25,630
2026-05-13,68,42,509,24,10.2941,7.49,644
2026-07-09,68,37,274,26,8.8235,4.03,530
2026-08-11,68,40,342,27,13.2353,5.03,467
2026-09-08,68,48,312,32,14.7059,4.59,611
2023-12-16,67,61,108,45,22.3881,1.61,76
2024-01-10,67,59,274,51,17.9104,4.09,508
2024-05-11,67,64,142,59,50.7463,2.12,112
2024-07-25,67,60,200,48,22.3881,2.99,326
2024-10-11,67,50,252,36,17.9104,3.76,469
2025-04-18,67,54,266,40,17.9104,3.97,551
2025-07-07,67,50,227,34,23.8806,3.39,355
2025-08-29,67,55,208,45,25.3731,3.10,323
2025-12-22,67,55,206,43,22.3881,3.07,375
2026-01-13,67,57,266,45,19.4030,3.97,398
2026-04-16,67,51,358,35,20.8955,5.34,634
2026-08-31,67,45,329,31,13.4328,4.91,901
2023-02-18,66,59,213,48,13.6364,3.23,232
2023-05-17,66,44,285,31,15.1515,4.32,604
2024-07-12,66,52,432,40,21.2121,6.55,526
2024-07-24,66,55,221,45,9.0909,3.35,240
2024-08-09,66,55,258,44,16.6667,3.91,524
2024-11-15,66,54,311,40,13.6364,4.71,639
2025-04-22,66,53,329,32,16.6667,4.98,547
2025-08-12,66,43,718,23,18.1818,10.88,871
2025-08-20,66,44,306,28,16.6667,4.64,492
2025-08-21,66,47,393,37,12.1212,5.95,509
2026-03-13,66,42,273,28,13.6364,4.14,370
2026-05-26,66,40,295,28,13.6364,4.47,409
2026-05-28,66,43,282,29,19.6970,4.27,334
2026-07-15,66,39,377,26,16.6667,5.71,550
2023-02-25,65,62,195,51,12.3077,3.00,212
2025-03-27,65,49,290,35,7.6923,4.46,443
2025-07-08,65,48,327,33,16.9231,5.03,450
2025-12-16,65,48,246,34,18.4615,3.78,336
2026-01-15,65,53,326,43,24.6154,5.02,656
2026-06-16,65,45,291,31,30.7692,4.48,505
2026-07-10,65,36,483,26,27.6923,7.43,527
2026-08-12,65,40,409,27,20.0000,6.29,679
2023-12-17,64,61,87,55,17.1875,1.36,58
2023-12-24,64,57,153,46,18.7500,2.39,102
2025-06-20,64,44,365,29,17.1875,5.70,651
2025-07-04,64,45,265,32,20.3125,4.14,357
2026-04-06,64,52,287,35,15.6250,4.48,474
2026-04-23,64,46,416,32,17.1875,6.50,725
2026-04-29,64,47,210,33,14.0625,3.28,339
2026-07-07,64,31,514,17,14.0625,8.03,860
2023-09-09,63,60,98,52,36.5079,1.56,46
2024-05-09,63,62,104,60,57.1429,1.65,29
2026-03-03,63,51,248,38,12.6984,3.94,410
2026-04-13,63,45,287,32,20.6349,4.56,542
2026-04-24,63,42,276,34,15.8730,4.38,493
2026-05-04,63,42,288,31,17.4603,4.57,574
2026-06-01,63,34,642,22,11.1111,10.19,735
2026-06-05,63,44,319,34,17.4603,5.06,533
2026-07-24,63,46,229,32,20.6349,3.63,487
2026-08-27,63,44,255,30,22.2222,4.05,419
2023-08-19,62,60,85,57,11.2903,1.37,82
2023-11-19,62,60,252,49,20.9677,4.06,231
2025-08-28,62,46,425,32,20.9677,6.85,790
2025-12-10,62,49,188,37,24.1935,3.03,240
2025-12-23,62,50,198,38,24.1935,3.19,245
2026-06-09,62,42,216,31,17.7419,3.48,338
2026-06-26,62,34,400,21,16.1290,6.45,731
2026-06-30,62,41,329,30,20.9677,5.31,504
2026-08-04,62,41,218,31,20.9677,3.52,447
2026-08-26,62,34,326,20,14.5161,5.26,927
2023-06-16,61,54,246,37,18.0328,4.03,402
2024-08-30,61,50,299,40,11.4754,4.90,854
2025-06-27,61,43,234,31,18.0328,3.84,483
2026-04-22,61,44,243,31,16.3934,3.98,363
2026-06-19,61,37,369,25,11.4754,6.05,757
2026-06-23,61,45,301,25,14.7541,4.93,305
2026-06-29,61,36,258,25,19.6721,4.23,483
2026-07-06,61,34,388,19,6.5574,6.36,555
2026-07-16,61,37,328,25,16.3934,5.38,590
2026-07-30,61,38,283,22,8.1967,4.64,621
2026-09-04,61,47,302,30,21.3115,4.95,709
2023-01-29,60,51,145,42,15.0000,2.42,146
2023-02-24,60,56,190,47,10.0000,3.17,298
2025-10-24,60,43,318,29,10.0000,5.30,643
2025-12-09,60,46,266,36,11.6667,4.43,438
2026-02-02,60,45,480,29,16.6667,8.00,739
2026-07-02,60,40,412,27,20.0000,6.87,591
2023-11-06,59,56,145,50,22.0339,2.46,139
2024-02-17,59,53,95,48,33.8983,1.61,131
2026-04-30,59,37,227,23,15.2542,3.85,290
2026-05-21,59,33,440,19,16.9492,7.46,738
2026-07-08,59,37,350,23,15.2542,5.93,722
2026-07-22,59,42,358,29,6.7797,6.07,965
2026-07-29,59,34,333,23,11.8644,5.64,895
2026-07-31,59,40,210,27,18.6441,3.56,496
2026-08-17,59,40,287,22,15.2542,4.86,1013
2026-08-24,59,37,376,24,11.8644,6.37,705
2023-02-11,58,52,138,41,20.6897,2.38,101
2023-07-29,58,57,85,53,25.8621,1.47,28
2023-08-26,58,57,95,54,8.6207,1.64,37
2024-02-18,58,54,106,50,22.4138,1.83,80
2025-08-08,58,45,330,34,17.2414,5.69,512
2026-06-04,58,40,327,26,25.8621,5.64,423
2026-07-20,58,35,317,20,13.7931,5.47,752
2026-08-03,58,37,199,23,18.9655,3.43,411
2026-08-05,58,40,288,23,20.6897,4.97,602
2026-08-20,58,32,269,22,13.7931,4.64,626
2023-02-04,57,52,110,42,19.2982,1.93,65
2023-03-19,57,52,159,47,17.5439,2.79,185
2023-09-23,57,49,183,40,24.5614,3.21,222
2023-12-09,57,49,97,43,15.7895,1.70,126
2023-12-10,57,53,96,46,14.0351,1.68,40
2025-07-22,57,41,344,26,14.0351,6.04,580
2025-08-04,57,40,566,23,14.0351,9.93,1042
2026-02-06,57,40,369,30,15.7895,6.47,789
2026-06-11,57,37,172,29,33.3333,3.02,265
2026-07-21,57,35,258,19,12.2807,4.53,650
2026-08-06,57,37,229,25,8.7719,4.02,459
2026-09-18,57,36,240,22,15.7895,4.21,432
2024-07-29,56,49,302,36,5.3571,5.39,580
2025-07-24,56,40,316,33,10.7143,5.64,561
2025-12-12,56,43,237,33,17.8571,4.23,416
2026-06-02,56,36,349,22,14.2857,6.23,726
2026-06-08,56,36,356,23,10.7143,6.36,697
2026-07-28,56,40,238,23,21.4286,4.25,881
2023-03-05,55,47,213,34,16.3636,3.87,186
2023-09-02,55,54,100,49,18.1818,1.82,52
2023-09-03,55,53,94,48,16.3636,1.71,53
2024-02-23,55,48,113,43,27.2727,2.05,160
2024-03-16,55,50,244,40,23.6364,4.44,224
2025-07-10,55,42,268,29,20.0000,4.87,753
2025-07-17,55,42,242,31,14.5455,4.40,598
2025-07-25,55,39,253,29,12.7273,4.60,481
2025-09-01,55,37,306,25,5.4545,5.56,775
2026-04-17,55,40,244,30,20.0000,4.44,499
2026-06-03,55,31,354,22,18.1818,6.44,726
2023-03-12,54,52,183,45,18.5185,3.39,110
2026-07-01,54,33,237,22,20.3704,4.39,456
2026-07-27,54,36,177,22,11.1111,3.28,359
2026-08-21,54,31,237,20,22.2222,4.39,606
2023-01-22,53,46,142,41,11.3208,2.68,149
2023-10-28,53,49,203,44,28.3019,3.83,130
2025-08-01,53,35,437,24,20.7547,8.25,628
2026-03-22,53,49,139,47,52.8302,2.62,219
2026-06-10,53,30,328,18,18.8679,6.19,754
2023-01-28,52,44,97,33,17.3077,1.87,219
2023-03-04,52,50,105,46,26.9231,2.02,78
2023-03-11,52,44,232,40,13.4615,4.46,368
2023-07-20,52,49,97,44,9.6154,1.87,64
2023-07-21,52,44,122,39,13.4615,2.35,174
2023-10-29,52,48,185,38,23.0769,3.56,252
2023-11-04,52,45,111,40,17.3077,2.13,159
2024-03-03,52,43,212,35,17.3077,4.08,330
2024-05-05,52,50,115,42,21.1538,2.21,62
2025-12-24,52,38,127,27,26.9231,2.44,88
2023-03-25,51,46,183,34,11.7647,3.59,157
2023-07-10,51,42,158,34,31.3725,3.10,282
2023-07-17,51,45,118,40,23.5294,2.31,125
2026-07-03,51,26,361,14,13.7255,7.08,872
2026-07-23,51,33,329,23,13.7255,6.45,989
2023-09-24,50,47,103,38,30.0000,2.06,70
2023-11-25,50,47,87,41,14.0000,1.74,58
2023-12-02,50,49,95,42,24.0000,1.90,35
2024-01-08,50,39,211,32,22.0000,4.22,537
2024-04-30,50,44,124,35,18.0000,2.48,98
2024-06-12,50,47,164,37,20.0000,3.28,301
2025-08-22,50,39,174,27,18.0000,3.48,316
2026-02-15,50,45,117,37,34.0000,2.34,145
2026-05-05,50,35,264,25,16.0000,5.28,861
2026-05-07,50,35,250,21,10.0000,5.00,599
2026-08-07,50,31,185,20,16.0000,3.70,431
2023-02-05,49,42,200,34,12.2449,4.08,168
2023-02-26,49,44,150,34,12.2449,3.06,184
2023-07-14,49,45,94,41,36.7347,1.92,47
2024-04-21,49,44,114,35,18.3673,2.33,132
2026-01-10,49,40,155,32,24.4898,3.16,320
2023-01-15,48,47,102,39,16.6667,2.12,99
2023-02-23,48,45,153,35,16.6667,3.19,179
2023-04-08,48,44,93,37,18.7500,1.94,36
2023-05-27,48,44,113,37,16.6667,2.35,104
2023-07-18,48,41,107,34,12.5000,2.23,238
2024-06-09,48,43,85,36,18.7500,1.77,85
2024-10-20,47,41,102,36,17.0213,2.17,76
2025-07-23,47,31,315,21,10.6383,6.70,716
2025-12-13,47,44,85,37,38.2979,1.81,75
2025-12-25,47,40,194,30,25.5319,4.13,391
2026-09-20,47,43,127,37,36.1702,2.70,97
2023-03-26,46,41,120,25,4.3478,2.61,113
2023-10-01,46,41,158,36,28.2609,3.43,176
2024-03-31,46,43,105,34,13.0435,2.28,67
2024-05-12,46,45,113,40,23.9130,2.46,130
2025-05-05,46,42,81,33,13.0435,1.76,92
2025-12-26,46,37,144,30,10.8696,3.13,235
2026-09-12,46,39,76,35,45.6522,1.65,159
2023-04-09,45,44,96,40,13.3333,2.13,149
2023-06-18,45,45,121,40,20.0000,2.69,94
2023-07-08,45,44,85,38,37.7778,1.89,103
2024-01-21,45,42,185,38,22.2222,4.11,190
2024-03-02,45,41,214,34,15.5556,4.76,246
2024-03-17,45,44,109,39,15.5556,2.42,58
2024-05-01,45,44,125,39,15.5556,2.78,280
2026-05-30,45,36,160,32,48.8889,3.56,339
2026-09-11,45,29,193,21,20.0000,4.29,514
2023-01-21,44,42,105,32,20.4545,2.39,61
2023-03-18,44,41,78,33,20.4545,1.77,43
2023-05-02,44,33,354,19,11.3636,8.05,1013
2023-07-11,44,34,212,28,43.1818,4.82,660
2023-10-22,44,43,110,37,20.4545,2.50,84
2024-01-28,44,40,169,33,15.9091,3.84,485
2024-03-30,44,41,239,34,4.5455,5.43,278
2024-05-04,44,42,116,37,18.1818,2.64,91
2024-06-22,44,42,79,36,25.0000,1.80,97
2025-07-31,44,30,228,18,20.4545,5.18,615
2023-10-21,43,41,73,36,18.6047,1.70,110
2024-03-24,43,40,176,32,13.9535,4.09,279
2024-04-13,43,38,223,34,13.9535,5.19,300
2024-04-28,43,39,86,33,18.6047,2.00,62
2024-09-21,43,37,77,30,16.2791,1.79,113
2025-01-08,43,35,159,28,23.2558,3.70,129
2026-04-10,43,33,153,26,16.2791,3.56,366
2026-05-08,43,30,174,19,23.2558,4.05,570
2023-04-15,42,37,78,33,16.6667,1.86,62
2023-05-04,42,30,221,22,7.1429,5.26,573
2023-07-01,42,35,100,29,21.4286,2.38,110
2024-01-20,42,39,119,36,14.2857,2.83,153
2024-02-25,42,40,81,39,28.5714,1.93,84
2025-02-16,42,35,123,27,16.6667,2.93,167
2023-04-26,41,30,223,21,12.1951,5.44,686
2023-05-28,41,40,104,35,12.1951,2.54,109
2023-10-08,41,37,113,34,21.9512,2.76,143
2023-12-23,41,41,81,37,14.6341,1.98,43
2024-04-20,41,41,129,39,12.1951,3.15,88
2024-12-15,41,37,70,31,34.1463,1.71,49
2025-01-18,41,38,68,31,17.0732,1.66,57
2023-04-16,40,36,80,32,17.5000,2.00,63
2023-05-03,40,26,213,16,12.5000,5.33,609
2023-05-16,40,25,236,17,2.5000,5.90,724
2023-06-25,40,40,80,36,22.5000,2.00,40
2023-07-19,40,35,99,30,15.0000,2.48,160
2023-11-05,40,37,98,32,20.0000,2.45,125
2023-11-12,40,40,92,34,25.0000,2.30,63
2023-12-03,40,37,85,34,20.0000,2.12,78
2024-04-29,40,39,74,35,20.0000,1.85,42
2024-08-18,40,36,173,30,20.0000,4.33,327
2024-12-07,40,37,114,30,17.5000,2.85,110
2024-12-28,40,36,93,23,35.0000,2.33,86
2025-07-11,40,30,240,20,25.0000,6.00,678
2025-12-29,40,30,132,21,25.0000,3.30,235
2026-01-04,40,40,66,39,70.0000,1.65,70
2023-11-18,39,38,68,32,20.5128,1.74,34
2023-11-26,39,36,80,33,20.5128,2.05,72
2024-01-14,39,38,127,34,10.2564,3.26,307
2024-01-27,39,33,154,26,28.2051,3.95,251
2024-02-24,39,39,74,33,7.6923,1.90,131
2024-06-23,39,38,91,34,23.0769,2.33,147
2024-11-04,39,32,88,26,20.5128,2.26,88
2025-09-14,39,34,254,24,25.6410,6.51,534
2025-12-19,39,33,99,23,28.2051,2.54,135
2025-12-20,39,35,65,30,30.7692,1.67,119
2023-05-21,38,34,149,28,13.1579,3.92,237
2023-12-29,38,36,75,27,13.1579,1.97,95
2024-04-14,38,36,71,31,15.7895,1.87,69
2024-06-29,38,37,103,32,18.4211,2.71,107
2024-12-14,38,32,128,26,21.0526,3.37,227
2025-02-22,38,35,94,28,21.0526,2.47,226
2025-03-15,38,36,73,26,21.0526,1.92,51
2025-11-16,38,36,198,32,42.1053,5.21,307
2026-03-29,38,35,74,33,42.1053,1.95,93
2023-03-08,37,32,103,27,16.2162,2.78,264
2023-07-13,37,32,122,22,24.3243,3.30,596
2024-11-30,37,34,85,27,16.2162,2.30,72
2025-02-15,37,35,62,29,24.3243,1.68,70
2025-03-01,37,34,71,25,16.2162,1.92,207
2025-06-15,37,36,87,32,21.6216,2.35,45
2025-11-08,37,33,72,26,32.4324,1.95,69
2025-12-07,37,30,229,24,16.2162,6.19,462
2026-01-11,37,32,147,28,24.3243,3.97,333
2023-06-04,36,35,103,22,19.4444,2.86,83
2023-10-07,36,36,154,34,25.0000,4.28,117
2024-10-13,36,31,82,24,25.0000,2.28,110
2024-10-27,36,35,77,27,8.3333,2.14,99
2024-12-22,36,32,61,28,27.7778,1.69,75
2025-09-07,36,26,119,23,25.0000,3.31,248
2026-08-14,36,33,101,26,30.5556,2.81,147
2023-06-17,35,32,61,29,28.5714,1.74,40
2023-07-12,35,30,110,24,40.0000,3.14,188
2024-01-02,35,30,91,29,14.2857,2.60,226
2024-01-13,35,32,165,28,11.4286,4.71,343
2024-02-10,35,31,79,26,17.1429,2.26,58
2024-10-12,35,28,127,21,17.1429,3.63,313
2025-01-19,35,33,104,29,14.2857,2.97,264
2025-11-23,35,32,219,30,20.0000,6.26,326
2023-04-27,34,22,201,16,8.8235,5.91,747
2023-06-03,34,32,86,28,17.6471,2.53,152
2023-07-09,34,32,50,28,26.4706,1.47,95
2023-12-28,34,30,79,24,8.8235,2.32,117
2024-08-04,34,33,77,27,20.5882,2.26,145
2024-09-22,34,34,73,24,20.5882,2.15,46
2024-12-01,34,31,73,25,17.6471,2.15,111
2025-01-25,34,31,73,30,26.4706,2.15,169
2025-02-09,34,32,178,28,23.5294,5.24,298
2025-04-27,34,32,103,21,32.3529,3.03,114
2025-05-07,34,28,52,23,26.4706,1.53,123
2025-09-27,34,28,318,23,32.3529,9.35,906
2026-03-21,34,32,54,29,44.1176,1.59,102
2026-03-28,34,30,70,24,47.0588,2.06,72
2026-04-26,34,27,168,21,20.5882,4.94,297
2023-01-14,33,31,99,29,24.2424,3.00,194
2023-05-10,33,27,251,16,15.1515,7.61,1015
2023-07-02,33,30,145,24,6.0606,4.39,406
2023-09-30,33,33,68,32,21.2121,2.06,51
2024-02-11,33,33,70,27,21.2121,2.12,122
2024-03-23,33,31,91,28,9.0909,2.76,179
2024-12-08,33,31,68,26,18.1818,2.06,79
2025-02-01,33,32,92,28,36.3636,2.79,192
2025-09-28,33,29,111,22,30.3030,3.36,506
2025-10-14,33,19,198,13,9.0909,6.00,681
2023-02-12,32,29,97,23,9.3750,3.03,212
2023-06-24,32,29,74,21,18.7500,2.31,55
2024-04-06,32,31,77,27,6.2500,2.41,76
2024-05-18,32,31,76,28,31.2500,2.38,44
2024-07-07,32,30,66,26,15.6250,2.06,75
2024-08-17,32,27,74,21,25.0000,2.31,89
2024-08-31,32,28,136,23,21.8750,4.25,350
2025-04-12,32,30,67,27,21.8750,2.09,102
2025-04-26,32,31,65,27,31.2500,2.03,157
2026-01-17,32,29,87,27,37.5000,2.72,73
2026-01-25,32,26,177,20,21.8750,5.53,433
2026-02-22,32,29,71,25,25.0000,2.22,49
2026-02-23,32,27,127,22,28.1250,3.97,445
2026-05-17,32,27,284,19,6.2500,8.88,771
2024-02-04,31,31,76,26,22.5806,2.45,103
2024-03-10,31,29,80,23,25.8065,2.58,116
2025-03-23,31,29,84,23,32.2581,2.71,124
2025-06-12,31,27,52,24,19.3548,1.68,51
2025-06-13,31,31,54,28,16.1290,1.74,46
2025-09-06,31,28,53,24,38.7097,1.71,69
2026-01-18,31,23,82,18,29.0323,2.65,180
2026-01-31,31,26,155,20,32.2581,5.00,458
2026-03-15,31,22,99,15,29.0323,3.19,182
2023-05-11,30,22,266,19,0.0000,8.87,1091
2023-05-12,30,20,213,11,0.0000,7.10,911
2024-05-25,30,27,52,25,10.0000,1.73,40
2024-10-06,30,26,107,23,16.6667,3.57,234
2024-12-21,30,28,54,24,23.3333,1.80,52
2025-01-12,30,30,63,26,16.6667,2.10,122
2025-03-02,30,29,60,21,20.0000,2.00,63
2025-10-26,30,29,65,24,36.6667,2.17,59
2025-12-06,30,28,58,20,40.0000,1.93,109
2026-03-09,30,27,227,25,16.6667,7.57,977
2023-05-20,29,23,83,20,13.7931,2.86,400
2024-01-06,29,28,46,24,27.5862,1.59,40
2024-06-16,29,28,94,25,6.8966,3.24,280
2024-08-11,29,25,100,17,31.0345,3.45,102
2024-10-05,29,29,81,26,13.7931,2.79,100
2024-11-24,29,26,59,21,17.2414,2.03,38
2025-04-05,29,27,56,23,24.1379,1.93,239
2025-04-20,29,27,104,21,20.6897,3.59,188
2025-05-11,29,26,52,19,27.5862,1.79,103
2025-05-17,29,28,54,22,27.5862,1.86,70
2025-06-08,29,29,36,28,27.5862,1.24,49
2025-06-14,29,25,42,19,17.2414,1.45,113
2025-06-22,29,26,74,20,20.6897,2.55,140
2026-02-01,29,18,666,12,13.7931,22.97,1368
2026-02-07,29,26,175,20,13.7931,6.03,514
2026-04-04,29,27,54,24,20.6897,1.86,41
2023-05-15,28,20,247,13,7.1429,8.82,1471
2024-07-27,28,26,61,24,10.7143,2.18,115
2024-08-24,28,26,89,21,14.2857,3.18,112
2024-09-01,28,28,55,22,21.4286,1.96,100
2025-06-01,28,27,46,24,42.8571,1.64,73
2026-03-14,28,23,61,19,25.0000,2.18,145
2026-08-08,28,23,249,20,42.8571,8.89,845
2023-04-02,27,24,77,18,14.8148,2.85,72
2023-05-05,27,20,193,14,7.4074,7.15,972
2024-01-05,27,27,65,25,22.2222,2.41,91
2024-05-19,27,26,67,24,3.7037,2.48,111
2024-06-30,27,26,48,21,22.2222,1.78,49
2024-11-03,27,25,40,21,25.9259,1.48,57
2024-11-09,27,23,58,16,11.1111,2.15,134
2024-11-10,27,24,77,18,3.7037,2.85,275
2025-01-04,27,22,84,20,14.8148,3.11,209
2025-01-26,27,26,41,23,18.5185,1.52,26
2025-04-06,27,24,146,17,11.1111,5.41,240
2025-05-01,27,25,37,23,33.3333,1.37,165
2025-05-31,27,22,63,17,14.8148,2.33,251
2025-08-31,27,25,90,20,37.0370,3.33,233
2025-10-05,27,23,204,18,22.2222,7.56,352
2025-10-19,27,24,54,21,48.1481,2.00,94
2025-12-30,27,26,49,21,25.9259,1.81,79
2026-02-08,27,20,319,15,14.8148,11.81,1376
2023-12-30,26,26,56,21,15.3846,2.15,46
2024-06-08,26,25,46,20,23.0769,1.77,46
2024-06-15,26,25,60,19,34.6154,2.31,102
2024-08-03,26,25,68,22,19.2308,2.62,118
2024-09-28,26,26,51,22,15.3846,1.96,41
2025-02-08,26,25,67,19,19.2308,2.58,116
2025-02-23,26,24,86,16,19.2308,3.31,257
2025-04-13,26,25,132,19,26.9231,5.08,428
2025-04-19,26,21,213,16,23.0769,8.19,578
2025-05-18,26,26,59,25,26.9231,2.27,141
2025-06-28,26,24,40,21,30.7692,1.54,49
2025-08-30,26,24,42,20,15.3846,1.62,47
2025-09-20,26,24,85,18,11.5385,3.27,160
2025-11-09,26,24,67,21,46.1538,2.58,252
2026-01-24,26,22,108,21,19.2308,4.15,311
2026-02-21,26,20,118,18,42.3077,4.54,375
2026-03-01,26,22,172,19,23.0769,6.62,594
2026-04-05,26,22,67,20,46.1538,2.58,119
2026-06-20,26,23,151,17,7.6923,5.81,257
2023-04-28,25,17,175,9,16.0000,7.00,1051
2023-07-16,25,23,79,21,16.0000,3.16,155
2024-01-04,25,24,110,18,12.0000,4.40,117
2024-09-29,25,24,54,18,16.0000,2.16,48
2024-10-26,25,23,52,21,16.0000,2.08,97
2025-01-11,25,25,56,22,24.0000,2.24,152
2025-08-23,25,24,46,19,40.0000,1.84,38
2025-10-25,25,23,42,17,24.0000,1.68,43
2023-07-22,24,24,27,24,0.0000,1.12,20
2024-04-07,24,23,51,19,20.8333,2.12,86
2024-07-06,24,24,47,18,25.0000,1.96,88
2024-09-07,24,24,117,17,20.8333,4.88,265
2024-11-23,24,23,51,20,4.1667,2.12,98
2025-08-10,24,23,64,16,29.1667,2.67,250
2025-11-04,24,22,74,16,16.6667,3.08,173
2026-04-11,24,23,42,21,41.6667,1.75,62
2026-04-19,24,22,29,20,41.6667,1.21,35
2026-05-16,24,19,182,14,8.3333,7.58,855
2026-05-24,24,15,162,12,8.3333,6.75,609
2026-09-26,24,20,67,16,33.3333,2.79,227
2024-06-02,23,22,45,19,26.0870,1.96,161
2024-07-20,23,21,36,14,30.4348,1.57,61
2024-07-21,23,21,112,17,4.3478,4.87,332
2024-08-10,23,21,51,18,21.7391,2.22,63
2024-09-08,23,21,49,14,17.3913,2.13,89
2024-11-16,23,19,43,15,8.6957,1.87,69
2025-01-03,23,21,44,19,8.6957,1.91,36
2025-03-16,23,22,50,20,39.1304,2.17,61
2025-10-18,23,20,50,16,21.7391,2.17,131
2025-12-27,23,20,38,19,34.7826,1.65,65
2026-02-14,23,21,40,18,21.7391,1.74,118
2026-02-28,23,20,167,19,43.4783,7.26,990
2023-07-23,22,22,82,20,0.0000,3.73,296
2024-01-03,22,19,57,16,9.0909,2.59,71
2024-02-03,22,21,34,17,45.4545,1.55,98
2024-11-17,22,20,47,14,9.0909,2.14,87
2025-01-02,22,22,57,18,13.6364,2.59,187
2025-03-08,22,19,50,14,22.7273,2.27,48
2025-05-24,22,19,34,17,4.5455,1.55,129
2025-06-29,22,21,39,15,31.8182,1.77,87
2025-07-06,22,20,47,15,13.6364,2.14,242
2025-10-12,22,20,47,18,27.2727,2.14,114
2025-12-21,22,22,42,22,31.8182,1.91,42
2024-01-07,21,20,25,15,33.3333,1.19,20
2024-08-25,21,20,92,16,23.8095,4.38,309
2024-10-19,21,20,47,16,33.3333,2.24,97
2024-12-30,21,20,29,15,33.3333,1.38,13
2025-01-06,21,18,31,13,14.2857,1.48,113
2025-05-03,21,21,45,18,28.5714,2.14,87
2025-05-25,21,21,24,16,38.0952,1.14,17
2025-06-07,21,20,28,20,52.3810,1.33,24
2025-11-03,21,21,33,20,33.3333,1.57,24
2025-12-14,21,20,34,16,28.5714,1.62,39
2026-01-09,21,20,46,18,42.8571,2.19,91
2026-03-07,21,21,42,16,42.8571,2.00,88
2026-03-08,21,19,69,18,23.8095,3.29,299
2026-04-25,21,18,44,16,33.3333,2.10,163
2026-09-19,21,18,110,14,19.0476,5.24,666
2025-05-04,20,18,23,17,15.0000,1.15,17
2025-05-10,20,18,24,15,45.0000,1.20,105
2025-06-21,20,19,59,15,10.0000,2.95,166
2025-10-04,20,20,56,17,55.0000,2.80,58
2025-10-11,20,18,34,16,25.0000,1.70,40
2025-11-02,20,20,50,17,5.0000,2.50,96
2025-11-22,20,19,82,14,30.0000,4.10,167
2026-05-31,20,18,142,14,55.0000,7.10,432
2026-08-15,20,19,50,18,40.0000,2.50,59
2024-06-01,19,19,31,18,15.7895,1.63,50
2024-12-29,19,19,46,17,26.3158,2.42,115
2025-01-05,19,18,61,12,5.2632,3.21,103
2025-03-29,19,16,38,15,10.5263,2.00,117
2025-07-19,19,19,37,16,31.5789,1.95,106
2025-11-15,19,19,112,17,42.1053,5.89,419
2026-01-07,19,17,83,15,10.5263,4.37,316
2026-04-12,19,17,73,13,42.1053,3.84,297
2026-06-12,19,19,36,17,21.0526,1.89,42
2026-06-21,19,16,1037,12,15.7895,54.58,2499
2026-07-11,19,17,32,12,36.8421,1.68,25
2025-02-02,18,17,87,15,5.5556,4.83,230
2025-03-09,18,18,35,13,27.7778,1.94,96
2025-03-30,18,14,87,8,11.1111,4.83,387
2025-05-02,18,17,26,14,33.3333,1.44,157
2025-07-12,18,16,42,13,27.7778,2.33,90
2025-08-24,18,14,33,11,16.6667,1.83,52
2025-09-21,18,18,30,10,11.1111,1.67,89
2025-11-30,18,18,40,15,11.1111,2.22,130
2026-06-28,18,16,362,13,22.2222,20.11,885
2026-07-04,18,12,101,10,38.8889,5.61,776
2026-08-30,18,15,93,10,22.2222,5.17,387
2026-09-05,18,16,25,12,44.4444,1.39,86
2025-07-05,17,14,42,10,23.5294,2.47,248
2025-07-26,17,17,31,12,29.4118,1.82,53
2025-07-27,17,15,27,12,35.2941,1.59,120
2025-08-02,17,15,32,13,29.4118,1.88,219
2025-08-16,17,17,25,15,23.5294,1.47,37
2025-08-17,17,16,27,9,41.1765,1.59,67
2026-01-08,17,16,28,13,41.1765,1.65,18
2026-05-11,17,14,39,11,23.5294,2.29,203
2026-06-14,17,17,38,16,41.1765,2.24,120
2026-07-26,17,15,58,13,35.2941,3.41,327
2026-08-29,17,11,233,6,11.7647,13.71,1120
2023-05-06,16,15,30,13,18.7500,1.88,32
2025-01-07,16,16,39,13,25.0000,2.44,50
2025-05-08,16,15,22,13,43.7500,1.38,18
2025-07-13,16,13,28,11,25.0000,1.75,57
2025-11-29,16,16,21,12,25.0000,1.31,14
2026-01-03,16,14,33,11,31.2500,2.06,52
2026-01-06,16,13,112,11,6.2500,7.00,863
2026-08-16,16,15,64,13,37.5000,4.00,207
2026-09-13,16,16,26,13,18.7500,1.62,69
2024-07-14,15,14,67,11,33.3333,4.47,275
2025-08-09,14,13,42,11,14.2857,3.00,47
2025-12-28,14,12,37,9,28.5714,2.64,229
2026-01-02,14,13,54,10,28.5714,3.86,244
2026-05-03,14,13,41,7,28.5714,2.93,68
2026-05-10,14,13,26,9,7.1429,1.86,100
2026-07-18,14,13,40,11,50.0000,2.86,96
2026-07-19,14,14,32,13,7.1429,2.29,146
2026-08-23,14,13,82,9,7.1429,5.86,238
2026-09-06,14,12,18,9,21.4286,1.29,17
2023-04-29,13,13,28,13,15.3846,2.15,45
2025-08-03,13,13,22,11,38.4615,1.69,28
2026-06-27,13,10,29,9,30.7692,2.23,70
2026-07-12,13,13,25,10,38.4615,1.92,40
2026-08-02,13,11,69,9,23.0769,5.31,201
2026-08-22,13,12,74,9,15.3846,5.69,655
2023-05-14,12,11,33,9,8.3333,2.75,210
2023-12-31,12,11,22,11,33.3333,1.83,20
2025-07-20,12,12,41,12,41.6667,3.42,234
2026-01-05,12,10,28,9,25.0000,2.33,180
2023-05-09,11,11,29,10,0.0000,2.64,59
2026-09-27,11,11,28,10,27.2727,2.55,52
2023-05-08,10,10,25,8,0.0000,2.50,52
2023-10-14,10,10,10,9,50.0000,1.00,7
2024-12-31,10,9,14,7,30.0000,1.40,85
2025-12-31,10,10,20,8,10.0000,2.00,119
2026-05-02,10,10,20,9,30.0000,2.00,116
2026-07-25,10,9,13,8,30.0000,1.30,19
2023-04-30,9,9,16,9,0.0000,1.78,85
2026-05-01,9,9,10,8,77.7778,1.11,6
2026-06-13,9,9,9,9,44.4444,1.00,29
2023-05-01,8,7,30,6,0.0000,3.75,164
2024-01-01,8,8,11,7,50.0000,1.38,20
2025-01-01,8,8,16,6,0.0000,2.00,263
2026-05-09,8,8,8,7,75.0000,1.00,5
2026-07-05,8,6,23,5,12.5000,2.88,190
2026-08-01,8,8,13,7,50.0000,1.62,63
2025-05-09,7,7,8,6,57.1429,1.14,5
2023-05-07,6,6,14,6,0.0000,2.33,108
2023-05-13,6,6,25,6,0.0000,4.17,125
2024-07-13,5,5,12,5,20.0000,2.40,66
2023-04-01,4,4,10,4,25.0000,2.50,261
2023-10-15,4,4,4,4,75.0000,1.00,3
2026-01-01,4,4,4,4,75.0000,1.00,3
2026-04-18,4,4,8,4,50.0000,2.00,44
2026-06-06,4,4,5,0,0.0000,1.25,16
2025-09-13,3,3,3,3,33.3333,1.00,7
2026-05-23,3,3,8,3,0.0000,2.67,72
2023-04-23,2,2,2,1,50.0000,1.00,7
2024-03-08,2,2,6,1,0.0000,3.00,805
2024-09-14,1,1,5,1,0.0000,5.00,116
