phrase,in_webmaster,in_metrika
типография ижевск,yes,yes
типография цифра ижевск,yes,yes
бейджи на заказ,yes,yes
цифровая лазерная печать,yes,no
печать на ткани флаг ижевск,yes,yes
типография цифра,yes,yes
цифра ижевск печатный салон,yes,yes
"цифра 7-я подлесная ул., 34 фото",yes,no
визитки стоимость,yes,no
цифра ижевск,yes,yes
изготовление бирок в ижевске,yes,no
плакетка круглая из оргстекла,yes,no
данилов константин леонидович ип,yes,no
уф печать на зеркальном пластике,yes,no
цифра типография,yes,yes
услуги лазерной гравировки ижевск,yes,no
квартальный календарь 2027 миллион открыток элитар стайл,yes,no
заламинировать формат а2,yes,no
распечатать сертификат ижевск,yes,no
цифра печатный салон,yes,yes
гравировщик по кружкам в ижевске,yes,no
календарь домик 2026 печать ижевск,yes,no
цифра ижевск типография сайт,yes,no
заламинировать а2 ижевск,yes,no
типография в ижевске,yes,yes
печать на стекле с подставкой,yes,no
цифра 18 типография,yes,yes
печать на флаге,yes,no
трацифра типография,yes,no
типография цифра ижевск официальный сайт,yes,yes
печать флага ижевск,yes,yes
монтаж баннера на фасаде цена ижевск,yes,no
ролл ап как правильно писать,yes,no
цифра ижевск ижевск,yes,no
цифра,yes,yes
заказать печать баннера в ижевске,yes,no
покрытие софт тач что это такое на чехле для телефона,yes,no
фотопечать на металле большого формата до 2 метров для декорации стен,yes,no
печать стенда ижевск топография,yes,no
напечатать листовки на а7 в ижевске,yes,no
таблички из оргстекла ижевск,yes,no
покрытие софт тач на чехле для телефона,yes,no
типография ижевск цены,yes,yes
цифра печать,yes,yes
печать а2 цветная цена,yes,no
цифровая лазерная печать а4,yes,no
изготовление визиток из дерева ижевск,yes,no
квартальный календарь 2027,yes,no
печать на пленке backlit,yes,no
печать на кружках ижевск,yes,yes
dtf печать на одежде ижевск,yes,no
что такое покрытие софт тач на чехле для телефона,yes,no
распечатать рабочую документацию ижевск а3,yes,no
стоимость изготовления роллапа в ижевске,yes,no
почтовые конверты с логотипом,yes,no
цифра печать на одежде,yes,no
ижевск цветная печать,yes,no
ижевск гравировка на флешке,yes,no
типография тригон прайс,yes,no
сколько стоит ксерокопия паспорта ижевск,yes,no
ролап как правильно писать,yes,no
печать декали ижевск,yes,no
dtf печать на футболках ижевск,yes,no
ламинирование документа ижевск,yes,no
ролл ап как пишется,yes,no
сколько стоит распечатать черно белое фото постер,yes,no
ксерокопии ижевск,yes,no
застройка выставочных стендов в ижевске,yes,no
стенды на заказ ижевск,yes,no
ижевск распечатать магнитик,yes,no
термотрансферы на заказ ижевск,yes,no
типография блокнот ижевск,yes,no
блокноты на заказ,yes,no
штендер рекламный прессрол,yes,no
типография в точку,yes,no
печать блокнотов на заказ,yes,no
распечатать фотографию а3,yes,no
сколько стоит одна листовка в ижевске,yes,no
как пишется ролап правильно,yes,no
печать визиток ижевск,yes,yes
покрытие soft-touch что такое на чехле,yes,no
гравировка по металлу ижевск,yes,no
цифра типография ижевск вакансии,yes,no
ролап,yes,no
тайма визитки,yes,no
печать на пакетах ижевск,yes,no
где заламинировать документ,yes,no
печать а3 ижевск,yes,yes
формат евро листовки размеры,yes,no
широкоформатная печать баннеров,yes,no
прайс типография,yes,no
плоттерная резка ижевск,yes,yes
печать на одежде ижевск,yes,no
магазин распечатки бумаги,yes,no
изготовление мобильных стендов,yes,no
визитки,yes,yes
как правильно написать заявку на изготовление крафтовых конвертов,yes,no
что такое покрытие на чехле для телефона soft touch,yes,no
чернила типография,yes,no
типография прайс,yes,no
18 цифрами,yes,no
типографии в которых есть дизайнерские услуги и типография ижевск,yes,no
типография печать ижевск,yes,no
типография календари,yes,no
распечатать документ,yes,no
изготовление табличек ижевск,yes,yes
распечатать а3,yes,no
ксерокопия ижевск,yes,no
пресс волл альфа-конфо,yes,no
типография цифра ижевск вакансии,yes,no
ижевск типография рядом с маяская 13,yes,no
цифровая печать ижевск,yes,no
гравировка ижевск на металле,yes,no
цветная печать ижевск а4,yes,no
оклейка авто пленкой ижевск,yes,no
плоттерная резка пленки формат сити 1,yes,no
стенды для доу на заказ ижевск группа вк,yes,no
визитка ижевск,yes,no
дтф печать ижевск,yes,yes
типография цифра вакансии,yes,no
фристайл печать ижевск,yes,no
стенд типа 1 с накаткой плаката,yes,no
печатный салон,yes,yes
термокружки с логотипом ижевск купить,yes,no
стенды,yes,no
штендер рекламный купить ижевск,yes,no
ижевск типография,yes,yes
печать а2 ижевск,yes,no
типография рандомит,yes,no
есть ли в ижевске место где печатают листы,yes,no
изготовление наклеек на самоклеющейся пленке ижевск,yes,no
типография инари трафареты,yes,no
ролл-апа для магазина и нужны блиды для обрезки ответь да или нет,yes,no
никнейм ижевск типография,yes,no
пазл на заказ,yes,no
блинтовое тиснение на ежедневниках,yes,no
печать на конверте,yes,no
где сделать копии документов рядом,yes,no
печать на папках ижевск,yes,no
ижевск где заламинировать фото,yes,no
заказать баннер ижевск,yes,no
стендам ижевск,yes,no
ролап изготовление russtand.ru,yes,no
софт тач покрытие что это на чехле,yes,no
создай рекламу кружка,yes,no
цифра 18,yes,yes
типография чернила,yes,no
печать широкоформатная,yes,no
ролл ап,yes,no
дешевые типографии ижевск,yes,no
роллап как пишется\,yes,no
а принт ижевск,yes,no
ролл-ап как пишется,yes,no
дтф нанесение на одежду ижевск,yes,no
высечка для картона листовая,yes,no
пазл на заказ контур фото,yes,no
стоимость изготовления ролапа в ижевске,yes,no
типография баннеры ижевск,yes,no
печать пластиковых карт ижевск,yes,no
где в ижевске можно снять ксерокопию формата а4,yes,no
покрытие soft-touch что такое на чехле для телефона,yes,no
печатный салон ижевск,yes,yes
печать на пенокартоне,yes,yes
как выглядит уф печать на флешке,yes,no
прайс лист типографии,yes,no
типография премьер,yes,no
табель календарь 2027 купить в чебоксарах,yes,no
подлесная 34,yes,no
покрытие софт тач это на чехлах,yes,no
визитки ижевск заказать,yes,yes
сколько стоит распечатать 1000 листовок,yes,no
"цифра 7-я подлесная ул., 34 отзывы",yes,no
софт тач что это на урал-экспертизе ру,yes,no
ламинирование документов а4 цена,yes,no
типография карта ижевска заказать,yes,no
календарь с 1 рекламным полем,yes,no
листочек типография ижевск,yes,no
типография сайт ижевск,yes,no
плоттерная резка,yes,no
широкоформатная печать дешево,yes,no
печать логотипа ижевск,yes,no
фотопостер ижевск,yes,no
крафтовые пакеты с логотипом на заказ ижевск,yes,no
лазерная печать а4,yes,no
как резать бумагу формат sra3,yes,no
печать на прозрачном пластике архитектура,yes,no
квартальный календарь lioni,yes,no
лифлет 2 фальца,yes,no
что такое софт тач покрытие на чехле,yes,no
цифра принт ижевск,yes,no
покрытие soft touch что за покрытие на чехле,yes,no
термокружки с логотипом ижевск,yes,no
ламинировать документы цена,yes,no
печать на картоне,yes,no
типография срочно ижевск,yes,no
а цифра ролл ап,yes,no
роллап,yes,no
печать с флешки,yes,no
фольгирование,yes,no
печать плакатов ижевск,yes,no
распечатать цветной документ ижевск,yes,no
картины на заказ ижевск,yes,no
типография ижевск недорого металлург,yes,no
стенд,yes,no
что такое покрытие soft touch на чехле для телефона,yes,no
полиграфические салоны ижевск,yes,no
печать для пакетов крафтовых что это,yes,no
"цифра, печатный салон",yes,no
печать формат а3 рядом со мной на карте,yes,no
фото на чехол телефона ижевск,yes,no
изготовление информационных стендов ижевск,yes,no
печать принтера цветного подобрать ижевск,yes,no
типография открытки,yes,no
листок ижевск типография,yes,no
плоттерная резка форматсити 1,yes,no
сколько стоит а3 печать на меловке 130гр. 4+0 в ижевске при тираже 100шт.,yes,no
стоимость копии а3 ижевск,yes,no
евро флаер что это,yes,no
что такое софт тач покрытие на чехле для телефона,yes,no
как пишется слово роллап,yes,no
футболки с логотипом на заказ ижевск,yes,no
печать на стекле,yes,no
еврофлаер,yes,no
как правильно пишется роллап,yes,no
типография ижевск официальный сайт,yes,yes
оклейка авто ижевск,yes,no
секураыил а2,yes,no
фотообои на заказ город ижевск,yes,no
сделать фото куб в ижевске,yes,no
печатные салоны ижевск,yes,yes
копия документов ижевск,yes,no
шоколад с логотипом ижевск,yes,no
l типография,yes,no
печать листовок,yes,no
типография этикеток ижевск,yes,no
печать на а2 ижевск,yes,no
сертификат а6,yes,no
пакет с люверсами,yes,no
картина в крафт бумаге,yes,no
типография цифры,yes,no
баннерные стенды,yes,no
цифрапринт,yes,no
цветная печать ижевск,yes,no
типография ижевск брелоки,yes,no
печать на прозрачном пластике,yes,no
цифра сарапул режим работы,yes,no
печать блокнотов,yes,no
качественная печать картин ижевск,yes,no
типография рядом со мной,yes,no
как пишется ролап,yes,no
баннерная сетка установка ижевск,yes,no
нтим иж,yes,no
ролл апп st-max.ru,yes,no
что можно заламинировать,yes,no
типография сфера ижевск цены,yes,no
изготовление значков в ижевске,yes,no
типография печать,yes,no
ламинирование прав водительских ижевск,yes,no
текстура рисунок ижевск,yes,no
как напечатать брелок в ижевске,yes,no
стоимость аренды под роллап,yes,no
заламинировать,yes,no
типография ижевск прайс-лист,yes,no
принт на чехол телефона ижевск,yes,no
типография,yes,yes
брендирование окон продуктового супермаркета,yes,no
цифра ижевск типография,yes,yes
фирменные открытки,yes,no
ролап изготовление russtand,yes,no
листовки ижевск,yes,no
печать на самоклеющейся бумаге ижевск,yes,no
роллапы как пишется,yes,no
сделать гравировку на коже в ижевске,yes,no
размер евро листовки,yes,no
печатные салоны,yes,no
ламинирование документов ижевск,yes,no
салон печати,yes,no
сколько стоит распечатать один лист а4 черно-белый,yes,no
типография печать листовок ижевск,yes,no
сколько стоит распечатать цветное изображение а4,yes,no
сколько стоит распечатать лист а3,yes,no
евро флаер размер,yes,yes
сколько стоит распечатать а3 лист,yes,no
типография цифра изопроект,yes,no
сколько стоит распечатать цветной лист а4 на простой бумаге,yes,no
сколько стоит распечатать листовки ижевск,yes,no
заказать визитки ижевск,yes,yes
листовка евро размер,yes,no
печать календарей ижевск,yes,yes
что такое софт тач покрытие на чехле телефона,yes,no
лазерная гравировка в ижевске,yes,yes
мобильная реклама ижевск,yes,no
напечатать бирки для одежды ижевск,yes,no
уф печать на зеркальных поверхностях,yes,no
типография ламинирование,yes,no
что такое soft touch покрытие на чехле для телефона,yes,no
изготовление бумажных пакетов ижевск,yes,no
рекламный баннер ижевск,yes,no
распечатка ижевск,yes,no
ижевск печать конверта,yes,no
где можно распечатать на цветном принтере в ижевске,yes,no
печать листовок ижевск,yes,yes
типография 7 дней ижевск,yes,no
типография быстро ижевск,yes,no
типография ижевск недорого,yes,no
типография сайт,yes,no
печать на ткани в ижевске,yes,no
софт тач покрытие что это на чехле для телефона,yes,no
листовки,yes,no
полиграфия ижевск,yes,yes
термос с печатью,yes,no
cifra,yes,no
квартальный календарь лиони,yes,no
фольгирование в полиграфии,yes,no
распечатать наклейки ижевск,yes,no
сублимационная печать ижевск,yes,no
термонаклейки печать ижевск,yes,no
сублимация в ижевск,yes,no
срочная печать визиток в ижевске,yes,no
можно ли окрашивать поверхность с покрытием софт тач,yes,no
сувениры с логотипом ижевск,yes,no
гравировщик в ижевске,yes,no
картина на холсте по фотографии на заказ,yes,no
стандартный размер еврофлаера,yes,no
виды ручек,yes,no
фото наклей на борт газель,yes,no
печать на холсте ижевск,yes,yes
где можно прошить бейджей х70 в ижевске,yes,no
удмуртская республика ижевск 7-я подлесная улица 34 цифра,yes,yes
типографии ижевска,yes,no
типографии в ижевске,yes,no
как правильно пишется ролап,yes,no
изготовление стендов ижевск,yes,yes
сколько стоит распечатать и заламинировать а4,yes,no
широкоформатная печать,yes,no
сканирование документов на флешку ижевск,yes,no
типография ижевск печать сертификатов,yes,no
какая стоимость ламинирования карточек в ижевске,yes,no
ламинирование документов это,yes,no
сколько стоит сканирование документов,yes,no
баннер ижевск,yes,yes
тираж пластиковых карт формат сити 1,yes,no
напечатать пазлы на заказ деревянные удмуртия,yes,no
уф-печать на стекле цена,yes,no
типография упаковка ижевск,yes,no
дорхолдеры,yes,no
календарь 3в1,yes,no
7 подлесная 34,yes,no
ооо цифра,yes,yes
ролап что это такое простыми словами,yes,no
печать визиток календари типография,yes,no
печать на холсте,yes,no
где заказать переплет,yes,no
как пишется ролл ап,yes,no
сколько стоит гравировка по дереву на брелке ижевск,yes,no
уф печать на флешках,yes,no
стенд на мояковского ижевск,yes,no
напечатать листовки в ижевске,yes,no
типографии рафия печать а4 черно белый ижевск,yes,no
стоимость распечатки 1 листа а4,yes,no
ролл ап как пишется правильно,yes,no
сколько стоит распечатать цветное фото а4,yes,no
оклейка фургона газель,yes,no
210х99 размер бумаге фото,yes,no
напечатать баннер ижевск,yes,no
цифра режим работы,yes,no
распечатать картину на холсте,yes,no
печать на ручках,yes,no
раздвижной ролл-апп что это,yes,no
уф печать ижевск,yes,yes
кубарики на заказ,yes,no
типография ижевск сайт,yes,no
типография ижевска с калькулятор расчета,yes,no
сколько стоит распечатать черно белое фото постер на бумаге,yes,no
еврофлаер размер в см,yes,yes
сколько стоит заламинировать лист а4,yes,no
квартальный календарь dex-print.ru,yes,no
чернила типография ижевск,yes,no
1 rekl,yes,no
типография иж,yes,no
цифра типография ижевск,yes,yes
печать чертежей на плоттере,yes,no
типография календари ижевск,yes,no
стенд рекламы в магазине баннер,yes,no
что такое покрытие софт тач на чехле,yes,no
печать визиток на дизайнерской бумаге,yes,no
цифры типография,yes,no
гравировка ижевск пластины,yes,no
размер евро флаера,yes,no
печать на плоттере цена за метр ижевск,yes,no
прайс типографии ижевск,yes,no
гравировка на металле ижевск,yes,no
фотопечать на обоях,yes,no
печать на кепках ижевск,yes,no
где в ижевске можно распечатать на а1 листе,yes,no
наклейки ижевск распечатать,yes,no
домик с перекидными листами,yes,no
1рекл,yes,no
печать на бумаге,yes,no
типограф ижевск,yes,no
чехол бумажный для ручки выкройка,yes,no
магазин цифра ижевск,yes,no
где делают чехол на телефон с фотографиями ижевск,yes,no
календарь домик заказать ижевск,yes,no
заменить ламинирование ижевск,yes,no
изготовление визиток с ламинацией ижевск,yes,no
лазерная печать на стены ижевск,yes,no
еврофлаер размеры для печати,yes,yes
сколько стоит фотопечать за лист на а4,yes,no
сколько стоит распечатать а5 черно белый,yes,no
сколько стоит лист а3 ламинированный,yes,no
типографии ижевск,yes,yes
soft touch покрытие что это на урал-экспертизе ру,yes,no
где делают копии документов в ижевске,yes,no
квартальный календарь,yes,no
l banner,yes,no
нанесение принта на одежду ижевск,yes,no
типография прайс ижевск,yes,no
х баннер,yes,no
широкоформатная печать ижевск,yes,yes
дешевые типографии ижевска,yes,no
гравировка ижевск,yes,yes
салон печатный,yes,no
типография открытки ижевск,yes,no
печать на кружке ижевск,yes,no
какие есть виды печати на изделиях ручек,yes,no
изготовление стендов в ижевске,yes,no
как пишется роллапы правильно,yes,no
типография ижевск заказ стендов группа в вк,yes,no
стоимость роллапа ижевск,yes,no
изготовление брелоков с логотипом акриловый в сарапуле,yes,no
флаер евро размер,yes,no
типография срочно,yes,no
типографии ижевск с печатью по акрилу,yes,no
стенд ижевск,yes,no
изготовить баннер ижевск,yes,no
ролап это,yes,no
фото на кружке,yes,no
1 рекл нет,yes,no
рекл1,yes,no
печать на листе 11x9,yes,no
ижевск печать,yes,no
ижевск печать на прозрачном пластике,yes,no
печать ижевск,yes,yes
1rekl фото,yes,no
типография ижевск тайма,yes,no
бейджи на заказ ижевск,yes,no
дтф печать на футболках ижевск,yes,no
календарь 2027 квартальный,yes,no
размеры еврофлаера,yes,no
печать открыток ижевск,yes,no
ламинирование документа,yes,no
лазерная гравировка,yes,no
штендер,yes,no
сделать плакат в ижевске,yes,no
ролап как пишется,yes,no
где в ижевске сотрудничают с авторами мерча (брелки),yes,no
стоимость распечатки листа а4 на цветном принтере,yes,no
что можно ламинировать,yes,no
soft tach для чехла что значит,yes,no
средняя стоимость бумажных дорхолдеров,yes,no
пазлы из фотографий на заказ ижевск,yes,no
что такое покрытие софт тач на чехле для очков,yes,no
еврофлаер размер,yes,yes
печать на постерной бумаге,yes,no
блокноты печать цена,yes,no
все виды ручек,yes,no
печать визитки,yes,no
сколько стоит распечатать листовки,yes,no
типография дкарт ижевск,yes,no
цифра полиграфия,yes,no
блокнот на заказ,yes,no
как пишется ролл ап правильно,yes,no
пакетная ламинация,yes,no
сервис принт ижевск,yes,no
пазлы из фотографий на заказ,yes,no
типография тайма,yes,no
как пишется слово ролап,yes,no
гравировка на металле ижевск адреса цены,yes,no
распечатка,yes,no
софт-тач на тарелке что за покрытие,yes,no
кубарики печать,yes,no
ролап как пишется правильно,yes,no
заказать в ижевске визитки,yes,no
· разработка макета таблички,yes,no
евро листовка размер,yes,no
полиграфические услуги,yes,no
печать визиток в ижевске,yes,no
календарь с одним рекламным полем,yes,no
эксплуатационные схемы а3 формата купить в ижевске,yes,no
цифра+ ижевск,yes,no
типография ижевска авито,yes,no
печать баннера ижевск,yes,yes
роллап как пишется,yes,no
печать баннеров,yes,no
штендер с баннерной тканью,yes,no
размер еврофлаера,yes,no
как пишется роллап,yes,no
изготовление пластиковых карт-сертификатов ижевск,yes,no
как правильно пишется ролл ап,yes,no
