start_url,visits,visitors,bounce_rate,depth
https://цифра18.рф/,5205,4069,28.5495,2.827
https://цифра18.рф/?back_url_admin=%2Fbitrix%2Fadmin%2F,802,16,1.2469,9.388
https://цифра18.рф/catalog/poligrafiya/vizitki/,644,413,8.5404,6.045
https://цифра18.рф/catalog/poligrafiya/tsifrovaya-pechat/,641,362,13.1045,6.763
https://цифра18.рф/catalog/poligrafiya/uf-pechat1/,395,242,12.6582,5.365
https://цифра18.рф/catalog/suvenirnaya-produktsiya/pechat-na-kruzhkakh/,393,270,12.2137,5.430
https://цифра18.рф/catalog/reklama/shirokoformatnaya-pechat/,373,162,6.1662,6.303
https://цифра18.рф/catalog/poligrafiya/pechat-na-samokleyashchikhsya-materialakh/,334,157,5.9880,8.560
https://цифра18.рф/?back_url_admin=%2Fbitrix%2Fadmin%2Fiblock_element_admin.php%3FIBLOCK_ID%3D4%26type%3Dcatalog%26lang%3Dru%26find_el_y%3DY%26clear_filter%3DY%26apply_filter%3DY,314,7,0.0000,10.987
https://цифра18.рф/catalog/suvenirnaya-produktsiya/pechat-na-ruchkakh/,313,196,10.2236,5.764
https://цифра18.рф/kontakty/,294,161,27.5510,2.156
https://цифра18.рф/catalog/interer/fotooboi/,239,201,19.6653,1.686
https://цифра18.рф/catalog/mobilnye-stendy/,231,138,11.6883,6.597
https://цифра18.рф/catalog/suvenirnaya-produktsiya/,231,149,15.5844,4.294
http://цифра18.рф/,217,217,84.7926,1.074
https://цифра18.рф/catalog/poligrafiya/beydzhi/,214,141,15.8879,5.397
https://цифра18.рф/catalog/poligrafiya/pakety/,211,132,13.2701,7.175
https://цифра18.рф/catalog/inzhenernaya-pechat/broshyurovka/pereplet-na-plastikovuyu-pruzhinu/,184,166,24.4565,1.326
https://цифра18.рф/catalog/poligrafiya/kalendari/,183,64,10.9290,5.787
https://цифра18.рф/catalog/poligrafiya/,173,60,8.6705,11.306
https://цифра18.рф/news/napechataem-na-chekhle-telefona/,164,142,37.1951,1.549
https://цифра18.рф/catalog/poligrafiya/laminirovanie/,163,119,15.3374,4.994
https://цифра18.рф/catalog/reklama/shirokoformatnaya-pechat/pechat-na-flazhnoy-tkani/,163,142,17.7914,1.822
https://цифра18.рф/catalog/suvenirnaya-produktsiya/pechat-na-pazlakh/,142,119,24.6479,1.627
https://цифра18.рф/catalog/poligrafiya/listovki-tsifrovaya-pechat/,128,53,6.2500,7.719
https://цифра18.рф/catalog/shirokoformatnaya-pechat/,127,20,2.3622,7.213
https://цифра18.рф/catalog/stendy/,122,20,5.7377,9.066
https://цифра18.рф/catalog/poligrafiya/lekala-vykroyki/,118,73,20.3390,2.805
https://цифра18.рф/catalog/suvenirnaya-produktsiya/futbolki/,116,71,9.4828,7.172
https://цифра18.рф/catalog/suvenirnaya-produktsiya/kubik-transformer/,116,99,25.0000,1.491
https://цифра18.рф/catalog/inzhenernaya-pechat/,110,25,4.5455,5.791
http://cifra.salelib3.beget.tech/?back_url_admin=%2Fbitrix%2Fadmin%2F,106,10,0.9434,11.840
https://цифра18.рф/catalog/suvenirnaya-produktsiya/shokolad/,105,72,19.0476,5.657
https://цифра18.рф/catalog/poligrafiya/korobki-vyrubnye/korobki-samosbornye-kryshka-dno-/,103,92,32.0388,1.398
https://цифра18.рф/catalog/poligrafiya/tsifrovaya-pechat/tsifrovaya-listovaya-lazernaya-pechat-a3/,97,35,16.4948,7.402
https://цифра18.рф/catalog/inzhenernaya-pechat/pechat-chertezhey-proektnoy-dokumentatsii/,96,58,14.5833,5.354
https://цифра18.рф/catalog/suvenirnaya-produktsiya/medali-kubki/medali-kubki-nagradnaya-produktsiya/,94,79,22.3404,1.819
https://цифра18.рф/catalog/poligrafiya/bloknoty/,87,51,13.7931,8.379
https://цифра18.рф/?back_url_admin=%2Fbitrix%2Fadmin%2Fiblock_element_admin.php%3FIBLOCK_ID%3D8%26type%3Dcatalog%26lang%3Dru%26find_section_section%3D9,84,1,0.0000,12.881
https://цифра18.рф/catalog/poligrafiya/plotternaya-rezka/,83,42,15.6627,5.096
https://цифра18.рф/catalog/interer/fotopostery-na-penokartone/,80,52,22.5000,3.400
https://цифра18.рф/catalog/reklama/shirokoformatnaya-pechat/pechat-na-bannere-shirinoy-do-1-6m/,80,61,16.2500,2.312
https://цифра18.рф/catalog/interer/,78,31,7.6923,8.795
https://цифра18.рф/catalog/poligrafiya/konverty-/,74,56,18.9189,6.365
https://цифра18.рф/catalog/poligrafiya/listovki-ofsetnaya-pechat/,72,24,8.3333,9.431
http://cifra.salelib3.beget.tech/,70,22,4.2857,10.429
https://цифра18.рф/catalog/stendy/stendy/,70,64,14.2857,3.014
https://цифра18.рф/catalog/stendy/tablichki/,70,43,14.2857,3.657
https://цифра18.рф/catalog/poligrafiya/karty-plastikovye/,67,53,25.3731,1.567
https://цифра18.рф/catalog/poligrafiya/vizitki/vizitki-na-chernom-kartone/,67,60,28.3582,1.239
https://цифра18.рф/catalog/suvenirnaya-produktsiya/magnity-vinilovye/,66,57,15.1515,3.606
https://цифра18.рф/catalog/interer/kartiny-na-kholste/,60,47,11.6667,2.533
https://цифра18.рф/catalog/suvenirnaya-produktsiya/brendirovanie-odezhdy/,60,12,1.6667,11.183
https://цифра18.рф/catalog/suvenirnaya-produktsiya/pechat-na-kraft-ruchkakh/kraft-ruchki/,60,43,16.6667,1.933
https://цифра18.рф/catalog/suvenirnaya-produktsiya/znachki-zakatnye9558/,58,45,31.0345,3.672
https://цифра18.рф/catalog/inzhenernaya-pechat/skanirovanie/,55,44,10.9091,3.182
https://цифра18.рф/catalog/poligrafiya/kalendari/idei-kalendarey-kotorye-my-mozhem-reshit/,55,48,41.8182,1.927
https://цифра18.рф/catalog/suvenirnaya-produktsiya/shokolad/shokolad-s-logotipom/,55,46,27.2727,3.291
https://цифра18.рф/catalog/poligrafiya/korobki-vyrubnye/,52,39,23.0769,4.115
https://цифра18.рф/catalog/mobilnye-stendy/press-voll/,50,40,12.0000,2.780
