month,visits,visitors
2023-01,724,0
2023-02,986,0
2023-03,996,0
2023-04,961,0
2023-05,1260,0
2023-06,1109,0
2023-07,1172,0
2023-08,1379,0
2023-09,1127,0
2023-10,1022,0
2023-11,1094,0
2023-12,1137,0
2024-01,851,0
2024-02,1007,0
2024-03,1038,0
2024-04,1236,0
2024-05,1863,0
2024-06,2220,0
2024-07,1552,0
2024-08,1598,0
2024-09,1595,0
2024-10,1821,0
2024-11,2123,0
2024-12,2247,0
2025-01,1852,0
2025-02,2167,0
2025-03,1629,0
2025-04,1473,0
2025-05,1668,0
2025-06,1622,0
2025-07,1151,0
2025-08,1025,0
2025-09,2241,0
2025-10,2600,0
2025-11,2311,0
2025-12,2605,0
2026-01,1998,0
2026-02,2343,0
2026-03,2594,0
2026-04,2940,0
2026-05,2678,0
2026-06,3116,0
2026-07,2710,0
2026-08,3532,0
2026-09,3037,0
