action,visits
"Переход на сайт - 7-я Подлесная улица, 34",510
"Клик на позвонить - 7-я Подлесная улица, 34",409
"Построить маршрут - 7-я Подлесная улица, 34",346
"Переход в мессенджеры и социальные сети - 7-я Подлесная улица, 34",123
"Переход во ВКонтакте - 7-я Подлесная улица, 34",94
"Движение по маршруту - 7-я Подлесная улица, 34",87
"Переход в Telegram - 7-я Подлесная улица, 34",34
"Просмотр контента организации - 7-я Подлесная улица, 34",33
"Сохранение в избранное - 7-я Подлесная улица, 34",10
"Переход в WhatsApp - 7-я Подлесная улица, 34",9
"Клик на поделиться - 7-я Подлесная улица, 34",7
"Клик на вызов такси - 7-я Подлесная улица, 34",3
"Переход в Viber - 7-я Подлесная улица, 34",2
"Показ формы бронирования - 7-я Подлесная улица, 34",2
"Кнопка действия - 7-я Подлесная улица, 34",1
