"Query","2026-09-14","2026-09-15","2026-09-16","2026-09-17","2026-09-18","2026-09-19","2026-09-20"
"+7905874-00-85","5","","","","","",""
"1 рекл","7","","8","7.33","","",""
"1 рекл нет","","","","","","6","9"
"105г печать","","","","13","","",""
"18 принт","","","","","","","9"
"18 цифрами","8","","","","","",""
"1рекл","","","","10","","",""
"2) мобильные стенды – 2 шт. общий размер стенда: 114 см x 94 см основное полотно изготовлено из пробки бежевого цвета. рамка стенда темно-коричневого цвета.","","","6","","","",""
"2027-18","","11","","","","",""
"5*7 см для магнитиков, размер фото","","","","","","","12"
"50 на 70 печать ижевск","5","","","","","",""
"7 небо типография","","6","","","","",""
"7 подлесная 34","","","","8.33","","",""
"7 подлесная 7","","","","","","11",""
"<принт> <принт> в ижевске типографика","","","","9","","",""
"<принт> в ижевске типографика","","","","11","","",""
"a cards ижевск","12","","","","","",""
"hp может или нет печатать белым тонером башкирский стр ижевск","","","","7","","",""
"inari.pro официальный сайт мобильные стенды","13","","","","","",""
"informa ижевск","","5","","","","",""
"l banner","","","9","12","","",""
"printexpro ижевск","","13","","","","",""
"а цифра ролл ап","","","","","","3",""
"а-цифра печать ручек","","","6","","","",""
"а2 ижевск","","","","8","","",""
"а5 ижевск","","","6","","","",""
"автоматическая типография","","","","6","","",""
"авторские изделия визитки","11","","","","","",""
"адреса где делают ламинирование документов","","","","","12","",""
"акция на печать календарей","7","","","","","",""
"аренда баннера для мобильной сцены ижевск","","12","","","","",""
"аренда конструкции для ролл-апа","","","10","","","",""
"аренда стойки для баннера ижевск","","","","","6.5","",""
"ашан ижевск печать","","","","11","","",""
"баннерные стенды","","","","","","12",""
"бейдж на заказ","","","","7","","",""
"бейдж сотрудника пятерочки с полосой","","","11","","","",""
"бейджи.на заказ ижевск","","","2","","","",""
"бейджик ижевск на заказ","","","2","","","",""
"ближайшее место где можно отсканировать документ","11","","","","","",""
"блинтовое тиснение на ежедневниках","","46","","","","",""
"блокнот на заказ","","7.5","","10","","8",""
"блокноты на заказ","","","","","","","12"
"блокноты печать цена","","","8","","","",""
"в каком печатном салоне можно распечатать а3 формат в ижевске","","6","","","","",""
"виды ролапов в аренду","","5","","","","",""
"визитка","","11","","7.5","","",""
"визитка 18 ижевск","","","7","","","",""
"визитка заказать ижевск","","3","","","","",""
"визитки","","8","9","8.33","8","",""
"визитки ижевск","2","2","2","","1","2.21","2.63"
"визитки ижевск заказать","4","","3","","","",""
"визитки ижевск заказать дешево","2","","","","","",""
"визитки печать ижевск","","","","","3","",""
"волл аренда","9","","","","","",""
"вы распечатываете фотографии или храните на флешке как ижевск","","","","","","","5"
"г ижевск где делают именные ежедневники","","","","12","","",""
"где в ижевске есть фотопечать на кружки","","","","","","","8"
"где в ижевске можно купить бесшовные фотообои на стену адреса","","","","13","","",""
"где в ижевске можно распечатать фото-наклейку","","","10","","","",""
"где делают везитеи на молодёжной","","","","","","","11"
"где делают копии документов","7","","","","","",""
"где могут распечатать на цветном принтере в ижевске","","","","","","","11"
"где можно напечатать брелок со своим принтом в ижевске","","","","","","6",""
"где можно прошить бейджей х70 в ижевске","","","","","2","",""
"где можно распечатать а1 формат ижевск","6","","","","","",""
"где можно распечатать на глянцевой бумаге для журналов в ижевске","","","","11","","",""
"где можно распечатать постеры","","5","","","","",""
"где можно распечатать формат а3 в ижевске","","","","5","","",""
"где можно распечатать чертеж на а1 в ижевске","6","","","","","",""
"где можно распечатывать на а1 листах ижевск","6","","","","","",""
"где можно сделать копию документов ижевск","","","8","","","",""
"где можно сделать ксерокопию ижевск","","8","","","","",""
"где можно сделать распечатки на цветном принтере","","","11","","","",""
"где можно сделать распечатки на цветном принтере ижевск","","","11","","","",""
"где печатать брелки","","","","","","","12"
"где печатают бумагу","","","","7.5","","",""
"где распечатать свое на а4 в ижевске","","","","","","11",""
"где сделать копии цветных документов","","8","","","","",""
"где сделать ксерокопию в гаи ижевск","","","12","","","",""
"где сделать ксерокопию паспорта в электронном виде в ижевске","","11","8","","","",""
"где сделать ламинирование документов в ижевске","9","","","","","",""
"город ижевск типография","7","","","","","",""
"дельта принт типографика в ижевске типографика в ижевске","","","","9","","",""
"дерево на резку плоттер","","9","","","","",""
"дешевые типографии ижевск","","","","","","8.5",""
"дешевые типографии ижевска","","","","","","8",""
"дизайнер визиток наклеек логотипов на упаковку","","","","8","","",""
"дизайнер визиток наклеек на упаковку","","","","9","","",""
"домофон 7-я подлесная 34","6","","","","","",""
"доставка листовок","","","10","","","",""
"жази на заказ ижевск","","","","","12","",""
"заказать картину на заказ","","5","","","","",""
"заказать кружку с печатью на заказ","","","6","","","",""
"заказать кружку со своим принтом","","","","4","4","",""
"заказать магнитный пазл по фото в ижевске","","","","10","","",""
"заказать фото ламинированное","","","","","13","",""
"заламинировать документ","","","8","","","",""
"заламинировать документ ижевск","","","8","7","","",""
"заменить ламинирование ижевск","","","","","","","10"
"застройка выставочных стендов в ижевске","","","","11","","",""
"зенон х стенд","","10","","","","",""
"золотое тиснение ижевск","","","12","","","",""
"идеи календарей для производства на 2027 год","","","","","13","",""
"ижевск где заламинировать фото","","","","7","","8",""
"ижевск где можно распечатать","","","11","","","",""
"ижевск где можно сделать фото на кружку","","","","","","11",""
"ижевск где сделать ксерокопию","8.5","","","","","",""
"ижевск копировальный центр или типография","10","","","","","",""
"ижевск на самоклеящаяся","","","","13","","",""
"ижевск печатный салон","","","","","","12",""
"ижевск печать лко","","","","3","","",""
"ижевск печать на водорастворимом флизелине","","","","6","","",""
"ижевск печать на флизелине","","","","3","","",""
"ижевск печать фото","","","","","","25",""
"ижевск производство выставочных стендов владелец 1974 года рождения","","","","4","","",""
"ижевск производство выставочных стендов владелец 1974 года рождения ижевск","","","","5","","",""
"ижевск пушкинская изготовление визиток","","","","","10","",""
"ижевск распечатать где","","","8.5","","","",""
"ижевск распечатать цветной принтер","","","7.5","","","",""
"ижевск распечатка документов в соцгороде","","","","11","","",""
"ижевск типография","","","","5","","",""
"ижевск типография для ценников","13","","","","","",""
"ижевск типография производство","","","","","11.5","",""
"ижевск удмуртская изготовление визиток","","","","","9","",""
"ижевск яркая печать реади","10","","","","","",""
"изготовить фото черно белое на баннере в ижевске цена","","7","","","","",""
"изготовление бейджей в ижевске","","","","","5","",""
"изготовление визиток в ижевск","5","","","","","",""
"изготовление визиток и рекламы","","","8","","","",""
"изготовление визиток ижевск","4","6","","","","",""
"изготовление визиток на гагарина город ижевск","","","7","","","",""
"изготовление визиток на улице гагарина город ижевск","","","7","","","",""
"изготовление вывесок 1х0,9м и 0,4х0,9м на основе ламинированной фанеры 6мм","10","","","","","",""
"изготовление магнитов ижевск","","","","","5","",""
"изготовление мобильных выставочных и рекламных стендов","","","","50","","",""
"изготовление мобильных стендов","","","43","45.5","","",""
"изготовление печатной продукции","5","","","","","",""
"изготовление полиграфическая продукция ижевск","","","","","9","",""
"изготовление ролл апп и баннеров на ножках в лнр","","","","","38","",""
"изготовление сувениров ижевск","","","","","6","",""
"изготовление флаеров на заказ","","","","4","","",""
"индим иж","","","","8","","",""
"какой размер картинки нужен для магнита 7*10","7","","","","","",""
"какую печать можно делать на флешке","","","9","","","",""
"календари майера ижевск","","13","","","","",""
"карртины на холсте ижевск","","","","6","","",""
"картинка на заказ ижевск","","","","","13","",""
"картины из фото на холсте ижевск","","11","","","","",""
"картины на заказ ижевск","","","","","","9",""
"карточки а5 печать","","2","","","","",""
"карточки для ламинирования с цифрами","","10","","","","",""
"контур фото заказать календарь","","","","13","","",""
"контур фото ижевск сколько стоит визитка","","","","7","7","",""
"контур фото печать на кружках","","","","12","","",""
"конфеты с логотипом ижевск","","","","9","","",""
"копии на а2 ижевск","","","","6","","",""
"копировальные центры","9","","","","","",""
"копировальный центр","","10","","","","",""
"косметик печать а4","7","","","","","",""
"крафтовые часы ижевск","","11","","","","",""
"кружка на заказ со своим дизайном ижевск","","8.5","","","","",""
"кружка хамелеон на заказ со своим дизайном ижевск","","","","6","","",""
"кружки на заказ","","","","4.5","","",""
"кружки на заказ из йараор","","","","8","","",""
"кружки пеции ижнкск","","","","","","","10"
"кружки с принтом на заказ ижевск","","","","5","","",""
"ксерокопии ижевск","9","","","","","",""
"ксерокопия","","9","","12","","",""
"ксерокопия в ижевске","","9.67","","","","",""
"ксерокопия документов ижевск","9","","","","","",""
"ксерокопия ижевск","9.4","9","7","8.6","9","",""
"ксерокопия ижевск рядом со мной","","11","","","","",""
"ксерокопия ижевск рядом со мной цены","","7","","","","",""
"ксерокопия ижевск цена","10","","","","","",""
"ксерокопия рядом со мной","","","","11","","",""
"кубик с гравировкой ижевск","16","","","","","",""
"лазерная резка самоклеящаяся пленка текст","","","","","12","",""
"ламинация вгуст","","","5","","","",""
"ламинация документов","","","","","11","",""
"ламинация документов в ижевске","","","","","8","",""
"ламинация документов рядом со мной","","","","","","11",""
"ламинация табличек","","","","11","","",""
"ламинирование документов ижевск","","","8.5","6","","",""
"ламинирование листа","5","","","","","",""
"ламинирование п4 это","2","","","","","",""
"ламинировать","","","","5.5","","",""
"леиана про ижевск фотообои","","12","","","","",""
"листовка удмуртия","8","","","","","",""
"листовки ижевск","","11","","","","",""
"листок ижевск основной фокус печати","","","","","11","",""
"листок ижевск типография","5","","8","5","","",""
"листочек типография ижевск","","","","","","","7"
"ллисторк типография","","","","11","","",""
"логотип компании цифра","","12","","","","",""
"магазин цифра ижевск","","","","","","11",""
"магазин цифры режим работы","","","","","","","7"
"магнит 7*10 какой размер","","15","","","","",""
"магнит виниловый 15на21 какой размер","","8","","","","",""
"майн принт ижевск типография","","10","","","","",""
"макет пресс вола мцйена","","7","","","","",""
"макет пресс вола цена","","4","","","","",""
"матовая бумага nowpro 350 гр.","3","","","","","",""
"мелкая типография услуги","","5.5","","","","",""
"миницифра ижевск алюнин","","","","","13","",""
"мирстаф ижевск","","","4","","","",""
"мобильная реклама ижевск","","7","6","","","",""
"мобильные стенды – 2 шт. общий размер стенда: 114 см x 94 см основное полотно изготовлено из пробки бежевого цвета. рамка стенда темно-коричневого цвета.","","","6","","","",""
"можно ли ламинировать а2","11","","","","","",""
"надпись на кружку","","","","","","9",""
"наклейки прочные на заказ ижевск","","","","7.33","","",""
"нанесение принта на одежду ижевск","","","","","","12",""
"напечатать визитки ижевск","","","","","5","",""
"напечатать наружная реклама","12","","","","","",""
"напольные информационные стойки аренда ижевск","4","","","","","",""
"нтим иж","","","","","","5",""
"ооо цифра","3.5","","","","","",""
"ооо цифра ижевск","","","","2","","",""
"основные форматы ролапов штендеров правила создания и разработки","","","","","13","",""
"открытки а5 печать","","10","","","","",""
"отрисовка чертеж на миллиметровке а1 цена","","","","10","","",""
"отсканировать чертеж в ижевске где можно","6","","","","","",""
"пазл из фотографии на заказ","","","9","","","",""
"пазл на заказ по фотографии ижевск","","6","","","","",""
"пазл с фотографией на заказ ижевск","","","","4.5","","",""
"пазлы из фотографий на заказ ижевск","","","4","","","",""
"пазлы по фото на заказ","","","11","","","",""
"пакет подарочный печать планарт","4","","","","","",""
"пакеты бумажные с логотипом на заказ ижевск","","5","","","","",""
"пакеты на заказ","","7","","8","9.71","10.25",""
"пакеты с логотипом на заказ","","","","","9","",""
"перевод графического изображения из аналоговой формы детская мебель в детский сад в ижевске в цифровую","","","","","9","",""
"печатать на холсте","","","11","","","",""
"печати пленка вклейка для документов","10","","","","","",""
"печатная 1","","","","","","","7"
"печатное производство ижевск","","8","","","","",""
"печатное производство ижевск на принтере","","7","","","","",""
"печатное производство ижевск на принтере бумаги","","8","","","","",""
"печатные салоны ижевск","","10","","","","",""
"печатный дом","6","","","","","",""
"печатный салон","10.6","","","","10.17","10","11"
"печатный салон игра удмуртия","","","","","","17",""
"печатный салон ижевск","","","9","9","10.56","9","10.67"
"печатный салон центр ижевск","","","","","7","",""
"печатный слон ижевск","","7","","","","",""
"печать а1 ижевск","","","7","6","","",""
"печать а1 цена","","","5.5","5.5","","",""
"печать а2 в ижевске","","8","","","","",""
"печать а2 ижевск","","8","","","","",""
"печать бейджей стоимость","7","","","","","",""
"печать блокнотов","6","8","7","8","","","9"
"печать блокнотов на заказ","","6","","","","","4"
"печать в ижевске","","8","","10","9","",""
"печать визитки","","","","","","15",""
"печать визитки ижевск","","","","2","","",""
"печать визиток","","4","4","13","2.33","3.41","3.21"
"печать визиток в ижевске","","","","","","","4"
"печать визиток ижевск","2","3","2","3.71","4","2.29","2.24"
"печать визиток календари типография","","11","","","9","",""
"печать визиток на дизайнерской бумаге","","2","2","5","2.5","","2"
"печать визиток на дизайнерской бумаге топринт","","","","","11","",""
"печать визиток стоимость за 100 штук","","","","7","","",""
"печать грамот и фото ижевск","","","","11","","",""
"печать документов возле удгау 2 корпус","","","","8","","",""
"печать ижевск","","10.75","","8.67","9.33","","10"
"печать ижевск на сувенирах","","","","11","","",""
"печать ижевск типография","","","","4","","",""
"печать ижевск типография хотей спорт","","","","7","","",""
"печать календарей в ижевске","4","","","","","",""
"печать календарей на заказ","7","","","","","",""
"печать календарей типография","","","","2","","",""
"печать календарей типография ижевск","","","","2","","",""
"печать карт ижевск","","","7","","","",""
"печать картины на холсте","","","","5","","",""
"печать картины на холсте ижевск","","","","6","","",""
"печать картины на холсте ижевск листок","","","","14","","",""
"печать листовок","","","","5","6","",""
"печать логотипа ижевск","","","","","","","10"
"печать на а2 ижевск","5","","","","","","6"
"печать на блокнотах ижевск","","","3","","","",""
"печать на картоне ижевск","","","","","6","",""
"печать на кружках","","","7","","8","",""
"печать на кружках для класса","","","","7.5","","",""
"печать на кружках ижевск","6","","11","","7","",""
"печать на кружке ижевск","","5","","","","",""
"печать на пазлах","","","2","","","",""
"печать на пакетах ижевск","","9","12","11","10.5","11",""
"печать на пакетах полиэтиленовых ижевск","","8","","","","",""
"печать на пластике ижевск","","","4","","5","",""
"печать на пластике уф","","","","","3","",""
"печать на плотной бумаге а3","","","","","5","",""
"печать на посуде","","8","","","","",""
"печать на посуде ижевск","","7","","","","",""
"печать на предметах","8","","6","","","",""
"печать на ризографе","","","","","38","",""
"печать на ризографе цена","","","","","50","",""
"печать на стекле цветная ижевск","","8","","","","",""
"печать на сувенирах ижевск","","","","","8","",""
"печать на холсте","","","","","9","","8"
"печать на холсте ижевск","","","6","","7","","8"
"печать на цветном принтере ижевск рядом","","11","","","","",""
"печать на часах шмам","","","","","","","5"
"печать наклеек в ижевске","11","","","","","",""
"печать офсетная а 0 формата","6","","","","","",""
"печать полиграфии","","","","","10","",""
"печать полиграфии ижевск","","","","","7","",""
"печать постеров на заказ ижевск","","6","","","","",""
"печать ризографией","","","","","44","",""
"печать сервис ижевск","","","4","","","",""
"печать стоимость одно листа","","","","","","10",""
"печать сувенирной продукции с логотипом ижевск","","","","","3","",""
"печать сувенирной продукции цена","","","","29","","",""
"печать сувениров на акриловом стекле ижевск","","7","","","","",""
"печать термонаклеек хохряки","","","","11","","",""
"печать флаеров ижевск","3","","","6.5","","",""
"печать фото 2м на 2м","","","","","","10",""
"печать фото а3 ижевск","","","11","","","",""
"печать фото на пластике ижевск","","","","","10.5","",""
"печать фото на чехол телефона ижевск","8","","","","","",""
"печать фото цифра 18 фото","","","","13","","",""
"пиао 18.рф","9.5","","","","","",""
"плакетка 150 на 100 см","","","","","9.5","",""
"пластиковые карты на заказ форматсити 1","14","","","","","",""
"плесура стенд","","","","9","","",""
"плоттерная резка","","","","7","12","",""
"плоттерная резка форматсити 1","4","","","11","11","8",""
"полиграфии","","","11.5","","","",""
"полиграфии удмуртии","9","","","","","",""
"полиграфические услуги в ижевске","7","","","","","",""
"полиграфия ижевск","8","","","5.5","8.5","",""
"полиграфия плюс ижевск","","","","3","","",""
"пресс вол","","","","8.5","","",""
"пресс волл","5","3","9","6","6","",""
"пресс волл с логотипами","","","","2","","",""
"прессволл","","","3","","","",""
"принт в ижевске типографика","","","","6","","",""
"принт на картон","","6","","","","",""
"принт на картон ижевск","","8","","","","",""
"принт на кружке ижевск","","","","8","","",""
"принт типографика в ижевске","","","","7","","",""
"производство обоев в ижевске","","","","6","","",""
"размножить чертежи формат а3 в ижевске где","","6","5","","","",""
"распечатайте ижевск чай","11","","","","","",""
"распечатать а3","","7","","","17.33","18",""
"распечатать в типографии на класс","","","","","","","8"
"распечатать визитки ижевск","","","","","","","7"
"распечатать документ","","","","11","","","11"
"распечатать документ ижевск","","","13","","","",""
"распечатать документы в ягуле","9","","","","","",""
"распечатать документы ижевск","","","12","","","",""
"распечатать ижевск утро","18","","","","","",""
"распечатать карту в ижевске","","","","","","","10"
"распечатать ламинированные документы ижевск","","","","","10","",""
"распечатать постер","","","","","","","5"
"распечатать фото ижевск на дереве","","","","9","","",""
"распечатать фото ижевск на карте","","","","13","","",""
"распечатать фотографию а3","","","","8","","","8"
"распечатать цветной документ ижевск","","","","","","","12"
"распечатать цветном принтере цена","","","6","","","",""
"распечатать цветную картинку на принтере цена","","6","","","","",""
"распечатк","","","","","6","",""
"распечатка","","","","11","11.5","10",""
"распечатка в ижевске 1 лист","","","","","11","",""
"распечатка трактовая 2а хохряки","11","","","","","",""
"реклама кружка","","","","8","","",""
"рекламные стойки ижевск","","10","","","","",""
"рекламный баннер ижевск","","","","21","","30",""
"ремир ижевск","","11","","","","",""
"ремонт кружек ижевск","","","","","7.67","8",""
"ризография цена","","","","","27.67","",""
"ризографная","8","","","","6","",""
"ролап","","4","","","4","",""
"ролап изготовление russtand","10","","","","","",""
"ролапы спецтехника баннер","","11","11","","","",""
"ролапы торговых центров","10","","","","","",""
"ролл ап","","10","","","","",""
"ролл апов, штендер","","","","","9","",""
"ручки с логотипом на заказ","","11","","","","",""
"салон печати","","","","","","12",""
"салон печати ижевск","","","","10","","",""
"салон печатный","","","","","","","11"
"сарапул цифра","10","","","","","",""
"сделать визитки ижевск","","","","2.5","","",""
"сделать визитки ижевск ижевск","","","","4","","",""
"сделать копию а3 ижевск","","","","","4","",""
"сделать копию фотографий в ижевский","","","","","","","12"
"сделать на печать обложки для документов ижевск","8","","","","","",""
"сделать печать на кружки ижевск","","","","9","","",""
"скан документов ижевск","","","","9","9","",""
"сканирование а0 в ижевске","","","","","","3",""
"сканирование фото в ижевске","","","","","","","11"
"сканировать документ ижевск","","11","","","","",""
"сколько стоит забрендировать шоколад 35х35мм 50шт","","","","9","","",""
"сколько стоит заламинировать лист а4","","","","","","11",""
"сколько стоит заламинировать пропуск","","","6","","","",""
"сколько стоит лист а3 ламинированный","","","","","","","9"
"сколько стоит лист бумаги а4 распечатать","9","","","","","",""
"сколько стоит напечатать 10 листов реферата","","","10","","","",""
"сколько стоит распечатанная бумага 3","","","","9","","",""
"сколько стоит распечатать 1 лист а4 черно-белый","","11","","","","",""
"сколько стоит распечатать 1000 листовок","","","","","6","",""
"сколько стоит распечатать 11 листов а4 текста в типографии","","10","","","","",""
"сколько стоит распечатать а3 лист","","","","","","8",""
"сколько стоит распечатать две фотографии на документы в карандаше ижевск","","","11","","","",""
"сколько стоит распечатать один лист а4 черно-белый","","","","","","","14"
"сколько стоит распечатать цветное фото а4","","","","","","7",""
"сколько стоит распечатать цветное фото а5","","","12","","","",""
"сколько стоит цветная печать а4 на обычной бумаге","","","","","5","",""
"создай рекламу кружка","","","","","","","8"
"спасти наклейку х делать ижевск","","","","7","","",""
"срочная печать визиток в ижевске","","","","","","7",""
"стенд 1,5х1,5м, (акп, печать пленки с ламинацией)","","","","","6","",""
"стоимость копии а3 ижевск","","","","","3","",""
"стоимость копии ижевск","","","","","8","",""
"стоимость копии ижевск а4 цена черно белая","","","","","12","",""
"студия печати","12","","","","","",""
"студия печати на одежде в ижевске","13","","","","","",""
"сувенирная печатная продукция","","10","","","","",""
"сувениры ижевск сделать","10","","","","","",""
"сувениры с фото быстро ижевск","","10","","","","",""
"текстура рисунок ижевск","","","","","","","13"
"телефона адреса для визитки","","","","","","9",""
"типографии","","","","","8","",""
"типографии в ижевске","","","9","","7","",""
"типографии города ижевска","","","","10","","",""
"типографии ижевск","7.67","7","6","","","","8"
"типографии ижевск вселистовки","","","7","","","",""
"типографии ижевска","","8","7","6","","",""
"типографика <принт> в ижевске","","","","10","","",""
"типографика <принт> в ижевске типографика","","","","10","","",""
"типографика чернила в ижевске","","","","11","","",""
"типография","8","9","8.5","9","4.5","","10"
"типография \"цифрa\". ижевск, ул.7-ая подлесная,34.","","","","","1","",""
"типография \"цифра\"","1","","","","","",""
"типография 118 ижевск","","","","","11","",""
"типография 18","","","","","1","",""
"типография брошюра 6 стр","11","","","","","",""
"типография буклет 6 стр","9","","","","","",""
"типография быстрая печать","","","","5","","",""
"типография быстрая печать ижевск","","","","","","","12"
"типография в ижевске","","7","10","8","9.33","",""
"типография востон","","","","11","","",""
"типография и полиграфия ижевск","","3.5","","","","",""
"типография ижевск","6.67","5.62","5.33","5.11","6","6.29","5.5"
"типография ижевск в центре","","","","10","","",""
"типография ижевск нанесение логотипов","","","","9","","",""
"типография ижевск официальный сайт","","","1","1","","",""
"типография ижевск тайма","","","","","","11",""
"типография ижевск цены","","","","10","","7",""
"типография листок ижевск","","6","6","","","",""
"типография манголичи","","","8","","","",""
"типография на карте","10","","","","","",""
"типография на маяковского","9.5","","","","","",""
"типография на удмуртской","","","","7","","",""
"типография распечатать атлас","","13","","","","",""
"типография с оплатой по карте ижевск","6","","","","","",""
"типография цифра","6","6.6","3.25","8.57","5","9.2","9.5"
"типография цифра ижевск","","","","1","","","1"
"типография цифра ижевск официальный сайт","","1","","","1","",""
"типография цифра иин","","","3","","","",""
"тираж пластиковых карт формат сити 1","","","","","","5",""
"удмуртия типография","","","","7","","",""
"удмуртская печать визиток","5","","","","","",""
"урал распечатка","","","","","","11",""
"услуга типографии","","","7","","","",""
"услуги печати в ижевске","","","","7","","",""
"уф печать","","","","12","","",""
"уф печать в ижевске","","","3","","","",""
"уф печать ижевск","","","4","2","","",""
"уф печать на коробках","7","","","","","",""
"уф печать на оргстекле ижевск","","2","","","","",""
"уф печать на стелкотоварах.","","","2","","","",""
"уф печать на флешках","","8","","","8","",""
"уф печать на флешке это в цвете?","8","","","","","",""
"уф-печать на стекле цена","","","","37","","",""
"флешка с надписью удмуртия","","","11","","","",""
"флешка удмуртия с надписью","","","12","","","",""
"фото куб из кубиков трансформер","","19","","","","",""
"фото на кружке цена можга сайт","","","","10","","",""
"фото на кружку","10","","","","","",""
"фото на холсте ижевск","","12","","","","",""
"фотопанно ижевск","","","","","","9",""
"фотопечать ижевск","","","","","25","",""
"фотопечать на кружке за 1 день в ижевске","","","","","","","7"
"фотопечать на обоях","","","","","","6.67",""
"фотопечать на стекле","7","","","","","",""
"фотопечать на стекле в ижевске","6","","","","","",""
"фотопостер ижевск","","","","","","10","9"
"фотопостер ижевск эмблема москвича","","","","","","","7"
"х принт распечатка ижевск","","4.5","","","","",""
"цветная печать ижевск а1 карла маркса 440","","14","","","","",""
"цветная печать на самоклеящейся бумаге ижевск а4","6","","","","","",""
"цена ксерокопии в ижевске","","","","","","","8"
"цена ксерокопии в ижевске а4","","","","","","","8"
"цена распечатки а0 ижевск","","","","","","6",""
"цифра","2.2","4.75","3.4","2.5","6","",""
"цифра 18","3","3","","","7","",""
"цифра 18 +","","","","","6","",""
"цифра 18 ижевск","","1","","","","",""
"цифра 18 типография ижевск","","","","","2","",""
"цифра 18.зф <принт> в ижевске типографика","","","","1","","",""
"цифра ижевск","2","1.5","1","1","","",""
"цифра ижевск печатный салон","","","1","","","1.5",""
"цифра ижевск типография","","","","","1","1",""
"цифра изготовление продукции","","12","","","","",""
"цифра пакет","","3","","","","",""
"цифра печать визиток","","","","1","","",""
"цифра печать ижевск","","2","","","","",""
"цифра полиграфия","","","4","10","","",""
"цифра режим работы","","","","","","7",""
"цифра сайт","","","","5","","",""
"цифра сервис ижевск официальный сайт ижевск","1","","","","","",""
"цифра типография","","2","","","","",""
"цифра типография ижевск","","1.5","","","","","1"
"цифра удмуртия","","","","5","","",""
"цифра+ ижевск","","","11","","","",""
"цифра/ режим работы","","","6","","","",""
"цифрова типография в ижевсе","","","","2","","",""
"цифровые типографии в ижевске","","","","4.5","","",""
"цифрпбнак ижевск улммунаов","10","","","","","",""
"часы на заказ ижевск","","","","","1","",""
"чернила в ижевске типографика","","","","13","","",""
"черно-белая ризографическая печать что это","","","","7","","",""
"черновая печать ризограф","","","","7","","",""
"чертеж на миллиметровке а1 цена","","","","9","","",""
"что это за наклейка на складе ижевск","10","","","","","",""
"широкоформатная печать ижевск типография","","","","5","","",""
"шоколад с логотипом ижевск","","","","","","2",""
"штендер","","","","11","","",""
"штендер x баннер фикс прайс","","","","11","","",""
"штендер в аренду","7","","","","","",""
"штендер рекламный купить ижевск","","","","10","","",""
"штендер сустав","11","","","","","",""
"этикеток на металлизированной пленке ижевск","","","","","23","",""
"является ли бейдж сувенирной продукцией","","","","4","","",""
