https://xn--18-6kc5a3bxam.xn--p1ai/catalog/poligrafiya/vizitki/derevyannye-vizitki-/files/pic01.png	https://xn--18-6kc5a3bxam.xn--p1ai/catalog/poligrafiya/vizitki/derevyannye-vizitki-/	Формат до обрезки (черная линия)	301	29.08.2026	29.08.2026
https://xn--18-6kc5a3bxam.xn--p1ai/catalog/poligrafiya/vizitki/derevyannye-vizitki-/files/pic01.png	https://xn--18-6kc5a3bxam.xn--p1ai/catalog/poligrafiya/vizitki/derevyannye-vizitki-/	Общие элементы дизайна, такие как фон размещайте до края поля. Не оставляйте пустых полей. Максимальный размер загружаемого... Цветовой профиль. Типы файлов. 300 dpi. Вы можете загружать различные типы файлов:PDF, PSD, TIFF, PNG. Разрешение. Для оптимальной печати рекомендуем загружать файлы в CMYK.	301	29.08.2026	29.08.2026
https://xn--18-6kc5a3bxam.xn--p1ai/catalog/poligrafiya/derevyannye-vizitki-/files/pic01.png	https://xn--18-6kc5a3bxam.xn--p1ai/catalog/poligrafiya/derevyannye-vizitki-/	Формат до обрезки (черная линия)	301	29.08.2026	29.08.2026
https://xn--18-6kc5a3bxam.xn--p1ai/catalog/poligrafiya/derevyannye-vizitki-/files/pic01.png	https://xn--18-6kc5a3bxam.xn--p1ai/catalog/poligrafiya/derevyannye-vizitki-/	Общие элементы дизайна, такие как фон размещайте до края поля. Не оставляйте пустых полей. Максимальный размер загружаемого... Цветовой профиль. Типы файлов. 300 dpi. Вы можете загружать различные типы файлов:PDF, PSD, TIFF, PNG. Разрешение. Для оптимальной печати рекомендуем загружать файлы в CMYK.	301	29.08.2026	29.08.2026
https://xn--18-6kc5a3bxam.xn--p1ai/upload/iblock/ee1/11yxu1zdnf1c33h1cernf0k11mhrpd07/magnific_19318.jpeg	https://xn--18-6kc5a3bxam.xn--p1ai/catalog/poligrafiya/postpechatnye-raboty/postpechatnye-raboty/	типография ижевск. Профессиональная фальцовка до А4 в Ижевске. Быстрое складывание чертежей и документов. От 5 руб./шт. Типография Цифра. Недорого, срочно, качественно. Цена от руб. Доставка по РФ. Полиграфия / Постпечатные работы, Постпечатные работы. Типография Цифра18.рф г. Ижевск.	301	29.08.2026	29.08.2026
https://xn--18-6kc5a3bxam.xn--p1ai/upload/iblock/ee1/11yxu1zdnf1c33h1cernf0k11mhrpd07/magnific_19318.jpeg	https://xn--18-6kc5a3bxam.xn--p1ai/catalog/poligrafiya/postpechatnye-raboty/postpechatnye-raboty/	типография ижевск	301	29.08.2026	29.08.2026
https://xn--18-6kc5a3bxam.xn--p1ai/upload/iblock/ee1/11yxu1zdnf1c33h1cernf0k11mhrpd07/magnific_19318.jpeg	https://xn--18-6kc5a3bxam.xn--p1ai/catalog/poligrafiya/postpechatnye-raboty/postpechatnye-raboty/	Фальцовка до А4 в Ижевске - Типография Цифра	301	29.08.2026	29.08.2026
https://xn--18-6kc5a3bxam.xn--p1ai/upload/iblock/ee1/11yxu1zdnf1c33h1cernf0k11mhrpd07/magnific_19318.jpeg	https://xn--18-6kc5a3bxam.xn--p1ai/catalog/poligrafiya/postpechatnye-raboty/postpechatnye-raboty/	Профессиональная фальцовка до А4 в Ижевске. Быстрое складывание чертежей и документов. От 5 руб./шт. Типография Цифра.	301	29.08.2026	29.08.2026
https://xn--18-6kc5a3bxam.xn--p1ai/upload/iblock/56b/o2oxitzyk0n554bqi53cflmnk8nxbab3/kvartalnyy_kalendar_premium_3_rekl_polya_prozrachnyy_plastik_tipografia_cifra18_izhevsk.png	https://xn--18-6kc5a3bxam.xn--p1ai/catalog/poligrafiya/vysechnaya-produktsiya/	КВАРТАЛЬНЫЙ КАЛЕНДАРЬ &quot;PREMIUM&quot; , прозрачный пластик	301	28.08.2026	31.08.2026
https://xn--18-6kc5a3bxam.xn--p1ai/upload/iblock/56b/o2oxitzyk0n554bqi53cflmnk8nxbab3/kvartalnyy_kalendar_premium_3_rekl_polya_prozrachnyy_plastik_tipografia_cifra18_izhevsk.png	https://xn--18-6kc5a3bxam.xn--p1ai/catalog/poligrafiya/kvartalnyy-kalendar-premium-prozrachnyy-plastik/	типография ижевск	301	27.08.2026	31.08.2026
https://xn--18-6kc5a3bxam.xn--p1ai/upload/iblock/56b/o2oxitzyk0n554bqi53cflmnk8nxbab3/kvartalnyy_kalendar_premium_3_rekl_polya_prozrachnyy_plastik_tipografia_cifra18_izhevsk.png	https://xn--18-6kc5a3bxam.xn--p1ai/catalog/poligrafiya/kvartalnyy-kalendar-premium-prozrachnyy-plastik/	Квартальный календарь PREMIUM с одним рекламным полем от типографии Цифра в Ижевске. Высокое качество, индивидуальный дизайн, быстрые сроки. Закажите сейчас!	301	27.08.2026	31.08.2026
https://xn--18-6kc5a3bxam.xn--p1ai/upload/iblock/56b/o2oxitzyk0n554bqi53cflmnk8nxbab3/kvartalnyy_kalendar_premium_3_rekl_polya_prozrachnyy_plastik_tipografia_cifra18_izhevsk.png	https://xn--18-6kc5a3bxam.xn--p1ai/catalog/poligrafiya/kvartalnyy-kalendar-premium-prozrachnyy-plastik/	КВАРТАЛЬНЫЙ КАЛЕНДАРЬ "PREMIUM" , прозрачный пластик	301	27.08.2026	31.08.2026
https://xn--18-6kc5a3bxam.xn--p1ai/upload/iblock/56b/o2oxitzyk0n554bqi53cflmnk8nxbab3/kvartalnyy_kalendar_premium_3_rekl_polya_prozrachnyy_plastik_tipografia_cifra18_izhevsk.png	https://xn--18-6kc5a3bxam.xn--p1ai/catalog/poligrafiya/kvartalnyy-kalendar-premium-prozrachnyy-plastik/	Квартальный календарь PREMIUM с одним рекламным полем от типографии Цифра в Ижевске. Высокое качество, индивидуальный дизайн, быстрые сроки. Закажите сейчас! типография ижевск.	301	27.08.2026	31.08.2026
https://xn--18-6kc5a3bxam.xn--p1ai/upload/iblock/56b/o2oxitzyk0n554bqi53cflmnk8nxbab3/kvartalnyy_kalendar_premium_3_rekl_polya_prozrachnyy_plastik_tipografia_cifra18_izhevsk.png	https://xn--18-6kc5a3bxam.xn--p1ai/catalog/poligrafiya/kvartalnyy-kalendar-premium-prozrachnyy-plastik/	Квартальный календарь PREMIUM с 1 рекл. полем - заказать в Ижевске Типография Цифра	301	27.08.2026	31.08.2026
https://xn--18-6kc5a3bxam.xn--p1ai/upload/iblock/56b/o2oxitzyk0n554bqi53cflmnk8nxbab3/kvartalnyy_kalendar_premium_3_rekl_polya_prozrachnyy_plastik_tipografia_cifra18_izhevsk.png	https://xn--18-6kc5a3bxam.xn--p1ai/catalog/poligrafiya/kvartalnyy-kalendar-premium-prozrachnyy-plastik/	Полиграфия. Главная. Каталог.	301	27.08.2026	31.08.2026
https://xn--18-6kc5a3bxam.xn--p1ai/upload/iblock/56b/o2oxitzyk0n554bqi53cflmnk8nxbab3/kvartalnyy_kalendar_premium_3_rekl_polya_prozrachnyy_plastik_tipografia_cifra18_izhevsk.png	https://xn--18-6kc5a3bxam.xn--p1ai/catalog/poligrafiya/kvartalnyy-kalendar-premium-prozrachnyy-plastik/	Время быстротечно, незаметно пролетают дни недели, месяца. Фиксировать события помогает нам сувенирная продукция календари. Мы, в Типографии Цифра , предлагаем Вам квартальные, настенные, перекидные, плакатные, настольные, карманные и другие...	301	27.08.2026	31.08.2026
https://xn--18-6kc5a3bxam.xn--p1ai/upload/iblock/f9c/tjlgmx9i6oo0xnahav9k30b1hibt9p1o/kvartalnyy_kalendar_premium_1_rekl_pole_svetodiodnyy_tipografia_cifra18_izhevsk.jpg	https://xn--18-6kc5a3bxam.xn--p1ai/catalog/poligrafiya/kvartalnyy-kalendar-premium-prozrachnyy-plastik/	Похожие товары	301	27.08.2026	31.08.2026
https://xn--18-6kc5a3bxam.xn--p1ai/upload/iblock/f9c/tjlgmx9i6oo0xnahav9k30b1hibt9p1o/kvartalnyy_kalendar_premium_1_rekl_pole_svetodiodnyy_tipografia_cifra18_izhevsk.jpg	https://xn--18-6kc5a3bxam.xn--p1ai/catalog/poligrafiya/kalendari/kvartalnyy-kalendar-premium-prozrachnyy-plastik/	от 240 ₽/шт.	301	27.08.2026	31.08.2026
https://xn--18-6kc5a3bxam.xn--p1ai/upload/iblock/56b/o2oxitzyk0n554bqi53cflmnk8nxbab3/kvartalnyy_kalendar_premium_3_rekl_polya_prozrachnyy_plastik_tipografia_cifra18_izhevsk.png	https://xn--18-6kc5a3bxam.xn--p1ai/catalog/poligrafiya/kalendari/kvartalnyy-kalendar-premium-prozrachnyy-plastik/	Полиграфия. Главная. Календари. Каталог.	301	27.08.2026	31.08.2026
https://xn--18-6kc5a3bxam.xn--p1ai/product/suvenirnaja-produkcija/	https://xn--18-6kc5a3bxam.xn--p1ai/news/magnitnye-zakladki-dlya-knig-s-individualnym-dizaynom/	сувенирной продукции	404	24.08.2026	02.07.2026
https://xn--18-6kc5a3bxam.xn--p1ai/product/pechat-chertezhej/	https://xn--18-6kc5a3bxam.xn--p1ai/catalog/inzhenernaya-pechat/	Печать чертежей	301	24.08.2026	26.08.2026
https://xn--18-6kc5a3bxam.xn--p1ai/upload/iblock/f9c/tjlgmx9i6oo0xnahav9k30b1hibt9p1o/kvartalnyy_kalendar_premium_1_rekl_pole_svetodiodnyy_tipografia_cifra18_izhevsk.jpg	https://xn--18-6kc5a3bxam.xn--p1ai/catalog/poligrafiya/listovki-tsifrovaya-pechat/pechat-listovok-a6/	КВАРТАЛЬНЫЙ КАЛЕНДАРЬ &quot;PREMIUM&quot; 1 рекл. поле светодиодный	301	20.08.2026	31.08.2026
https://xn--18-6kc5a3bxam.xn--p1ai/upload/iblock/56b/o2oxitzyk0n554bqi53cflmnk8nxbab3/kvartalnyy_kalendar_premium_3_rekl_polya_prozrachnyy_plastik_tipografia_cifra18_izhevsk.png	https://xn--18-6kc5a3bxam.xn--p1ai/catalog/poligrafiya/tsifrovaya-pechat/tsifrovaya-listovaya-lazernaya-pechat-a3/	КВАРТАЛЬНЫЙ КАЛЕНДАРЬ &quot;PREMIUM&quot; 3 рекл. поля, прозрачный пластик	301	11.08.2026	31.08.2026
https://xn--18-6kc5a3bxam.xn--p1ai/upload/iblock/56b/o2oxitzyk0n554bqi53cflmnk8nxbab3/kvartalnyy_kalendar_premium_3_rekl_polya_prozrachnyy_plastik_tipografia_cifra18_izhevsk.png	https://xn--18-6kc5a3bxam.xn--p1ai/catalog/poligrafiya/kalendari/kvartalnyy-kalendar-premium-1-rekl-pole-s-figurnoy-rezkoy/	Похожие товары	301	11.08.2026	31.08.2026
https://xn--18-6kc5a3bxam.xn--p1ai/upload/iblock/56b/o2oxitzyk0n554bqi53cflmnk8nxbab3/kvartalnyy_kalendar_premium_3_rekl_polya_prozrachnyy_plastik_tipografia_cifra18_izhevsk.png	https://xn--18-6kc5a3bxam.xn--p1ai/catalog/poligrafiya/uf-pechat1/	от 240 ₽/шт.	301	08.08.2026	31.08.2026
https://xn--18-6kc5a3bxam.xn--p1ai/upload/iblock/56b/o2oxitzyk0n554bqi53cflmnk8nxbab3/kvartalnyy_kalendar_premium_3_rekl_polya_prozrachnyy_plastik_tipografia_cifra18_izhevsk.png	https://xn--18-6kc5a3bxam.xn--p1ai/catalog/poligrafiya/kvartalnyy-kalendar-premium-3-rekl-polya-prozrachnyy-plastik/	КВАРТАЛЬНЫЙ КАЛЕНДАРЬ "PREMIUM" 3 рекл. поля, прозрачный пластик	301	08.08.2026	31.08.2026
https://xn--18-6kc5a3bxam.xn--p1ai/upload/iblock/f9c/tjlgmx9i6oo0xnahav9k30b1hibt9p1o/kvartalnyy_kalendar_premium_1_rekl_pole_svetodiodnyy_tipografia_cifra18_izhevsk.jpg	https://xn--18-6kc5a3bxam.xn--p1ai/catalog/poligrafiya/kvartalnyy-kalendar-premium-1-rekl-pole-svetodiodnyy/	Keywords. Квартальный календарь PREMIUM с одним рекламным полем от типографии Цифра в Ижевске. Высокое качество, индивидуальный дизайн, быстрые сроки. Закажите сейчас!	301	08.08.2026	31.08.2026
https://xn--18-6kc5a3bxam.xn--p1ai/upload/iblock/f9c/tjlgmx9i6oo0xnahav9k30b1hibt9p1o/kvartalnyy_kalendar_premium_1_rekl_pole_svetodiodnyy_tipografia_cifra18_izhevsk.jpg	https://xn--18-6kc5a3bxam.xn--p1ai/catalog/poligrafiya/kvartalnyy-kalendar-premium-1-rekl-pole-svetodiodnyy/	КВАРТАЛЬНЫЙ КАЛЕНДАРЬ "PREMIUM" 1 рекл. поле светодиодный	301	08.08.2026	31.08.2026
https://xn--18-6kc5a3bxam.xn--p1ai/upload/iblock/f9c/tjlgmx9i6oo0xnahav9k30b1hibt9p1o/kvartalnyy_kalendar_premium_1_rekl_pole_svetodiodnyy_tipografia_cifra18_izhevsk.jpg	https://xn--18-6kc5a3bxam.xn--p1ai/catalog/poligrafiya/kvartalnyy-kalendar-premium-1-rekl-pole-svetodiodnyy/	Полиграфия. Главная. Каталог.	301	08.08.2026	31.08.2026
https://xn--18-6kc5a3bxam.xn--p1ai/upload/iblock/f9c/tjlgmx9i6oo0xnahav9k30b1hibt9p1o/kvartalnyy_kalendar_premium_1_rekl_pole_svetodiodnyy_tipografia_cifra18_izhevsk.jpg	https://xn--18-6kc5a3bxam.xn--p1ai/catalog/poligrafiya/kvartalnyy-kalendar-premium-1-rekl-pole-svetodiodnyy/	Квартальный календарь PREMIUM с одним рекламным полем от типографии Цифра в Ижевске. Высокое качество, индивидуальный дизайн, быстрые сроки. Закажите сейчас!	301	08.08.2026	31.08.2026
https://xn--18-6kc5a3bxam.xn--p1ai/upload/iblock/f9c/tjlgmx9i6oo0xnahav9k30b1hibt9p1o/kvartalnyy_kalendar_premium_1_rekl_pole_svetodiodnyy_tipografia_cifra18_izhevsk.jpg	https://xn--18-6kc5a3bxam.xn--p1ai/catalog/poligrafiya/kvartalnyy-kalendar-premium-1-rekl-pole-svetodiodnyy/	Keywords	301	08.08.2026	31.08.2026
https://xn--18-6kc5a3bxam.xn--p1ai/upload/iblock/f9c/tjlgmx9i6oo0xnahav9k30b1hibt9p1o/kvartalnyy_kalendar_premium_1_rekl_pole_svetodiodnyy_tipografia_cifra18_izhevsk.jpg	https://xn--18-6kc5a3bxam.xn--p1ai/catalog/poligrafiya/kvartalnyy-kalendar-premium-1-rekl-pole-svetodiodnyy/	Время быстротечно, незаметно пролетают дни недели, месяца. Фиксировать события помогает нам сувенирная продукция календари. Мы, в Типографии Цифра , предлагаем Вам квартальные, настенные, перекидные, плакатные, настольные, карманные и другие...	301	08.08.2026	31.08.2026
https://xn--18-6kc5a3bxam.xn--p1ai/upload/iblock/f9c/tjlgmx9i6oo0xnahav9k30b1hibt9p1o/kvartalnyy_kalendar_premium_1_rekl_pole_svetodiodnyy_tipografia_cifra18_izhevsk.jpg	https://xn--18-6kc5a3bxam.xn--p1ai/catalog/poligrafiya/kvartalnyy-kalendar-premium-1-rekl-pole-svetodiodnyy/	Квартальный календарь PREMIUM с 1 рекл. полем - заказать в Ижевске Типография Цифра	301	08.08.2026	31.08.2026
https://xn--18-6kc5a3bxam.xn--p1ai/upload/iblock/56b/o2oxitzyk0n554bqi53cflmnk8nxbab3/kvartalnyy_kalendar_premium_3_rekl_polya_prozrachnyy_plastik_tipografia_cifra18_izhevsk.png	https://xn--18-6kc5a3bxam.xn--p1ai/catalog/	КВАРТАЛЬНЫЙ КАЛЕНДАРЬ &quot;PREMIUM&quot; 3 рекл. поля, прозрачный пластик. Главная. КВАРТАЛЬНЫЙ КАЛЕНДАРЬ "PREMIUM" 3 рекл. поля, прозрачный пластик.	301	08.08.2026	31.08.2026
https://xn--18-6kc5a3bxam.xn--p1ai/upload/iblock/12a/u67za8bz2eaef1uscvsnxovssc108jjb/kvartalnyy_kalendar_premium_3_rekl_polya_prozrachnyy_plastik_tipografia_cifra18_izhevsk.png	https://xn--18-6kc5a3bxam.xn--p1ai/catalog/poligrafiya/kalendari/kvartalnyy-kalendar-premium-3-rekl-polya-prozrachnyy-plastik/	Квартальный календарь PREMIUM с одним рекламным полем от типографии Цифра в Ижевске. Высокое качество, индивидуальный дизайн, быстрые сроки. Закажите сейчас! типография ижевск.	301	08.08.2026	22.08.2026
https://xn--18-6kc5a3bxam.xn--p1ai/upload/iblock/12a/u67za8bz2eaef1uscvsnxovssc108jjb/kvartalnyy_kalendar_premium_3_rekl_polya_prozrachnyy_plastik_tipografia_cifra18_izhevsk.png	https://xn--18-6kc5a3bxam.xn--p1ai/catalog/poligrafiya/kalendari/kvartalnyy-kalendar-premium-3-rekl-polya-prozrachnyy-plastik/	Квартальный календарь PREMIUM с 1 рекл. полем - заказать в Ижевске Типография Цифра	301	08.08.2026	22.08.2026
https://xn--18-6kc5a3bxam.xn--p1ai/upload/iblock/12a/u67za8bz2eaef1uscvsnxovssc108jjb/kvartalnyy_kalendar_premium_3_rekl_polya_prozrachnyy_plastik_tipografia_cifra18_izhevsk.png	https://xn--18-6kc5a3bxam.xn--p1ai/catalog/poligrafiya/kalendari/kvartalnyy-kalendar-premium-3-rekl-polya-prozrachnyy-plastik/	Квартальный календарь PREMIUM с одним рекламным полем от типографии Цифра в Ижевске. Высокое качество, индивидуальный дизайн, быстрые сроки. Закажите сейчас!	301	08.08.2026	22.08.2026
https://xn--18-6kc5a3bxam.xn--p1ai/upload/iblock/12a/u67za8bz2eaef1uscvsnxovssc108jjb/kvartalnyy_kalendar_premium_3_rekl_polya_prozrachnyy_plastik_tipografia_cifra18_izhevsk.png	https://xn--18-6kc5a3bxam.xn--p1ai/catalog/poligrafiya/kalendari/kvartalnyy-kalendar-premium-3-rekl-polya-prozrachnyy-plastik/	типография ижевск	301	08.08.2026	22.08.2026
https://xn--18-6kc5a3bxam.xn--p1ai/catalog/suvenirnaya-produktsiya/shokolad-s-logotipom/	https://xn--18-6kc5a3bxam.xn--p1ai/catalog/suvenirnaya-produktsiya/	Шоколад с логотипом 5гр. от 15 ₽/шт. Шоколад с логотипом 5гр.	500	08.08.2026	18.07.2026
https://xn--18-6kc5a3bxam.xn--p1ai/upload/iblock/f9c/tjlgmx9i6oo0xnahav9k30b1hibt9p1o/kvartalnyy_kalendar_premium_1_rekl_pole_svetodiodnyy_tipografia_cifra18_izhevsk.jpg	https://xn--18-6kc5a3bxam.xn--p1ai/catalog/poligrafiya/kalendari/kvartalnyy-kalendar-premium-1-rekl-pole-svetodiodnyy/	Полиграфия. Главная. Календари. Каталог.	301	08.08.2026	31.08.2026
https://xn--18-6kc5a3bxam.xn--p1ai/news/?PAGEN_1=2	https://xn--18-6kc5a3bxam.xn--p1ai/news/	Вперед	502	20.07.2026	09.07.2026
https://xn--18-6kc5a3bxam.xn--p1ai/pravila-obrabotki/	https://xn--18-6kc5a3bxam.xn--p1ai/catalog/mobilnye-stendy/press-voll/	правилами обработки персональных данных	404	20.07.2026	15.05.2026
https://xn--18-6kc5a3bxam.xn--p1ai/news/?PAGEN_1=2	https://xn--18-6kc5a3bxam.xn--p1ai/news/	2	502	20.07.2026	09.07.2026
https://xn--18-6kc5a3bxam.xn--p1ai/catalog/poligrafiya/kalendari/kalendar-domik-s-perekidnymi-listami/	https://xn--18-6kc5a3bxam.xn--p1ai/catalog/poligrafiya/kalendari/	от ₽ Календарь «домик» с перекидными листами	502	20.07.2026	09.07.2026
https://xn--18-6kc5a3bxam.xn--p1ai/catalog/poligrafiya/kalendari/kvartalnyy-kalendar-premium/	https://xn--18-6kc5a3bxam.xn--p1ai/catalog/poligrafiya/kalendari/	от ₽ КВАРТАЛЬНЫЙ КАЛЕНДАРЬ "PREMIUM" 1 рекл. поле	500	20.07.2026	17.07.2026
https://xn--18-6kc5a3bxam.xn--p1ai/catalog/poligrafiya/bumazhnyy-paket-belyy-/	https://xn--18-6kc5a3bxam.xn--p1ai/catalog/poligrafiya/	Бумажный пакет белый ламинированный от 250 ₽/шт. Бумажный пакет белый ламинированный	502	13.07.2026	09.07.2026
https://xn--18-6kc5a3bxam.xn--p1ai/catalog/poligrafiya/kraft-pakety-podarochnye/	https://xn--18-6kc5a3bxam.xn--p1ai/catalog/poligrafiya/	Крафт пакет подарочный от 25 ₽/шт. Крафт пакет подарочный	502	13.07.2026	09.07.2026
https://xn--18-6kc5a3bxam.xn--p1ai/catalog/suvenirnaya-produktsiya/igry-i-golovolomki/tetris-derevyannyy/	https://xn--18-6kc5a3bxam.xn--p1ai/catalog/suvenirnaya-produktsiya/igry-i-golovolomki/	Тетрис деревянный Тетрис деревянный	500	10.07.2026	17.07.2026
https://xn--18-6kc5a3bxam.xn--p1ai/sogl/	https://xn--18-6kc5a3bxam.xn--p1ai/catalog/poligrafiya/konverty-/konverty-fakturnaya-bumaga-imitlin-/	Соглашение об обработке персональных данных.	404	10.07.2026	17.08.2026
https://xn--18-6kc5a3bxam.xn--p1ai/cookie-consent/	https://xn--18-6kc5a3bxam.xn--p1ai/catalog/inzhenernaya-pechat/broshyurovka/pereplet-na-metallicheskuyu-pruzhinu-3-1/	Политикой cookie	404	09.07.2026	17.08.2026
https://xn--18-6kc5a3bxam.xn--p1ai/catalog/suvenirnaya-produktsiya/ryukzaki-i-sumki/sumka-shopper-chernyy/	https://xn--18-6kc5a3bxam.xn--p1ai/	Сумка шоппер черный от 600 ₽/шт. Сумка шоппер черный	500	09.07.2026	17.07.2026
https://xn--18-6kc5a3bxam.xn--p1ai/catalog/poligrafiya/pakety/bumazhnyy-paket-prezentatsionnyy/	https://xn--18-6kc5a3bxam.xn--p1ai/	от 250 ₽/шт. Бумажный пакет презентационный	500	09.07.2026	17.07.2026
https://xn--18-6kc5a3bxam.xn--p1ai/stend-informacionnyj/	https://xn--18-6kc5a3bxam.xn--p1ai/news/izgotovlenie-tablichek-iz-plastika-orgstekla-pvkh-metalla/	Вам будет интересно - Стенд информационный из пробки	404	24.06.2026	13.08.2026
https://xn--18-6kc5a3bxam.xn--p1ai/wp-content/uploads/2020/08/adresnaja-tablichka-izgotovlenie-izhevsk.jpg	https://xn--18-6kc5a3bxam.xn--p1ai/news/izgotovlenie-tablichek-iz-plastika-orgstekla-pvkh-metalla/	Изготовление табличек из пластика, оргстекла, ПВХ, металла 4. табличка адресная на дом стоимость изготовления типография цифра18.рф ижевск.	301	24.06.2026	30.01.2026
https://xn--18-6kc5a3bxam.xn--p1ai/wp-content/uploads/2020/08/adresnaja-tablichka-izgotovlenie-izhevsk.jpg	https://xn--18-6kc5a3bxam.xn--p1ai/news/izgotovlenie-tablichek-iz-plastika-orgstekla-pvkh-metalla/	Основные виды табличек	301	24.06.2026	30.01.2026
https://xn--18-6kc5a3bxam.xn--p1ai/product/uf-pechat/	https://xn--18-6kc5a3bxam.xn--p1ai/catalog/poligrafiya/beydzhi/	УФ печать	301	08.06.2026	05.02.2026
https://xn--18-6kc5a3bxam.xn--p1ai/upload/iblock/0b6/wir6mqsm0cv9jjfbbj1brcjh911wmcw6.jpg/	https://xn--18-6kc5a3bxam.xn--p1ai/catalog/suvenirnaya-produktsiya/	от ₽. Сумка шоппер бежевая.	404	22.05.2026	18.08.2026
https://xn--18-6kc5a3bxam.xn--p1ai/catalog/suvenirnaya-produktsiya/otkrytka-s-shokoladom/	https://xn--18-6kc5a3bxam.xn--p1ai/catalog/suvenirnaya-produktsiya/	от ₽ Открытка А5 с шоколадом	502	22.05.2026	09.07.2026
https://xn--18-6kc5a3bxam.xn--p1ai/catalog/suvenirnaya-produktsiya/belye-kruzhki-330ml/	https://xn--18-6kc5a3bxam.xn--p1ai/catalog/suvenirnaya-produktsiya/	от ₽ Белые кружки 330мл	500	22.05.2026	18.07.2026
https://xn--18-6kc5a3bxam.xn--p1ai/upload/iblock/419/x1mcndo9if2gyevt3gai2vd9ryod6tg3.jpg/	https://xn--18-6kc5a3bxam.xn--p1ai/catalog/suvenirnaya-produktsiya/	Сувенирная продукция	404	22.05.2026	05.07.2026
https://xn--18-6kc5a3bxam.xn--p1ai/upload/iblock/94b/dafedtnny2phw6rb1rsqm8fg6pae2zq2.jpg/	https://xn--18-6kc5a3bxam.xn--p1ai/catalog/suvenirnaya-produktsiya/	Сувенирная продукция	404	22.05.2026	07.08.2026
https://xn--18-6kc5a3bxam.xn--p1ai/upload/iblock/2cc/kr279ht14tkyxxvavj9z2afj139kiju6.jpg/	https://xn--18-6kc5a3bxam.xn--p1ai/catalog/suvenirnaya-produktsiya/	Футболка белая СЭНДВИЧ REVOLUTION имитация хлопка. от ₽.	404	22.05.2026	23.08.2026
https://xn--18-6kc5a3bxam.xn--p1ai/upload/iblock/2cc/kr279ht14tkyxxvavj9z2afj139kiju6.jpg/	https://xn--18-6kc5a3bxam.xn--p1ai/catalog/suvenirnaya-produktsiya/	Сувенирная продукция	404	22.05.2026	23.08.2026
https://xn--18-6kc5a3bxam.xn--p1ai/upload/iblock/0b6/wir6mqsm0cv9jjfbbj1brcjh911wmcw6.jpg/	https://xn--18-6kc5a3bxam.xn--p1ai/catalog/suvenirnaya-produktsiya/	Сувенирная продукция	404	22.05.2026	18.08.2026
https://xn--18-6kc5a3bxam.xn--p1ai/upload/iblock/94b/dafedtnny2phw6rb1rsqm8fg6pae2zq2.jpg/	https://xn--18-6kc5a3bxam.xn--p1ai/catalog/suvenirnaya-produktsiya/	от ₽. Белые кружки 330мл.	404	22.05.2026	07.08.2026
https://xn--18-6kc5a3bxam.xn--p1ai/upload/iblock/52f/xauads9wxkgmhr8y3ywejkwdjv2v6co2.jpg/	https://xn--18-6kc5a3bxam.xn--p1ai/catalog/suvenirnaya-produktsiya/	Сувенирная продукция	404	22.05.2026	01.07.2026
https://xn--18-6kc5a3bxam.xn--p1ai/catalog/suvenirnaya-produktsiya/pechat-na-chekhlakh-dlya-telefonov/	https://xn--18-6kc5a3bxam.xn--p1ai/catalog/reklama/	Печать на чехлах для телефонов	502	22.05.2026	13.02.2026
https://xn--18-6kc5a3bxam.xn--p1ai/upload/iblock/749/xx6j5pedd1dgwg2a1qm0b8s58z9nsoqo.jpg/	https://xn--18-6kc5a3bxam.xn--p1ai/	Популярные услуги	404	14.05.2026	06.08.2026
https://xn--18-6kc5a3bxam.xn--p1ai/upload/iblock/5e3/h8u5tmx1zra33a74i0kwsdyaiq7g38vz/kruzhka_aurora_soft.png/	https://xn--18-6kc5a3bxam.xn--p1ai/	Популярные услуги	404	14.05.2026	17.08.2026
https://xn--18-6kc5a3bxam.xn--p1ai/upload/iblock/3e9/zmp4l2xit6e2pl5wfc3qbbacz8kifn3t/f30291c8_fed7_11ed_ad36_005056ad1cd2_2.jpg/	https://xn--18-6kc5a3bxam.xn--p1ai/	Популярные услуги	404	14.05.2026	28.08.2026
https://xn--18-6kc5a3bxam.xn--p1ai/catalog/suvenirnaya-produktsiya/igry-i-golovolomki/tetris-derevyannyy/	https://xn--18-6kc5a3bxam.xn--p1ai/catalog/suvenirnaya-produktsiya/igry-i-golovolomki/	от ₽ Тетрис деревянный	500	26.04.2026	17.07.2026
https://xn--18-6kc5a3bxam.xn--p1ai/katalog-ruchek	https://xn--18-6kc5a3bxam.xn--p1ai/catalog/suvenirnaya-produktsiya/pechat-na-ruchkakh/	галерее	301	19.04.2026	10.03.2026
https://xn--18-6kc5a3bxam.xn--p1ai/raboty-po-vosstanovleniju-stelly-v-chest-75-letija-pobedy/	https://xn--18-6kc5a3bxam.xn--p1ai/news/pechat-i-izgotovlenie-broshyur-na-skrepke/	Вам будет интересно - Работы по восстановлению стеллы в честь 75 летия Победы	404	05.03.2026	09.05.2026
https://xn--18-6kc5a3bxam.xn--p1ai/upload/iblock/1be/m1rpph6pchujc9mws5q1v9et9xfeaax0/tablichka_dlya_oplaty_s_qr_kodom_na_bruske_tipografia_cifra18_izhevs.jpg	https://xn--18-6kc5a3bxam.xn--p1ai/catalog/suvenirnaya-produktsiya/futbolki/korobki-dlya-futbolok/	С этим товаром покупают	301	28.02.2026	24.08.2026
https://xn--18-6kc5a3bxam.xn--p1ai/product/cifrovaja-pechat/	https://xn--18-6kc5a3bxam.xn--p1ai/news/pechat-i-izgotovlenie-broshyur-na-skrepke/	печати брошюры	301	28.02.2026	13.08.2026
https://xn--18-6kc5a3bxam.xn--p1ai/upload/iblock/1be/m1rpph6pchujc9mws5q1v9et9xfeaax0/tablichka_dlya_oplaty_s_qr_kodom_na_bruske_tipografia_cifra18_izhevs.jpg	https://xn--18-6kc5a3bxam.xn--p1ai/catalog/suvenirnaya-produktsiya/futbolki/	от ₽. Табличка для оплаты с QR кодом на бруске.	301	23.02.2026	24.08.2026
https://xn--18-6kc5a3bxam.xn--p1ai/upload/iblock/023/mock9v8ncxts1cwqr575ivnou7vnwp3w.jpg	https://xn--18-6kc5a3bxam.xn--p1ai/catalog/mobilnye-stendy/roll-up-1-2x2-m/	Ролл-ап 1.2х2 метра служит точкой взаимодействия с вашими потенциальными клиентами. Благодаря большому размеру, вы можете разместить на нем всю необходимую информацию... Сроки изготовления. Требования к макетам.	301	21.02.2026	24.07.2026
https://xn--18-6kc5a3bxam.xn--p1ai/upload/iblock/023/mock9v8ncxts1cwqr575ivnou7vnwp3w.jpg	https://xn--18-6kc5a3bxam.xn--p1ai/catalog/mobilnye-stendy/roll-up-1x2-m/	6. 5. 4. 3. 2. 1.	301	21.02.2026	24.07.2026
https://xn--18-6kc5a3bxam.xn--p1ai/upload/iblock/94b/dafedtnny2phw6rb1rsqm8fg6pae2zq2.jpg/	https://xn--18-6kc5a3bxam.xn--p1ai/catalog/suvenirnaya-produktsiya/pechat-na-kruzhkakh/belaya-kruzhka-330ml/	Недорого, срочно, качественно. Цена от 300 руб. Доставка по РФ. Сувенирная продукция / Кружки, термосы, термостаканы, Белая кружка 330мл. Типография Цифра18.рф г. Ижевск. Недорого, срочно, качественно. Цена от 300 руб. Доставка по РФ. Сувенирная продукция / Кружки, термосы, термостаканы, Белая кружка 330мл. Типография Цифра18.рф. типография ижевск.	404	19.02.2026	07.08.2026
https://xn--18-6kc5a3bxam.xn--p1ai/upload/iblock/94b/dafedtnny2phw6rb1rsqm8fg6pae2zq2.jpg/	https://xn--18-6kc5a3bxam.xn--p1ai/catalog/suvenirnaya-produktsiya/pechat-na-kruzhkakh/belaya-kruzhka-330ml/	Недорого, срочно, качественно. Цена от 300 руб. Доставка по РФ. Сувенирная продукция / Кружки, термосы, термостаканы, Белая кружка 330мл. Типография Цифра18.рф ...	404	19.02.2026	07.08.2026
https://xn--18-6kc5a3bxam.xn--p1ai/upload/iblock/94b/dafedtnny2phw6rb1rsqm8fg6pae2zq2.jpg/	https://xn--18-6kc5a3bxam.xn--p1ai/catalog/suvenirnaya-produktsiya/pechat-na-kruzhkakh/belaya-kruzhka-330ml/	Белая кружка 330мл Цифра18.рф	404	19.02.2026	07.08.2026
https://xn--18-6kc5a3bxam.xn--p1ai/upload/iblock/94b/dafedtnny2phw6rb1rsqm8fg6pae2zq2.jpg/	https://xn--18-6kc5a3bxam.xn--p1ai/catalog/suvenirnaya-produktsiya/pechat-na-kruzhkakh/belaya-kruzhka-330ml/	ОК. Наши менеджеры скоро свяжутся с вами. передачей и... Спасибо! Отправьте заявку и наш менеджер свяжется с вами. Ваше имя. Ваш e-mail. Телефон. Отправив форму, я соглашаюсь с.	404	19.02.2026	07.08.2026
https://xn--18-6kc5a3bxam.xn--p1ai/catalog/poligrafiya/beydzh-plastikovyy-54kh86mm/	https://xn--18-6kc5a3bxam.xn--p1ai/catalog/poligrafiya/	от ₽ Бейдж пластиковый 54х86мм	502	09.02.2026	09.07.2026
https://xn--18-6kc5a3bxam.xn--p1ai/catalog/reklama/shirokoformatnaya-pechat/pechat-na-posternoy-bumage8706/	https://xn--18-6kc5a3bxam.xn--p1ai/catalog/reklama/shirokoformatnaya-pechat/	от ₽ Печать на постерной бумаге с ламинацией	502	04.02.2026	07.06.2026
https://xn--18-6kc5a3bxam.xn--p1ai/upload/iblock/bf1/vbedvrea8s8g73696uqx6kerk0odzf83.jpg	https://xn--18-6kc5a3bxam.xn--p1ai/catalog/poligrafiya/listovki-ofsetnaya-pechat/liflet-2-faltsa-ofsetnaya-pechat/	ОК. Наши менеджеры скоро свяжутся с вами. передачей и... Спасибо! Отправьте заявку и наш менеджер свяжется с вами. Ваше имя. Ваш e-mail. Телефон. Отправив форму, я соглашаюсь с.	301	02.02.2026	11.07.2026
https://xn--18-6kc5a3bxam.xn--p1ai/upload/iblock/9a7/7ra6w25nmvbiqnns51vu5ftjorg5ji38/beydzh_laminirovannyy_tipografia_cifra18_izhevsk.jpg	https://xn--18-6kc5a3bxam.xn--p1ai/catalog/poligrafiya/beydzhi/beydzh-laminirovannyy/	Ламинированный бейдж- самый бюджетный вариант изготовления бейджиков, не требующий больших трудо- и энергозатрат. Подобный вариант бейджиков подходит для кратковременных проведений деловых встреч, конференций и прочих мероприятий.Бумажный ламинированный... Ламинированный бейдж- самый бюджетный вариант изготовления бейджиков, не требующий больших трудо- и энергозатрат. Подобный вариант бейджиков подходит для кратко. типография ижевск.	301	01.02.2026	26.08.2026
https://xn--18-6kc5a3bxam.xn--p1ai/upload/iblock/9a7/7ra6w25nmvbiqnns51vu5ftjorg5ji38/beydzh_laminirovannyy_tipografia_cifra18_izhevsk.jpg	https://xn--18-6kc5a3bxam.xn--p1ai/catalog/poligrafiya/beydzhi/beydzh-laminirovannyy/	Бейджи. Полиграфия. Главная. Каталог.	301	01.02.2026	26.08.2026
https://xn--18-6kc5a3bxam.xn--p1ai/upload/iblock/9a7/7ra6w25nmvbiqnns51vu5ftjorg5ji38/beydzh_laminirovannyy_tipografia_cifra18_izhevsk.jpg	https://xn--18-6kc5a3bxam.xn--p1ai/catalog/poligrafiya/beydzhi/beydzh-laminirovannyy/	типография ижевск	301	01.02.2026	26.08.2026
https://xn--18-6kc5a3bxam.xn--p1ai/upload/iblock/9a7/7ra6w25nmvbiqnns51vu5ftjorg5ji38/beydzh_laminirovannyy_tipografia_cifra18_izhevsk.jpg	https://xn--18-6kc5a3bxam.xn--p1ai/catalog/poligrafiya/beydzhi/beydzh-laminirovannyy/	ОК. Наши менеджеры скоро свяжутся с вами. передачей и... Спасибо! Ламинированный бейдж- самый бюджетный вариант изготовления бейджиков, не требующий больших трудо- и энергозатрат. Подобный вариант бейджиков подходит для кратковременных проведений деловых... Сроки изготовления. Отправьте заявку и наш менеджер свяжется с вами. Ваше имя. Требования к макетам. Ваш e-mail. Телефон. Отправив форму, я соглашаюсь с.	301	01.02.2026	26.08.2026
https://xn--18-6kc5a3bxam.xn--p1ai/upload/iblock/9a7/7ra6w25nmvbiqnns51vu5ftjorg5ji38/beydzh_laminirovannyy_tipografia_cifra18_izhevsk.jpg	https://xn--18-6kc5a3bxam.xn--p1ai/catalog/poligrafiya/beydzhi/beydzh-laminirovannyy/	Ламинированный бейдж- самый бюджетный вариант изготовления бейджиков, не требующий больших трудо- и энергозатрат. Подобный вариант бейджиков подходит для кратко...	301	01.02.2026	26.08.2026
https://xn--18-6kc5a3bxam.xn--p1ai/upload/iblock/9a7/7ra6w25nmvbiqnns51vu5ftjorg5ji38/beydzh_laminirovannyy_tipografia_cifra18_izhevsk.jpg	https://xn--18-6kc5a3bxam.xn--p1ai/catalog/poligrafiya/beydzhi/beydzh-laminirovannyy/	Ламинированный бейдж- самый бюджетный вариант изготовления бейджиков, не требующий больших трудо- и энергозатрат. Подобный вариант бейджиков подходит для кратковременных проведений деловых... Сроки изготовления. Требования к макетам.	301	01.02.2026	26.08.2026
https://xn--18-6kc5a3bxam.xn--p1ai/upload/iblock/9a7/7ra6w25nmvbiqnns51vu5ftjorg5ji38/beydzh_laminirovannyy_tipografia_cifra18_izhevsk.jpg	https://xn--18-6kc5a3bxam.xn--p1ai/catalog/poligrafiya/beydzhi/beydzh-laminirovannyy/	Бейдж ламинированный Цифра18.рф	301	01.02.2026	26.08.2026
https://xn--18-6kc5a3bxam.xn--p1ai/upload/iblock/9a7/7ra6w25nmvbiqnns51vu5ftjorg5ji38/beydzh_laminirovannyy_tipografia_cifra18_izhevsk.jpg	https://xn--18-6kc5a3bxam.xn--p1ai/catalog/poligrafiya/beydzhi/	от ₽. Бейдж ламинированный.	301	01.02.2026	26.08.2026
https://xn--18-6kc5a3bxam.xn--p1ai/upload/iblock/9a7/7ra6w25nmvbiqnns51vu5ftjorg5ji38/beydzh_laminirovannyy_tipografia_cifra18_izhevsk.jpg	https://xn--18-6kc5a3bxam.xn--p1ai/catalog/poligrafiya/beydzhi/	Главная	301	01.02.2026	26.08.2026
https://xn--18-6kc5a3bxam.xn--p1ai/upload/iblock/9a7/7ra6w25nmvbiqnns51vu5ftjorg5ji38/beydzh_laminirovannyy_tipografia_cifra18_izhevsk.jpg	https://xn--18-6kc5a3bxam.xn--p1ai/catalog/poligrafiya/beydzhi/	Бейджи	301	01.02.2026	26.08.2026
https://xn--18-6kc5a3bxam.xn--p1ai/upload/iblock/9a7/7ra6w25nmvbiqnns51vu5ftjorg5ji38/beydzh_laminirovannyy_tipografia_cifra18_izhevsk.jpg	https://xn--18-6kc5a3bxam.xn--p1ai/catalog/poligrafiya/	Полиграфия	301	01.02.2026	26.08.2026
https://xn--18-6kc5a3bxam.xn--p1ai/upload/iblock/9a7/7ra6w25nmvbiqnns51vu5ftjorg5ji38/beydzh_laminirovannyy_tipografia_cifra18_izhevsk.jpg	https://xn--18-6kc5a3bxam.xn--p1ai/catalog/	Каталог	301	01.02.2026	26.08.2026
https://xn--18-6kc5a3bxam.xn--p1ai/upload/iblock/419/x1mcndo9if2gyevt3gai2vd9ryod6tg3.jpg/	https://xn--18-6kc5a3bxam.xn--p1ai/catalog/poligrafiya/pechat-na-samokleyashchikhsya-materialakh/golograficheskie-nakleyki/	Сумка шоппер белая. от ₽.	404	01.02.2026	05.07.2026
https://xn--18-6kc5a3bxam.xn--p1ai/upload/iblock/bf1/vbedvrea8s8g73696uqx6kerk0odzf83.jpg	https://xn--18-6kc5a3bxam.xn--p1ai/catalog/poligrafiya/listovki-ofsetnaya-pechat/liflet-2-faltsa-ofsetnaya-pechat/	Оперативная офсетная печать лифлетов и буклетов. ТипографияЦИФРА предлагает быстрый онлайн-заказ на печать лифлетов и буклетов.Основное отличие лифлета от б...	301	01.02.2026	11.07.2026
https://xn--18-6kc5a3bxam.xn--p1ai/upload/iblock/bf1/vbedvrea8s8g73696uqx6kerk0odzf83.jpg	https://xn--18-6kc5a3bxam.xn--p1ai/catalog/poligrafiya/listovki-ofsetnaya-pechat/liflet-2-faltsa-ofsetnaya-pechat/	Лифлет (2 фальца) офсетная печать Цифра18.рф	301	01.02.2026	11.07.2026
https://xn--18-6kc5a3bxam.xn--p1ai/upload/iblock/bf1/vbedvrea8s8g73696uqx6kerk0odzf83.jpg	https://xn--18-6kc5a3bxam.xn--p1ai/catalog/poligrafiya/listovki-ofsetnaya-pechat/liflet-2-faltsa-ofsetnaya-pechat/	Оперативная офсетная печать лифлетов и буклетов. Типография ЦИФРА предлагает быстрый онлайн-заказ на печать лифлетов и буклетов. Основное отличие лифлета от буклета: буклет скрепляется, лифлет - нет. В современные дни... типография ижевск. Оперативная офсетная печать лифлетов и буклетов. ТипографияЦИФРА предлагает быстрый онлайн-заказ на печать лифлетов и буклетов.Основное отличие лифлета от б.	301	01.02.2026	11.07.2026
https://xn--18-6kc5a3bxam.xn--p1ai/upload/iblock/749/xx6j5pedd1dgwg2a1qm0b8s58z9nsoqo.jpg/	https://xn--18-6kc5a3bxam.xn--p1ai/catalog/interer/postery2/	от ₽. Белая кружка/цветная ручка/дно 330мл.	404	29.01.2026	06.08.2026
https://xn--18-6kc5a3bxam.xn--p1ai/upload/iblock/94b/dafedtnny2phw6rb1rsqm8fg6pae2zq2.jpg/	https://xn--18-6kc5a3bxam.xn--p1ai/catalog/poligrafiya/uf-pechat1/uf-pechat-do-a5-210-kh-150-mm1721241/	Каталог	404	11.01.2026	07.08.2026
https://xn--18-6kc5a3bxam.xn--p1ai/upload/iblock/419/x1mcndo9if2gyevt3gai2vd9ryod6tg3.jpg/	https://xn--18-6kc5a3bxam.xn--p1ai/catalog/poligrafiya/uf-pechat1/uf-pechat-do-a5-210-kh-150-mm1721241/	Каталог	404	11.01.2026	05.07.2026
https://xn--18-6kc5a3bxam.xn--p1ai/upload/iblock/cd9/ktuc84zeb2f1hxcmjfp4pd4865t4raka/13303.40_7.jpg/	https://xn--18-6kc5a3bxam.xn--p1ai/catalog/suvenirnaya-produktsiya/pechat-na-kruzhkakh/	С этим товаром покупают. Кружки, термосы, термостаканы.	404	31.12.2025	20.07.2026
https://xn--18-6kc5a3bxam.xn--p1ai/upload/iblock/2ab/8vktna95fb6u3qvwv6alwnlonxaze4lj/vizitki_na_chernom_kartone.jpg	https://xn--18-6kc5a3bxam.xn--p1ai/catalog/suvenirnaya-produktsiya/pechat-na-kruzhkakh/	Визитки на черном картоне. от ₽.	301	31.12.2025	01.09.2026
https://xn--18-6kc5a3bxam.xn--p1ai/upload/iblock/527/s6yo16h6izfmhnyuy7t2eq4jw282nj4p/4f16f24f622f72f74bef47c22203224d.jpg/	https://xn--18-6kc5a3bxam.xn--p1ai/catalog/suvenirnaya-produktsiya/pechat-na-kruzhkakh/	Похожие товары	404	31.12.2025	17.08.2026
https://xn--18-6kc5a3bxam.xn--p1ai/upload/iblock/527/s6yo16h6izfmhnyuy7t2eq4jw282nj4p/4f16f24f622f72f74bef47c22203224d.jpg	https://xn--18-6kc5a3bxam.xn--p1ai/catalog/suvenirnaya-produktsiya/pechat-na-kruzhkakh/	Похожие товары	301	31.12.2025	25.06.2026
https://xn--18-6kc5a3bxam.xn--p1ai/upload/iblock/06c/zqspo8z2ulsxe83l9zuszzr51wry7fnv.jpg/	https://xn--18-6kc5a3bxam.xn--p1ai/catalog/suvenirnaya-produktsiya/pechat-na-kruzhkakh/	Похожие товары	404	31.12.2025	25.08.2026
https://xn--18-6kc5a3bxam.xn--p1ai/upload/iblock/e12/xgls4xhxlfw8hayewt0yqsooj69plryz/3d320063400587.5aafcf919171f.jpg/	https://xn--18-6kc5a3bxam.xn--p1ai/catalog/suvenirnaya-produktsiya/pechat-na-kruzhkakh/	Похожие товары	404	31.12.2025	05.07.2026
https://xn--18-6kc5a3bxam.xn--p1ai/upload/iblock/5e3/h8u5tmx1zra33a74i0kwsdyaiq7g38vz/kruzhka_aurora_soft.png/	https://xn--18-6kc5a3bxam.xn--p1ai/catalog/suvenirnaya-produktsiya/pechat-na-kruzhkakh/kruzhka-aurora-soft-tach/	ОК. Наши менеджеры скоро свяжутся с вами. передачей и... Спасибо! 7. 6. 5. 4. 3. 2. 1. Отправьте заявку и наш менеджер свяжется с вами. Ваше имя. Ваш e-mail. Телефон. Отправив форму, я соглашаюсь с.	404	15.12.2025	17.08.2026
https://xn--18-6kc5a3bxam.xn--p1ai/upload/iblock/94b/dafedtnny2phw6rb1rsqm8fg6pae2zq2.jpg/	https://xn--18-6kc5a3bxam.xn--p1ai/catalog/	от ₽. Белая кружка 330мл.	404	04.12.2025	07.08.2026
https://xn--18-6kc5a3bxam.xn--p1ai/upload/iblock/4ec/pjvoymz3x2a8n2v1to546ufkmzywx3j8.png	https://xn--18-6kc5a3bxam.xn--p1ai/catalog/poligrafiya/vizitki/vizitki-s-laminatsiey-soft-tach/	типография ижевск	301	03.12.2025	25.06.2026
https://xn--18-6kc5a3bxam.xn--p1ai/upload/iblock/4ec/pjvoymz3x2a8n2v1to546ufkmzywx3j8.png	https://xn--18-6kc5a3bxam.xn--p1ai/catalog/poligrafiya/vizitki/vizitki-s-laminatsiey-soft-tach/	Визитки с ламинацией софт тач Цифра18.рф	301	03.12.2025	25.06.2026
https://xn--18-6kc5a3bxam.xn--p1ai/upload/iblock/4ec/pjvoymz3x2a8n2v1to546ufkmzywx3j8.png	https://xn--18-6kc5a3bxam.xn--p1ai/catalog/poligrafiya/vizitki/vizitki-s-laminatsiey-soft-tach/	Недорого, срочно, качественно. Цена от 6 руб. Доставка по РФ. Полиграфия / Визитки, Визитки с ламинацией софт тач. Типография Цифра18.рф г. Ижевск. типография ижевск.	301	03.12.2025	25.06.2026
https://xn--18-6kc5a3bxam.xn--p1ai/upload/iblock/4ec/pjvoymz3x2a8n2v1to546ufkmzywx3j8.png	https://xn--18-6kc5a3bxam.xn--p1ai/catalog/poligrafiya/vizitki/vizitki-s-laminatsiey-soft-tach/	Недорого, срочно, качественно. Цена от 6 руб. Доставка по РФ. Полиграфия / Визитки, Визитки с ламинацией софт тач. Типография Цифра18.рф г. Ижевск	301	03.12.2025	25.06.2026
https://xn--18-6kc5a3bxam.xn--p1ai/upload/iblock/4ec/pjvoymz3x2a8n2v1to546ufkmzywx3j8.png	https://xn--18-6kc5a3bxam.xn--p1ai/catalog/poligrafiya/vizitki/vizitki-s-laminatsiey-soft-tach/	ОК. Наши менеджеры скоро свяжутся с вами. передачей и... Спасибо! Сроки изготовления. Отправьте заявку и наш менеджер свяжется с вами. Ваше имя. Требования к макетам. Ваш e-mail. Телефон. Отправив форму, я соглашаюсь с.	301	03.12.2025	25.06.2026
https://xn--18-6kc5a3bxam.xn--p1ai/upload/iblock/937/x2lsjn3ujh0x9s9k7vt0cluk70s2302c.jpg	https://xn--18-6kc5a3bxam.xn--p1ai/catalog/suvenirnaya-produktsiya/pechat-na-usb-ustroystvakh/pechat-na-fleshkakh8255/	Флешка визитка (флешка- визитка, флешка кредитка) с нанесением логотипа - современный корпоративный подарок для Ваших партнеров или коллег! Флешка в форме визит...	301	29.11.2025	18.06.2026
https://xn--18-6kc5a3bxam.xn--p1ai/upload/iblock/937/x2lsjn3ujh0x9s9k7vt0cluk70s2302c.jpg	https://xn--18-6kc5a3bxam.xn--p1ai/catalog/suvenirnaya-produktsiya/pechat-na-usb-ustroystvakh/pechat-na-fleshkakh8255/	типография ижевск	301	29.11.2025	18.06.2026
https://xn--18-6kc5a3bxam.xn--p1ai/upload/iblock/749/xx6j5pedd1dgwg2a1qm0b8s58z9nsoqo.jpg/	https://xn--18-6kc5a3bxam.xn--p1ai/catalog/suvenirnaya-produktsiya/pechat-na-kruzhkakh/belaya-kruzhka-tsvetnaya-ruchka-dno-330ml/	Белая кружка/цветная ручка/дно 330мл Цифра18.рф	404	28.11.2025	06.08.2026
https://xn--18-6kc5a3bxam.xn--p1ai/upload/iblock/749/xx6j5pedd1dgwg2a1qm0b8s58z9nsoqo.jpg/	https://xn--18-6kc5a3bxam.xn--p1ai/catalog/suvenirnaya-produktsiya/pechat-na-kruzhkakh/belaya-kruzhka-tsvetnaya-ruchka-dno-330ml/	Недорого, срочно, качественно. Цена от 350 руб. Доставка по РФ. Сувенирная продукция / Кружки, термосы, термостаканы, Белая кружка/цветная ручка/дно 330мл. Типо. типография ижевск. Недорого, срочно, качественно. Цена от 350 руб. Доставка по РФ. Сувенирная продукция / Кружки, термосы, термостаканы, Белая кружка/цветная ручка/дно 330мл. Типография Цифра18.рф г. Ижевск.	404	28.11.2025	06.08.2026
https://xn--18-6kc5a3bxam.xn--p1ai/upload/iblock/749/xx6j5pedd1dgwg2a1qm0b8s58z9nsoqo.jpg/	https://xn--18-6kc5a3bxam.xn--p1ai/catalog/suvenirnaya-produktsiya/pechat-na-kruzhkakh/belaya-kruzhka-tsvetnaya-ruchka-dno-330ml/	Недорого, срочно, качественно. Цена от 350 руб. Доставка по РФ. Сувенирная продукция / Кружки, термосы, термостаканы, Белая кружка/цветная ручка/дно 330мл. Типо...	404	28.11.2025	06.08.2026
https://xn--18-6kc5a3bxam.xn--p1ai/upload/iblock/419/x1mcndo9if2gyevt3gai2vd9ryod6tg3.jpg/	https://xn--18-6kc5a3bxam.xn--p1ai/catalog/suvenirnaya-produktsiya/sumka-shopper/sumka-shopper-belaya-/	Недорого, срочно, качественно. Цена от 600 руб. Доставка по РФ. Сувенирная продукция / Сумка-шоппер, Сумка шоппер белая . Типография Цифра18.рф г. Ижевск	404	26.11.2025	05.07.2026
https://xn--18-6kc5a3bxam.xn--p1ai/upload/iblock/419/x1mcndo9if2gyevt3gai2vd9ryod6tg3.jpg/	https://xn--18-6kc5a3bxam.xn--p1ai/catalog/suvenirnaya-produktsiya/sumka-shopper/sumka-shopper-belaya-/	ОК. Наши менеджеры скоро свяжутся с вами. Вместительная и прочная сумка-шоппер из белой ткани Герда 250гр. Принт наносится методом сублимации, что делает его более долговечным и презентабельным. Изделие... передачей и... Спасибо! Сроки изготовления. Отправьте заявку и наш менеджер свяжется с вами. Ваше имя. Требования к макетам. Ваш e-mail. Телефон. Отправив форму, я соглашаюсь с.	404	26.11.2025	05.07.2026
https://xn--18-6kc5a3bxam.xn--p1ai/upload/iblock/419/x1mcndo9if2gyevt3gai2vd9ryod6tg3.jpg/	https://xn--18-6kc5a3bxam.xn--p1ai/catalog/suvenirnaya-produktsiya/sumka-shopper/sumka-shopper-belaya-/	Вместительная и прочная сумка-шоппер из белой ткани Герда 250гр. Принт наносится методом сублимации, что делает его более долговечным и презентабельным. Изделие... Сроки изготовления. Требования к макетам.	404	26.11.2025	05.07.2026
https://xn--18-6kc5a3bxam.xn--p1ai/catalog/poligrafiya/vizitki/vizitki-na-chernom-kartone/	https://xn--18-6kc5a3bxam.xn--p1ai/catalog/poligrafiya/listovki-tsifrovaya-pechat/	от ₽ Визитки на черном картоне	500	30.10.2025	17.07.2026
https://xn--18-6kc5a3bxam.xn--p1ai/wp-content/uploads/2019/08/pechat-na-chernyh-ruchkah-kraft-dlja-coffee-7eb2322.jpg	https://xn--18-6kc5a3bxam.xn--p1ai/news/pechat-na-chernykh-ruchkakh-kraft-dlya-coffee-/	Печать на черных ручках крафт для Coffee Like ...................... Пишите: https://vk.com/cifraprint18 Звоните: +79658423241, 32-32-41 Приходите: 7 подлесная 34, Ижевск Печать на черных ручках крафт для Coffee.. 1 Цифра18.рф... Печать на черных ручках крафт для Coffee.. 2 Цифра18.рф г. Ижевск.	301	22.10.2025	14.08.2022
https://xn--18-6kc5a3bxam.xn--p1ai/upload/iblock/0b6/wir6mqsm0cv9jjfbbj1brcjh911wmcw6.jpg/	https://xn--18-6kc5a3bxam.xn--p1ai/catalog/suvenirnaya-produktsiya/sumka-shopper/sumka-shopper-bezhevaya-/	Недорого, срочно, качественно. Цена от 600 руб. Доставка по РФ. Сувенирная продукция / Сумка-шоппер, Сумка шоппер бежевая . Типография Цифра18.рф г. Ижевск	404	26.09.2025	18.08.2026
https://xn--18-6kc5a3bxam.xn--p1ai/upload/iblock/0b6/wir6mqsm0cv9jjfbbj1brcjh911wmcw6.jpg/	https://xn--18-6kc5a3bxam.xn--p1ai/catalog/suvenirnaya-produktsiya/sumka-shopper/sumka-shopper-bezhevaya-/	ОК. Наши менеджеры скоро свяжутся с вами. Удобная и вместительная сумка-шоппер из 100% хлопка. Выполнена из экологичной хлопчатобумажной ткани (холщовая ткань). Рисунок нанесен экологичными чернилами, которые не выцветают... передачей и... Спасибо! Сроки изготовления. Отправьте заявку и наш менеджер свяжется с вами. Ваше имя. Требования к макетам. Ваш e-mail. Телефон. Отправив форму, я соглашаюсь с.	404	26.09.2025	18.08.2026
https://xn--18-6kc5a3bxam.xn--p1ai/upload/iblock/024/zhmfjlwd020youjtg8x7jfva09vohj6k.jpg/	https://xn--18-6kc5a3bxam.xn--p1ai/catalog/poligrafiya/tsifrovaya-pechat/	от ₽. Табличка для оплаты с QR кодом на бруске.	404	25.09.2025	09.08.2026
https://xn--18-6kc5a3bxam.xn--p1ai/upload/iblock/024/zhmfjlwd020youjtg8x7jfva09vohj6k.jpg/	https://xn--18-6kc5a3bxam.xn--p1ai/catalog/suvenirnaya-produktsiya/tablichka-dlya-oplaty-s-qr-kodom/tablichka-dlya-oplaty-s-qr-kodom-na-bruske/	Табличка для оплаты с QR кодом на бруске Цифра18.рф	404	24.09.2025	09.08.2026
https://xn--18-6kc5a3bxam.xn--p1ai/upload/iblock/024/zhmfjlwd020youjtg8x7jfva09vohj6k.jpg/	https://xn--18-6kc5a3bxam.xn--p1ai/catalog/suvenirnaya-produktsiya/tablichka-dlya-oplaty-s-qr-kodom/tablichka-dlya-oplaty-s-qr-kodom-na-bruske/	Сувенирная продукция. Табличка для оплаты с QR кодом. Главная. Каталог.	404	24.09.2025	09.08.2026
https://xn--18-6kc5a3bxam.xn--p1ai/upload/iblock/024/zhmfjlwd020youjtg8x7jfva09vohj6k.jpg/	https://xn--18-6kc5a3bxam.xn--p1ai/catalog/suvenirnaya-produktsiya/tablichka-dlya-oplaty-s-qr-kodom/tablichka-dlya-oplaty-s-qr-kodom-na-bruske/	Недорого, срочно, качественно. Цена отруб. Доставка по РФ. Сувенирная продукция / Табличка для оплаты с QR кодом, Табличка для оплаты с QR кодом на бруске. Ти...	404	24.09.2025	09.08.2026
https://xn--18-6kc5a3bxam.xn--p1ai/upload/iblock/024/zhmfjlwd020youjtg8x7jfva09vohj6k.jpg/	https://xn--18-6kc5a3bxam.xn--p1ai/catalog/suvenirnaya-produktsiya/tablichka-dlya-oplaty-s-qr-kodom/tablichka-dlya-oplaty-s-qr-kodom-na-bruske/	Недорого, срочно, качественно. Цена отруб. Доставка по РФ. Сувенирная продукция / Табличка для оплаты с QR кодом, Табличка для оплаты с QR кодом на бруске. Ти. типография ижевск. Недорого, срочно, качественно. Цена от руб. Доставка по РФ. Сувенирная продукция / Табличка для оплаты с QR кодом, Табличка для оплаты с QR кодом на бруске. Типография Цифра18.рф г.	404	24.09.2025	09.08.2026
https://xn--18-6kc5a3bxam.xn--p1ai/upload/iblock/024/zhmfjlwd020youjtg8x7jfva09vohj6k.jpg/	https://xn--18-6kc5a3bxam.xn--p1ai/catalog/suvenirnaya-produktsiya/tablichka-dlya-oplaty-s-qr-kodom/	С этим товаром покупают. Табличка для оплаты с QR кодом.	404	24.09.2025	09.08.2026
