"Поисковая фраза","Поисковая система","Визиты","Посетители","Отказы","Глубина просмотра","Время на сайте"
"Итого и средние","","2134","1557","0.37207122774133083","3.4807872539831304","00:04:27"
"цифра","Яндекс","130","38","0.06923076923076923","6.8307692307692305","00:16:37"
"цифра 18","Яндекс","104","13","0.009615384615384616","6.259615384615385","00:16:04"
"цифра сайт","Яндекс","83","9","0.012048192771084338","10.313253012048193","00:21:52"
"типография цифра","Яндекс","62","9","0.016129032258064516","14.03225806451613","00:16:00"
"цифра типография","Яндекс","49","10","0.020408163265306124","8.285714285714286","00:11:56"
"печатный салон ижевск","Яндекс","47","24","0.10638297872340426","2.127659574468085","00:02:26"
"яндекс карты","Яндекс","46","38","0.5434782608695652","3.260869565217391","00:01:53"
"типография ижевск","Яндекс","40","38","0.2","2.775","00:03:35"
"карты","Яндекс","36","36","0.6388888888888888","1.5277777777777777","00:01:37"
"карта","Яндекс","27","25","0.4074074074074074","2.740740740740741","00:00:52"
"7 подлесная 34","Яндекс","15","11","0.8","1.2","00:00:48"
"типография","Яндекс","15","14","0.2","3.3333333333333335","00:00:57"
"цифра ижевск","Яндекс","15","15","0.4666666666666666","2.1333333333333333","00:02:29"
"типографии ижевск","Яндекс","13","12","0.3076923076923077","3.769230769230769","00:02:08"
"карта ижевска","Яндекс","12","12","0.6666666666666665","7.75","00:08:30"
"типография цифра ижевск официальный сайт","Яндекс","11","9","0.36363636363636365","1.2727272727272727","00:00:46"
"карты яндекс","Яндекс","9","9","0.7777777777777779","2.7777777777777777","00:01:27"
"печатные салоны ижевск","Яндекс","9","9","0.4444444444444444","2.0","00:00:15"
"печать визиток ижевск","Яндекс","9","6","0.0","5.0","00:06:11"
"ижевск","Яндекс","8","7","0.75","1.5","00:00:30"
"печать ижевск","Яндекс","8","6","0.0","6.375","00:02:33"
"агм гидравлика официальный сайт","Яндекс","7","3","0.14285714285714285","3.5714285714285716","00:05:19"
"ижевск типография","Яндекс","7","7","0.7142857142857143","1.5714285714285714","00:00:25"
"карта ижевск","Яндекс","7","7","0.8571428571428571","1.1428571428571428","00:00:00"
"изготовление магнитов ижевск","Яндекс","6","1","0.0","1.5","00:02:54"
"печатный салон","Яндекс","6","5","0.5","2.0","00:01:10"
"типография цифра ижевск","Яндекс","6","6","0.16666666666666663","2.1666666666666665","00:00:32"
"цифра типография \","Яндекс","6","6","0.0","3.6666666666666665","00:01:37"
"яндекс карты ижевск","Яндекс","6","6","0.6666666666666665","2.3333333333333335","00:00:34"
"карта ижевска с улицами и домами","Яндекс","5","5","0.8","1.2","00:00:00"
"печать на конвертах на заказ ижевск","Яндекс","5","1","0.2","1.2","00:00:14"
"печать на кружках ижевск","Яндекс","5","3","0.2","3.4","00:02:41"
"печать на футболках ижевск","Яндекс","5","4","0.2","4.6","00:01:05"
"подшить диплом ижевск","Яндекс","5","1","0.8","2.4","00:00:09"
"распечатать документы ижевск","Яндекс","5","5","0.4","1.8","00:00:16"
"цифра типография ижевск","Яндекс","5","5","0.4","1.8","00:00:54"
"7 подлесная 34 ижевск","Яндекс","4","4","0.75","1.25","00:00:00"
"rfhns","Яндекс","4","4","0.75","1.25","00:00:02"
"визитки ижевск","Яндекс","4","3","0.0","8.5","00:04:32"
"ижевск цифра типография","Яндекс","4","1","1.0","1.0","00:00:01"
"изготовление баннеров ижевск","Яндекс","4","3","0.5","1.75","00:00:12"
"изготовление визиток ижевск","Яндекс","4","3","0.0","3.25","00:04:32"
"печать на ткани флаг ижевск","Яндекс","4","1","0.5","1.0","00:00:10"
"цветная печать ижевск","Яндекс","4","4","0.5","4.25","00:01:25"
"цифра 18 ижевск","Яндекс","4","3","0.0","5.75","00:03:30"
"цифра ижевск типография","Яндекс","4","2","0.5","1.5","00:00:44"
"7 подлесная 32а ижевск","Яндекс","3","3","0.33333333333333326","1.6666666666666667","00:00:03"
"7-я подлесная улица, 34","Яндекс","3","3","0.6666666666666665","1.3333333333333333","00:00:01"
"salelib3","Яндекс","3","2","0.0","3.3333333333333335","00:04:24"
"wbahf nbgjuhfabz","Яндекс","3","1","0.6666666666666665","3.6666666666666665","00:00:48"
"yandex map","Яндекс","3","1","0.0","2.0","00:00:02"
"вастон ижевск","Яндекс","3","2","0.33333333333333326","4.0","00:01:47"
"ижгту","Яндекс","3","3","0.6666666666666665","1.3333333333333333","00:00:01"
"ижевск, 7-я подлесная, 34а","Яндекс","3","3","1.0","1.0","00:00:00"
"изготовление значков ижевск","Яндекс","3","2","0.0","1.3333333333333333","00:06:00"
"изготовление лавсановых папок","Яндекс","3","1","0.0","2.3333333333333335","00:02:43"
"карта ижевска яндекс","Яндекс","3","2","0.0","2.0","00:07:21"
"карта яндекс","Яндекс","3","3","0.33333333333333326","2.3333333333333335","00:04:50"
"печатать документов","Яндекс","3","1","0.6666666666666665","1.3333333333333333","00:00:04"
"печать","Яндекс","3","2","0.33333333333333326","4.666666666666667","00:00:25"
"печать на ткани ижевск","Яндекс","3","3","0.33333333333333326","2.6666666666666665","00:00:23"
"печать фото ижевск","Яндекс","3","3","0.33333333333333326","3.0","00:05:11"
"подлесная типография цифра","Яндекс","3","1","0.33333333333333326","2.6666666666666665","00:00:32"
"признаки орви для буклета","Яндекс","3","1","1.0","1.0","00:00:00"
"рекламные агентства ижевск","Яндекс","3","3","0.0","3.3333333333333335","00:06:21"
"сделать визитки ижевск","Яндекс","3","1","0.0","1.3333333333333333","00:01:44"
"типография ижевск цены","Яндекс","3","2","0.33333333333333326","2.6666666666666665","00:02:08"
"типография цифра ижевск отзывы","Яндекс","3","3","1.0","1.0","00:00:00"
"ул. 7-я подлесная, д. 34","Яндекс","3","3","0.33333333333333326","4.333333333333333","00:07:04"
"уф печать на ручке","Яндекс","3","3","0.33333333333333326","2.3333333333333335","00:07:04"
"цыфра18.рф","Яндекс","3","2","0.0","1.6666666666666667","00:02:18"
"этикеток-самоклеек в ижевске","Яндекс","3","1","0.0","2.0","00:07:21"
"""ижевск"" типография","Яндекс","2","1","0.0","2.0","00:01:49"
"30 лет победы 32а","Яндекс","2","2","1.0","1.0","00:00:00"
"30 лет победы 43 ижевск","Яндекс","2","2","0.5","6.5","00:02:28"
"7 подлесная 34 ижевск на карте","Яндекс","2","2","1.0","1.0","00:00:00"
"gtxfnyst cfkjys b;tdcr","Яндекс","2","1","0.0","2.5","00:00:25"
"nfyws b;tdcr","Яндекс","2","1","1.0","1.0","00:00:00"
"rfhnf","Яндекс","2","2","0.5","2.0","00:00:00"
"агм гидравлика","Яндекс","2","1","0.0","9.5","00:01:31"
"академия цифра ижевск","Яндекс","2","2","0.5","1.5","00:00:28"
"в каком магазине можно распечатать документ","Яндекс","2","1","0.5","4.5","00:00:23"
"все типографии ижевской области","Яндекс","2","1","0.5","1.0","00:00:09"
"евро флаер размер","Яндекс","2","2","0.5","1.5","00:00:10"
"евро флаер размеры","Яндекс","2","2","0.5","1.0","00:00:08"
"ежедневник недельный горизонтальный","Яндекс","2","1","1.0","1.0","00:00:00"
"иж цифра","Яндекс","2","1","0.5","2.0","00:00:22"
"ижгту 3 корпус","Яндекс","2","2","1.0","1.0","00:00:00"
"ижевск . 7-я подлесная, д. 34.","Яндекс","2","1","0.5","1.5","00:00:28"
"ижевск типографии","Яндекс","2","1","0.5","1.5","00:00:07"
"ижевск, ул. 7-я подлесная, 34","Яндекс","2","2","1.0","1.0","00:00:00"
"изготовление бейджей","Яндекс","2","2","0.0","1.0","00:00:16"
"изготовление значок акрил ижевск","Яндекс","2","1","0.0","4.0","00:00:51"
"изготовление флагов ижевск","Яндекс","2","1","0.0","1.0","00:00:15"
"карт","Яндекс","2","2","0.0","3.0","00:03:17"
"карта иж","Яндекс","2","1","1.0","1.0","00:00:00"
"карты ижевск","Яндекс","2","2","1.0","1.0","00:00:00"
"ксерокопия ижевск","Яндекс","2","2","0.0","2.0","00:00:06"
"ламинирование диплома ижевск цена","Яндекс","2","1","0.5","2.0","00:00:43"
"лихвинцева 56","Яндекс","2","1","1.0","1.0","00:00:00"
"магазин цифра режим работы","Яндекс","2","1","1.0","1.0","00:00:00"
"нечто 2011","Яндекс","2","1","0.0","7.0","00:01:44"
"операция ламинирование цифра","Яндекс","2","1","0.0","3.0","00:01:59"
"печать а4 ижевск","Яндекс","2","2","0.0","9.5","00:15:47"
"печать баннеров ижевск","Яндекс","2","1","0.0","2.0","00:00:53"
"печать документов","Яндекс","2","2","0.5","1.5","00:00:59"
"печать листовок а7 производство орел офсетная","Яндекс","2","1","0.5","1.5","00:00:37"
"печать на бутылках ижевск","Яндекс","2","2","0.0","1.5","00:03:47"
"печать на кружках оптом","Яндекс","2","1","0.0","1.5","00:10:31"
"печать на магнитах ижевск типографии","Яндекс","2","1","0.0","2.0","00:06:15"
"печать на пластике ижевск","Яндекс","2","2","0.0","1.5","00:00:53"
"печать на футболках глазов","Яндекс","2","2","1.0","1.0","00:00:00"
"печать плакатов ижевск","Яндекс","2","1","0.0","9.5","00:01:21"
"печать проектов и чертежей","Яндекс","2","2","1.0","1.0","00:00:00"
"печать фото","Яндекс","2","2","0.5","1.5","00:00:01"
"полиграфия ижевск","Яндекс","2","2","0.0","5.0","00:01:46"
"производственный календарь 2025 год","Яндекс","2","1","1.0","1.0","00:00:00"
"прошивка диплома ижевск","Яндекс","2","2","0.0","3.5","00:00:50"
"раздача листовок ижевск рекламное агентство","Яндекс","2","1","1.0","1.0","00:00:00"
"распечатка ижевск","Яндекс","2","2","0.5","2.0","00:00:00"
"резка плоттером ижевск","Яндекс","2","1","0.5","1.5","00:00:03"
"рекламное агентство ижевск","Яндекс","2","2","0.5","1.5","00:00:02"
"рекламные агенства ижевск","Яндекс","2","2","1.0","1.0","00:00:04"
"сбербанк","Яндекс","2","2","1.0","1.0","00:00:00"
"софт тач ламинация ижевск","Яндекс","2","1","0.0","3.0","00:10:01"
"спотифай","Яндекс","2","2","1.0","1.0","00:00:00"
"техас печать","Яндекс","2","2","1.0","1.0","00:00:00"
"типографии","Яндекс","2","2","0.0","4.5","00:29:32"
"типографии ижевска адреса и телефоны","Яндекс","2","2","0.0","2.0","00:01:16"
"типография ижевск адрес и режим работы","Яндекс","2","1","0.0","4.5","00:01:15"
"типография ижевск официальный сайт","Яндекс","2","2","0.5","1.0","00:00:07"
"трек на стекле цифра 18","Яндекс","2","1","0.5","1.5","00:00:12"
"троллейбус 6 ижевск","Яндекс","2","2","1.0","1.0","00:00:00"
"ул.7-ая подлесная,34,","Яндекс","2","1","0.5","2.5","00:00:01"
"уф печать ижевск","Яндекс","2","2","0.5","1.0","00:00:07"
"фотосалон ижевск","Яндекс","2","2","0.0","4.5","00:00:32"
"цифра 7 подлесная","Яндекс","2","2","0.0","4.5","00:00:42"
"цифра график работы","Яндекс","2","2","0.5","3.0","00:00:13"
"цифра ижевск печатный салон","Яндекс","2","2","0.5","1.5","00:00:23"
"цифра мира магазин где находится","Яндекс","2","1","1.0","1.0","00:00:00"
"цифра на 7 подлесной","Яндекс","2","2","0.0","3.0","00:05:26"
"цифра сувенирная","Яндекс","2","1","0.0","1.0","00:00:15"
"я краты","Яндекс","2","2","0.0","6.5","00:09:29"
"яндекс карта","Яндекс","2","2","1.0","1.0","00:00:00"
"яндекс карта ижевск","Яндекс","2","2","1.0","1.0","00:00:00"
"0 это цифра или число","Яндекс","1","1","0.0","3.0","00:00:13"
"0 это число или цифра","Яндекс","1","1","1.0","1.0","00:00:00"
"100 бейджей ижевск","Яндекс","1","1","0.0","7.0","00:01:25"
"18:04 q настя 31 фотография ижевск, удмуртская республика ста премиума нет, пиши циферки вашего ri))))","Яндекс","1","1","1.0","1.0","00:00:00"
"1ркб в ижевске как добраться","Яндекс","1","1","0.0","3.0","00:00:07"
"256 оттенков цвета красного зеленого синего","Яндекс","1","1","1.0","1.0","00:00:00"
"29 автобус ижевск","Яндекс","1","1","1.0","1.0","00:00:00"
"30 лет 34а","Яндекс","1","1","1.0","1.0","00:00:00"
"30 лет победы 26 ижевск планета здоровья","Яндекс","1","1","1.0","1.0","00:00:00"
"30 лет победы 2а ижевск","Яндекс","1","1","1.0","1.0","00:00:00"
"30 лет победы 31","Яндекс","1","1","1.0","1.0","00:00:00"
"30 лет победы 32","Яндекс","1","1","1.0","1.0","00:00:00"
"30 лет победы 32а ижевск контакт","Яндекс","1","1","1.0","1.0","00:00:00"
"30 лет победы 34","Яндекс","1","1","1.0","1.0","00:00:00"
"30 лет победы 34 ижевск","Яндекс","1","1","0.0","2.0","00:00:54"
"30 лет победы 49","Яндекс","1","1","1.0","1.0","00:00:00"
"30 лет победы д.36","Яндекс","1","1","1.0","1.0","00:00:00"
"30 лет победы остановка","Яндекс","1","1","1.0","1.0","00:00:00"
"30 лет победы ул ижевск с обозначениями домов","Яндекс","1","1","1.0","1.0","00:00:00"
"30 лет победы, 42б ижевск яндекс карта","Яндекс","1","1","1.0","1.0","00:00:00"
"3d печать в ижевске","Яндекс","1","1","1.0","1.0","00:00:00"
"3d печать ижевск","Яндекс","1","1","0.0","2.0","00:00:00"
"3d силиконовый трансфер или puff печать на вещи ижевск","Яндекс","1","1","0.0","1.0","00:00:14"
"3д печать ижевск","Яндекс","1","1","0.0","9.0","00:00:20"
"3д печать на заказ в ижевске","Яндекс","1","1","0.0","4.0","00:10:01"
"3д печать сарапул","Яндекс","1","1","1.0","1.0","00:00:00"
"5 подлесная 5 ижевск","Яндекс","1","1","1.0","1.0","00:00:00"
"5-ая подлесная, 3","Яндекс","1","1","1.0","1.0","00:00:00"
"50 лет пионерии 43 вайлбдреиз","Яндекс","1","1","0.0","2.0","00:00:04"
"58х40 термотрансферные этикетки","Яндекс","1","1","0.0","3.0","00:00:03"
"5post ижевск","Яндекс","1","1","1.0","1.0","00:00:00"
"6 подлесная","Яндекс","1","1","1.0","1.0","00:00:00"
"7 341 232-32-41","Яндекс","1","1","0.0","1.0","00:00:19"
"7 gjlktcyfz? 80","Яндекс","1","1","1.0","1.0","00:00:00"
"7 подлесная 100","Яндекс","1","1","1.0","1.0","00:00:00"
"7 подлесная 26","Яндекс","1","1","1.0","1.0","00:00:00"
"7 подлесная 32а","Яндекс","1","1","1.0","1.0","00:00:00"
"7 подлесная 32а как доехать","Яндекс","1","1","0.0","2.0","00:00:20"
"7 подлесная 34 панорама","Яндекс","1","1","0.0","5.0","00:01:54"
"7 подлесная 34а","Яндекс","1","1","1.0","1.0","00:00:00"
"7 подлесная 71 ижевск на карте","Яндекс","1","1","0.0","2.0","00:00:13"
"7 подлесная 71 ижевск на карте доктор плюс","Яндекс","1","1","1.0","1.0","00:00:00"
"7 подлесная 96","Яндекс","1","1","1.0","1.0","00:00:00"
"7 подлесная 97","Яндекс","1","1","1.0","1.0","00:00:00"
"7 подлесная 97 ижевск на карте","Яндекс","1","1","1.0","1.0","00:00:00"
"7 подлесная, 83","Яндекс","1","1","1.0","1.0","00:00:00"
"7 подлестьая","Яндекс","1","1","1.0","1.0","00:00:00"
"7 я подлесная 32а","Яндекс","1","1","1.0","1.0","00:00:00"
"7 я подлесная 34 ижевск ооо цифра","Яндекс","1","1","1.0","1.0","00:00:00"
"7 я подлесная 97 ижевск","Яндекс","1","1","1.0","1.0","00:00:00"
"7-ая подлесная 34","Яндекс","1","1","0.0","2.0","00:00:35"
"7-ая подлесная 71","Яндекс","1","1","1.0","1.0","00:00:00"
"7-я подлесная 34","Яндекс","1","1","0.0","1.0","00:01:17"
"7-я подлесная 80","Яндекс","1","1","1.0","1.0","00:00:00"
"7-я подлесная ул., 34","Яндекс","1","1","1.0","1.0","00:00:00"
"7-я подлесная ул., 34 +7 (3412) 32-32-41 гис","Яндекс","1","1","1.0","1.0","00:00:00"
"7-я подлесная, 34","Яндекс","1","1","1.0","1.0","00:00:00"
"7-я подлессная 34","Яндекс","1","1","0.0","5.0","00:01:21"
"71 сад ижевск","Яндекс","1","1","1.0","1.0","00:00:00"
"7я подлесная 34а","Яндекс","1","1","1.0","1.0","00:00:00"
"8 подлесная 76 фото дама ижевск","Яндекс","1","1","0.0","2.0","00:00:13"
"8 подлесная 82","Яндекс","1","1","1.0","1.0","00:00:00"
"8 подлесная ижевск","Яндекс","1","1","1.0","1.0","00:00:00"
"8я подлесная","Яндекс","1","1","1.0","1.0","00:00:00"
"8я подлесная 48 а","Яндекс","1","1","1.0","1.0","00:00:00"
"9 gjktcyfz15 yf rfhnt","Яндекс","1","1","1.0","1.0","00:00:00"
"9 подлесная 31а ижевск планета здоровья","Яндекс","1","1","1.0","1.0","00:00:00"
"9я подлесная 31","Яндекс","1","1","1.0","1.0","00:00:00"
"b;une 3 rjhgec","Яндекс","1","1","0.0","2.0","00:02:58"
"bpujnjdktybt ,fyythjd d b;tdcrt","Яндекс","1","1","0.0","1.0","00:00:15"
"bpujnjdktybt pyfxjd d b;tdcrt","Яндекс","1","1","0.0","1.0","00:00:30"
"cneltyxtcrfz 7","Яндекс","1","1","1.0","1.0","00:00:00"
"dtf печать ижевск","Яндекс","1","1","0.0","1.0","00:00:22"
"dtf печать на одежде ижевск","Яндекс","1","1","0.0","2.0","00:03:11"
"flop перевод","Яндекс","1","1","1.0","1.0","00:00:00"
"gtxfnysq cfkjy","Яндекс","1","1","0.0","3.0","00:00:09"
"hfcgtxfnfnm b;tdcr","Яндекс","1","1","0.0","3.0","00:00:00"
"izhcifra","Яндекс","1","1","0.0","2.0","00:02:12"
"mybook","Яндекс","1","1","1.0","1.0","00:00:00"
"nbgjuhfabz","Яндекс","1","1","1.0","1.0","00:00:00"
"wbahf b;tdcr","Яндекс","1","1","0.0","2.0","00:13:53"
"wdtnyfz gtxfnm","Яндекс","1","1","1.0","1.0","00:00:00"
"ya","Яндекс","1","1","1.0","1.0","00:00:00"
"yandex maps","Яндекс","1","1","0.0","2.0","00:00:08"
"yl.xjyjr [jkvjujhjd","Яндекс","1","1","1.0","1.0","00:00:00"
"{печать голографических наклеек ижевск","Яндекс","1","1","0.0","1.0","00:03:18"
" ул. школьная, д. 27.","Яндекс","1","1","1.0","1.0","00:00:00"
"Заказать переплет на металлическую пружинку купить","Яндекс","1","1","0.0","1.0","00:00:16"
"Заказать ручки и ракеты с логотипом в ижевске","Яндекс","1","1","0.0","1.0","00:00:46"
"Изготовление мобильных стендов ижевск","Яндекс","1","1","0.0","5.0","00:09:54"
"Календарь-кубик-трансформер","Яндекс","1","1","0.0","1.0","00:00:16"
"Пазлы типография на заказ","Яндекс","1","1","0.0","1.0","00:00:15"
"Типография цифра","Яндекс","1","1","0.0","1.0","00:00:15"
"Цифра","Яндекс","1","1","0.0","6.0","00:02:38"
"Цифра типография","Яндекс","1","1","0.0","1.0","00:00:15"
"авито доставка ижевск пункты выдачи","Яндекс","1","1","0.0","2.0","00:00:17"
"авито пункты приема заказов ижевск","Яндекс","1","1","1.0","1.0","00:00:00"
"авито услуги цветной печати","Яндекс","1","1","0.0","3.0","00:01:24"
"автобусная остановка аграрный университет ижевс","Яндекс","1","1","1.0","1.0","00:00:00"
"адресная табличка ижевск изготовление","Яндекс","1","1","1.0","1.0","00:00:00"
"акриловые брелки изготовление","Яндекс","1","1","0.0","2.0","00:01:02"
"алнаши принт кружек","Яндекс","1","1","1.0","1.0","00:00:00"
"аптека ижевск ближайший","Яндекс","1","1","1.0","1.0","00:00:00"
"аптеки ижевск на карте","Яндекс","1","1","0.0","2.0","00:00:01"
"аренда помещений ижевск","Яндекс","1","1","1.0","1.0","00:00:00"
"арт портрет в воткинске","Яндекс","1","1","1.0","1.0","00:00:00"
"архитектура ижгту","Яндекс","1","1","0.0","2.0","00:00:16"
"ауз ур рсп мз ур ижевск","Яндекс","1","1","1.0","1.0","00:00:00"
"банки рядом со мной на карте","Яндекс","1","1","1.0","1.0","00:00:00"
"банкоматы сбер на карте","Яндекс","1","1","1.0","1.0","00:00:00"
"банкоматы сбербанка ижевск","Яндекс","1","1","1.0","1.0","00:00:00"
"банкоматы сбербанка ижевск на карте","Яндекс","1","1","1.0","1.0","00:00:00"
"баннер 3*2 заказать","Яндекс","1","1","0.0","1.0","00:00:15"
"баннер заказать","Яндекс","1","1","0.0","4.0","00:00:15"
"баннер заказать в ижевске","Яндекс","1","1","0.0","2.0","00:00:00"
"баннер ижевск заказ","Яндекс","1","1","0.0","3.0","00:05:50"
"баннер ролл ап","Яндекс","1","1","0.0","2.0","00:00:22"
"баннер ролл ап в ижевске бу","Яндекс","1","1","0.0","2.0","00:00:34"
"баннерная сетка проклейка по периметру типография ижевск","Яндекс","1","1","0.0","4.0","00:19:41"
"баня 7 ижевск контакты","Яндекс","1","1","1.0","1.0","00:00:00"
"баня номер7","Яндекс","1","1","1.0","1.0","00:00:00"
"батарейка крона ижевск","Яндекс","1","1","0.0","5.0","00:00:58"
"бейдж ламинированный","Яндекс","1","1","0.0","1.0","00:11:21"
"бейдж на мероприятие печать","Яндекс","1","1","0.0","9.0","00:03:13"
"бережливый студент ижевск","Яндекс","1","1","1.0","1.0","00:00:00"
"берша школа 8 ижевск","Яндекс","1","1","1.0","1.0","00:00:00"
"бетонный завод","Яндекс","1","1","1.0","1.0","00:00:00"
"бирки пришивные ижевск","Яндекс","1","1","0.0","3.0","00:00:03"
"бланки ижевск где купить","Яндекс","1","1","0.0","11.0","00:02:05"
"блокнот органайзер","Яндекс","1","1","0.0","2.0","00:00:00"
"брендирование ручек","Яндекс","1","1","0.0","1.0","00:00:15"
"брошюровка документов где сделать ижевск","Яндекс","1","1","0.0","2.0","00:00:53"
"бугалтерские услуги ижевск","Яндекс","1","1","1.0","1.0","00:00:00"
"бэклит печать ижевск","Яндекс","1","1","0.0","1.0","00:00:26"
"вадима сивкома 275","Яндекс","1","1","0.0","2.0","00:00:04"
"вайлдберриз","Яндекс","1","1","1.0","1.0","00:00:00"
"ватсон фото ижевск","Яндекс","1","1","1.0","1.0","00:00:06"
"визитка в ижевске","Яндекс","1","1","1.0","1.0","00:00:00"
"визитка заказать ижевск","Яндекс","1","1","0.0","2.0","00:00:41"
"визитки","Яндекс","1","1","1.0","1.0","00:00:00"
"визитки вавож","Яндекс","1","1","1.0","1.0","00:00:00"
"визитки ижевск быстро","Яндекс","1","1","0.0","2.0","00:02:40"
"визитки ижевск заказать","Яндекс","1","1","0.0","3.0","00:03:58"
"визитки с покрытием софттач","Яндекс","1","1","1.0","1.0","00:00:00"
"визитки стоимость","Яндекс","1","1","0.0","5.0","00:01:24"
"волушка ижевск","Яндекс","1","1","1.0","1.0","00:00:00"
"восстановить ижевск печать","Яндекс","1","1","0.0","2.0","00:00:01"
"восстановление флешки без потери данных","Яндекс","1","1","1.0","1.0","00:00:00"
"воткинск кружка с именем","Яндекс","1","1","0.0","2.0","00:14:28"
"воткинск, где можно сделать надпись на футболку?","Яндекс","1","1","1.0","1.0","00:00:00"
"вото на документы около игту","Яндекс","1","1","1.0","1.0","00:00:00"
"г ижевск, ул 7-я подлесная, д 32","Яндекс","1","1","1.0","1.0","00:00:00"
"г ижевска 7я подлесная 34","Яндекс","1","1","1.0","1.0","00:00:00"
"г. ижевск рекламная компания","Яндекс","1","1","1.0","1.0","00:00:01"
"г.ижевск ул. 7 подлесная д.34","Яндекс","1","1","1.0","1.0","00:00:00"
"г.ижевск, ул.30 лет победы, д.34а","Яндекс","1","1","0.0","2.0","00:00:08"
"г.ижевск, ул.50 лет пионерии, д.47","Яндекс","1","1","1.0","1.0","00:00:00"
"где в балезино можно сделать скан документа","Яндекс","1","1","1.0","1.0","00:00:00"
"где в балезино можно сделать флаг","Яндекс","1","1","1.0","1.0","00:00:00"
"где в воткинске модно заказать подарок фото на кружке","Яндекс","1","1","1.0","1.0","00:00:00"
"где в глазове делают наклейки для автомобиля под заказ","Яндекс","1","1","1.0","1.0","00:00:00"
"где в глазове можно заказать брендированную футболку ручки шоперы и блокноты","Яндекс","1","1","1.0","1.0","00:00:00"
"где в глазове можно распечатать текст","Яндекс","1","1","1.0","1.0","00:00:00"
"где в глазове сделать футболку с принтом","Яндекс","1","1","1.0","1.0","00:00:00"
"где в городе глазов удмуртия распечатать в бумажном виде письмо с электронной почты","Яндекс","1","1","1.0","1.0","00:00:00"
"где в ижевске заказать кубик рубик из фото","Яндекс","1","1","0.0","1.0","00:00:15"
"где в ижевске можно заказать визитки","Яндекс","1","1","0.0","5.0","00:14:28"
"где в ижевске можно заполнить чистое удостоверение","Яндекс","1","1","1.0","1.0","00:00:00"
"где в ижевске можно напечатать визитки","Яндекс","1","1","1.0","1.0","00:00:00"
"где в ижевске можно распечатать документы с флешки","Яндекс","1","1","0.0","2.0","00:00:00"
"где в ижевске можно распечатать реквизиты с телефона","Яндекс","1","1","1.0","1.0","00:00:00"
"где в ижевске можно сделать 3д стикеры","Яндекс","1","1","0.0","3.0","00:00:11"
"где в ижевске можно сделать ксерокопию документов адреса","Яндекс","1","1","1.0","1.0","00:00:00"
"где в ижевске можно сделать упаковку с дизайном","Яндекс","1","1","1.0","1.0","00:00:00"
"где в ижевске отреставрировать книгу","Яндекс","1","1","1.0","1.0","00:00:00"
"где в ижевске распечатать документы","Яндекс","1","1","0.0","3.0","00:00:08"
"где в ижевске распечатать чертежи на формате а 1","Яндекс","1","1","0.0","2.0","00:00:06"
"где в кезу можно распечатать","Яндекс","1","1","1.0","1.0","00:00:00"
"где в кезу можно сделать кружки с фото","Яндекс","1","1","1.0","1.0","00:00:00"
"где в киясово можно распечатать дипломную работу","Яндекс","1","1","1.0","1.0","00:00:00"
"где в металлурге распечатать диплом и прошить в ижевске","Яндекс","1","1","1.0","1.0","00:00:00"
"где в можге можно сделать рисунок на кружке","Яндекс","1","1","1.0","1.0","00:00:00"
"где в можге можно сделать фото на кружку","Яндекс","1","1","1.0","1.0","00:00:00"
"где в нылге можно распечатать","Яндекс","1","1","1.0","1.0","00:00:00"
"где делают закладки для книг ижевск","Яндекс","1","1","1.0","1.0","00:00:00"
"где делают ксерокопии в глазове","Яндекс","1","1","1.0","1.0","00:00:01"
"где делают фото на холсте и какие есть размеры город сарапул","Яндекс","1","1","1.0","1.0","00:00:00"
"где заправить картридж для принтера в ижевске","Яндекс","1","1","0.0","3.0","00:00:16"
"где заправить лазерный картридж для принтера ижевск","Яндекс","1","1","0.0","3.0","00:00:09"
"где купить флаги к 9 мая в ижевске адреса","Яндекс","1","1","1.0","1.0","00:00:00"
"где можно в воткинске напечатать шкалу на пвх трубе","Яндекс","1","1","0.0","1.0","00:01:11"
"где можно заказать кружки с фотографиями и за сколько в сарапуле","Яндекс","1","1","1.0","1.0","00:00:00"
"где можно заламинировать документ ижевск","Яндекс","1","1","0.0","2.0","00:02:06"
"где можно отксерить документы в глазове","Яндекс","1","1","1.0","1.0","00:00:00"
"где можно погулять в ижевске в металлурге распечатать документы","Яндекс","1","1","0.0","2.0","00:00:00"
"где можно распечатать в глазове","Яндекс","1","1","1.0","1.0","00:00:00"
"где можно распечатать возле ижгту","Яндекс","1","1","1.0","1.0","00:00:00"
"где можно распечатать документы","Яндекс","1","1","0.0","3.0","00:00:00"
"где можно распечатать документы ижевск рядом с ижгту","Яндекс","1","1","0.0","4.0","00:00:22"
"где можно распечатать наклейки","Яндекс","1","1","1.0","1.0","00:00:00"
"где можно распечатать постеры в ижевске","Яндекс","1","1","0.0","8.0","00:01:34"
"где можно распечатать с телефона файл","Яндекс","1","1","1.0","1.0","00:00:00"
"где можно распечатать чертежи формата а1 сарапул","Яндекс","1","1","1.0","1.0","00:00:00"
"где можно распичатвать документы","Яндекс","1","1","0.0","2.0","00:00:00"
"где можно сделать пластиковую обложку для курсовой работы в ижевске","Яндекс","1","1","1.0","1.0","00:00:00"
"где можно сделать сканы документов в глазове","Яндекс","1","1","1.0","1.0","00:00:00"
"где по первому маю можно распечатать документы","Яндекс","1","1","1.0","1.0","00:00:00"
"где подшить дипломную работу в можге","Яндекс","1","1","1.0","1.0","00:00:00"
"где поставить прививку от клещевого энцефалита в ижевске","Яндекс","1","1","1.0","1.0","00:00:00"
"где прошивают на железную пружину","Яндекс","1","1","0.0","1.0","00:00:29"
"где распечататть работу","Яндекс","1","1","0.0","4.0","00:00:07"
"где распечатать документы ижевск","Яндекс","1","1","0.0","3.0","00:00:00"
"где распечатать ижевск","Яндекс","1","1","0.0","4.0","00:01:20"
"где сделать перетяжку книг в ижевске","Яндекс","1","1","1.0","1.0","00:00:00"
"где сделать принт рисунка на куртке в сарапуле","Яндекс","1","1","1.0","1.0","00:00:00"
"где сделать распечатку на глоттере в глазове","Яндекс","1","1","1.0","1.0","00:00:00"
"глазов кружки с надписью","Яндекс","1","1","1.0","1.0","00:00:00"
"глазов печать на холсте","Яндекс","1","1","1.0","1.0","00:00:00"
"глазов портреты на холсте","Яндекс","1","1","0.0","1.0","00:00:20"
"глазов цветная печать на формате а1","Яндекс","1","1","1.0","1.0","00:00:00"
"гор. строителей, 66а","Яндекс","1","1","0.0","7.0","00:00:46"
"гост 3553-87 бумага телефонная","Яндекс","1","1","1.0","1.0","00:00:00"
"гостиницы в ижевске","Яндекс","1","1","1.0","1.0","00:00:00"
"государственные стоматололгичиские поликлиники ижевск","Яндекс","1","1","1.0","1.0","00:00:00"
"гравировка в ижевске","Яндекс","1","1","0.0","1.0","00:00:27"
"гравировка ижевск","Яндекс","1","1","0.0","1.0","00:00:18"
"гравировка на деревянных ручках ижевск","Яндекс","1","1","0.0","5.0","00:00:52"
"гравировка на маркираторе","Яндекс","1","1","0.0","2.0","00:00:11"
"гравировка на металле ижевск адреса цены","Яндекс","1","1","0.0","1.0","00:00:24"
"гравировщик по кружкам в ижевске","Яндекс","1","1","0.0","1.0","00:00:21"
"грибоедова 30 а ижевск","Яндекс","1","1","1.0","1.0","00:00:00"
"гудаута абхазия","Яндекс","1","1","1.0","1.0","00:00:00"
"датабанк на школьной","Яндекс","1","1","1.0","1.0","00:00:00"
"движение транспорта на карте онлайн","Яндекс","1","1","1.0","1.0","00:00:00"
"детский сад с бассйном металлург ижевск","Яндекс","1","1","1.0","1.0","00:00:00"
"дешевый салон пнчать в ижевске","Яндекс","1","1","0.0","4.0","00:03:01"
"джампинг ижевск","Яндекс","1","1","1.0","1.0","00:00:00"
"дизайн и распечатка сертификатов глазов","Яндекс","1","1","1.0","1.0","00:00:00"
"дк интеграл ижевск на карте","Яндекс","1","1","1.0","1.0","00:00:00"
"до скольки работает печатный салон возле вейп шопа возле ижгту","Яндекс","1","1","0.0","2.0","00:00:01"
"доктор плюс 7-я подлесная ул., 71 фото","Яндекс","1","1","1.0","1.0","00:00:00"
"доктор плюс ижевск","Яндекс","1","1","1.0","1.0","00:00:00"
"доктор плюс ижевск 7 подлесная 71","Яндекс","1","1","1.0","1.0","00:00:00"
"доктор плюс короткова 23","Яндекс","1","1","1.0","1.0","00:00:00"
"дом природы ижевск","Яндекс","1","1","0.0","3.0","00:00:09"
"дорога ижевск","Яндекс","1","1","0.0","16.0","00:01:44"
"дтф ижевск","Яндекс","1","1","0.0","9.0","00:03:12"
"дтф печать на заказ","Яндекс","1","1","0.0","1.0","00:00:15"
"дши 4 ижевск","Яндекс","1","1","1.0","1.0","00:00:00"
"е1 хмао","Яндекс","1","1","0.0","6.0","00:07:58"
"евролистовки ижевск","Яндекс","1","1","0.0","1.0","00:00:15"
"еврофлаер размеры в пикселях","Яндекс","1","1","1.0","1.0","00:00:00"
"еврофлаер размеры для печати","Яндекс","1","1","1.0","1.0","00:00:00"
"жк берша ижевск","Яндекс","1","1","1.0","1.0","00:00:00"
"заказ визиток ижевск","Яндекс","1","1","0.0","3.0","00:26:27"
"заказ печати идевск","Яндекс","1","1","0.0","2.0","00:00:00"
"заказать баннер в можге","Яндекс","1","1","1.0","1.0","00:00:00"
"заказать брендированный шоколад в ижевске","Яндекс","1","1","0.0","3.0","00:04:57"
"заказать визитки в ижевске недорого","Яндекс","1","1","0.0","5.0","00:05:23"
"заказать визитки онлайн ижевск","Яндекс","1","1","0.0","2.0","00:00:22"
"заказать виниловые наклейки со своим дизайном","Яндекс","1","1","0.0","2.0","00:00:21"
"заказать значок со своим дизайном ижевск","Яндекс","1","1","0.0","1.0","00:00:14"
"заказать именную кружку в сарапуле","Яндекс","1","1","0.0","1.0","00:02:49"
"заказать картину на холсте по фотографии","Яндекс","1","1","1.0","1.0","00:00:00"
"заказать печать для ип в ижевске","Яндекс","1","1","0.0","2.0","00:00:00"
"заказать печать для ооо","Яндекс","1","1","0.0","4.0","00:00:55"
"заказать портрет мужа в костюме сво воткинск","Яндекс","1","1","1.0","1.0","00:00:00"
"заказать фирменную коробку в типографии цена ижевск","Яндекс","1","1","0.0","1.0","00:00:15"
"заламинировать а3 формат ижевск","Яндекс","1","1","0.0","1.0","00:00:18"
"запись на диск lbgkjv","Яндекс","1","1","1.0","1.0","00:00:00"
"запишите в ответ цифры под которыми указаны выбранные характеристики рисунок 4","Яндекс","1","1","0.0","2.0","00:00:01"
"зделать 3 д наклейки для телефон ижевск","Яндекс","1","1","0.0","5.0","00:03:18"
"значки для авито объявлений цветные","Яндекс","1","1","0.0","2.0","00:00:53"
"значок функция","Яндекс","1","1","1.0","1.0","00:00:00"
"и жевск 7 подлесная 34в/1","Яндекс","1","1","1.0","1.0","00:00:00"
"идевск типография","Яндекс","1","1","0.0","2.0","00:01:18"
"ижгту 9 корпус","Яндекс","1","1","0.0","7.0","00:02:04"
"ижгту карта","Яндекс","1","1","0.0","2.0","00:00:13"
"ижгту корпус 6 на крате","Яндекс","1","1","1.0","1.0","00:00:00"
"ижгту на карте","Яндекс","1","1","1.0","1.0","00:00:00"
"ижгту на карте ижевска","Яндекс","1","1","1.0","1.0","00:00:00"
"ижгту печатный салон","Яндекс","1","1","0.0","5.0","00:00:19"
"ижевс","Яндекс","1","1","0.0","2.0","00:01:33"
"ижевск 30 лет победы 32а","Яндекс","1","1","1.0","1.0","00:00:00"
"ижевск 30 лет победы дом 19","Яндекс","1","1","1.0","1.0","00:00:00"
"ижевск 7 подлесная 71 на карте","Яндекс","1","1","0.0","4.0","00:16:47"
"ижевск 7-я подлесная 34а","Яндекс","1","1","1.0","1.0","00:00:00"
"ижевск диджитал агенство","Яндекс","1","1","1.0","1.0","00:00:00"
"ижевск жк истории","Яндекс","1","1","1.0","1.0","00:00:00"
"ижевск изготовить баннер натяжной на люверсах 150*170","Яндекс","1","1","0.0","1.0","00:00:20"
"ижевск изготовление визиток 4*4 см","Яндекс","1","1","0.0","1.0","00:00:15"
"ижевск изготовление железных уличных закрытых стендов для афиш","Яндекс","1","1","1.0","1.0","00:00:00"
"ижевск изготовление рамок алюминиевых","Яндекс","1","1","0.0","1.0","00:00:24"
"ижевск карлудская набережная","Яндекс","1","1","1.0","1.0","00:00:00"
"ижевск карта города","Яндекс","1","1","1.0","1.0","00:00:00"
"ижевск карта яндекс 30 лет победы","Яндекс","1","1","1.0","1.0","00:00:00"
"ижевск на карте","Яндекс","1","1","1.0","1.0","00:00:00"
"ижевск оклейка машин пленкой оракал","Яндекс","1","1","0.0","3.0","00:01:04"
"ижевск парк кирова","Яндекс","1","1","1.0","1.0","00:00:00"
"ижевск печатный салон","Яндекс","1","1","0.0","5.0","00:01:27"
"ижевск печать","Яндекс","1","1","0.0","10.0","00:01:43"
"ижевск печать манитов","Яндекс","1","1","0.0","2.0","00:00:49"
"ижевск печать на прозрачном пластике","Яндекс","1","1","0.0","1.0","00:00:15"
"ижевск печать на самоклеющейся пленке","Яндекс","1","1","0.0","1.0","00:00:40"
"ижевск печать плакатов цена","Яндекс","1","1","0.0","1.0","00:00:16"
"ижевск печать фото","Яндекс","1","1","0.0","6.0","00:01:09"
"ижевск пластиковый шильдик реклама","Яндекс","1","1","0.0","1.0","00:00:16"
"ижевск полиграфия","Яндекс","1","1","0.0","6.0","00:02:10"
"ижевск расписание трамваев","Яндекс","1","1","1.0","1.0","00:00:00"
"ижевск ркб 1","Яндекс","1","1","0.0","2.0","00:00:17"
"ижевск рулонный ламинирование","Яндекс","1","1","0.0","1.0","00:00:26"
"ижевск салон 18 печать на футболках","Яндекс","1","1","1.0","1.0","00:00:00"
"ижевск сион пресс-волл шторный","Яндекс","1","1","0.0","1.0","00:00:22"
"ижевск студенческая 7","Яндекс","1","1","1.0","1.0","00:00:00"
"ижевск типография магниты","Яндекс","1","1","1.0","1.0","00:00:00"
"ижевск транспорт онлайн","Яндекс","1","1","1.0","1.0","00:00:00"
"ижевск ул 30 лет победы 32 а","Яндекс","1","1","1.0","1.0","00:00:00"
"ижевск ул 7 ая подлесная 34","Яндекс","1","1","1.0","1.0","00:00:00"
"ижевск ул 7 я подлесная 34","Яндекс","1","1","1.0","1.0","00:00:00"
"ижевск ул дружбы 6","Яндекс","1","1","0.0","3.0","00:02:51"
"ижевск ул труда 40","Яндекс","1","1","0.0","2.0","00:00:08"
"ижевск улица песочная дом 30 3d","Яндекс","1","1","1.0","1.0","00:00:00"
"ижевск цветная печать а3","Яндекс","1","1","1.0","1.0","00:00:00"
"ижевск, 7-я подлесная улица, 34","Яндекс","1","1","1.0","1.0","00:00:00"
"ижевск, 8-я подлесная ул., 78а","Яндекс","1","1","1.0","1.0","00:00:00"
"ижевск, г. ижевск, ул. 7-я подлесная, з/у 34а","Яндекс","1","1","1.0","1.0","00:00:00"
"ижевск, ул.7-ая подлесная,34.","Яндекс","1","1","0.0","2.0","00:00:01"
"ижевск. где можно распечатать текст?","Яндекс","1","1","0.0","3.0","00:00:50"
"ижевский пруд на карте","Яндекс","1","1","1.0","1.0","00:00:00"
"ижевсктипография","Яндекс","1","1","0.0","3.0","00:02:37"
"ижтгу как добраться","Яндекс","1","1","1.0","1.0","00:00:00"
"ижцифра ул 7я подлесная 34","Яндекс","1","1","1.0","1.0","00:00:07"
"изготовить визитки в ижевске","Яндекс","1","1","0.0","3.0","00:00:56"
"изготовить пластиковые карты ижевск","Яндекс","1","1","0.0","1.0","00:00:15"
"изготовить серебристую наклейку ижевск","Яндекс","1","1","0.0","1.0","00:00:15"
"изготовление акриловых брелков","Яндекс","1","1","0.0","1.0","00:00:15"
"изготовление банеров в ижевске","Яндекс","1","1","0.0","2.0","00:00:32"
"изготовление баннеров в воткинске","Яндекс","1","1","1.0","1.0","00:00:00"
"изготовление баннеров в ижевске","Яндекс","1","1","0.0","8.0","00:04:25"
"изготовление баннеров в ижевске на заказ","Яндекс","1","1","1.0","1.0","00:00:00"
"изготовление баннеров сарапул друзья","Яндекс","1","1","1.0","1.0","00:00:00"
"изготовление знаков и табличек в ижевске","Яндекс","1","1","0.0","2.0","00:00:00"
"изготовление изделий из оргстекла ижевск","Яндекс","1","1","0.0","1.0","00:00:16"
"изготовление информационного куба 2*2 метра цена удмуртия","Яндекс","1","1","1.0","1.0","00:00:00"
"изготовление конвертов ижевск","Яндекс","1","1","0.0","7.0","00:03:50"
"изготовление наклеек в ижевске","Яндекс","1","1","0.0","2.0","00:02:51"
"изготовление пакетов на заказ","Яндекс","1","1","0.0","2.0","00:00:37"
"изготовление печати флаг ижевск","Яндекс","1","1","0.0","5.0","00:07:00"
"изготовление ролл ап цена","Яндекс","1","1","0.0","1.0","00:00:15"
"изготовление стендов в ижевске","Яндекс","1","1","0.0","2.0","00:00:51"
"изготовление стендов ижевск","Яндекс","1","1","0.0","1.0","00:00:15"
"изготовление стендов по заказу в удмуртии","Яндекс","1","1","0.0","1.0","00:02:24"
"изготовление табличек ижевск","Яндекс","1","1","0.0","1.0","00:01:14"
"империал ижевск","Яндекс","1","1","1.0","1.0","00:00:00"
"индекс как писать цифры на конверте","Яндекс","1","1","0.0","2.0","00:00:08"
"инженерная печать чертежей","Яндекс","1","1","1.0","1.0","00:00:00"
"интеграл ижевск","Яндекс","1","1","1.0","1.0","00:00:00"
"интересный настенный календарь","Яндекс","1","1","0.0","2.0","00:01:23"
"интерьерная печать в балезино, удмуртия","Яндекс","1","1","1.0","1.0","00:00:00"
"используя цифры и знаки изображенные на рисунке составьте дробное выражение 5 7","Яндекс","1","1","1.0","1.0","00:00:00"
"итроллейбус 6","Яндекс","1","1","0.0","2.0","00:04:22"
"йога в гамаках","Яндекс","1","1","1.0","1.0","00:00:00"
"как выглядит уф печать на флешке","Яндекс","1","1","0.0","1.0","00:00:15"
"как доехать на трамвае до ижгту на 10 трамваи ижевск карта","Яндекс","1","1","1.0","1.0","00:00:00"
"как изобращить тело с вырезом на чертеже","Яндекс","1","1","0.0","3.0","00:00:08"
"как называется место, как файлик прозрачный, но пластиковый, туда вставляется обновленная афиша","Яндекс","1","1","0.0","1.0","00:00:15"
"как найти улицу 30 лет победы д.2 в городе ижевске","Яндекс","1","1","1.0","1.0","00:00:00"
"как рисовать микросхемы на чертеже","Яндекс","1","1","1.0","1.0","00:00:00"
"как слепить пенокартон 2 листа","Яндекс","1","1","0.0","2.0","00:03:30"
"как упаковать футболку для продажи","Яндекс","1","1","0.0","1.0","00:00:28"
"какие недостатки демонстрировать цифровую типографию в широком смысле в зимний сезон зимой","Яндекс","1","1","1.0","1.0","00:00:00"
"какие цифры делятся на 3","Яндекс","1","1","1.0","1.0","00:00:00"
"какие части изображенной на рисунке почки человека обозначены цифрами 1 и 2 укажите функции","Яндекс","1","1","0.0","2.0","00:00:00"
"какие+обозначения+больших+цифр+по-типу+1000+-+1к,+1000000+-+1кк","Яндекс","1","1","0.0","2.0","00:00:04"
"каким шрифтом нарисована цифра lego на бумажных пакетах","Яндекс","1","1","1.0","1.0","00:00:00"
"какова цена на баннер с надписью с юбилеем 80 и фотографией в ижевске","Яндекс","1","1","0.0","8.0","00:00:57"
"календари настенные свежие идеи","Яндекс","1","1","0.0","1.0","00:06:36"
"календари с названием фирмы идеи","Яндекс","1","1","0.0","1.0","00:00:23"
"календарная сетка на 2026 год на прозрачном фоне","Яндекс","1","1","1.0","1.0","00:00:00"
"календарь 2027 макет для топливной компании","Яндекс","1","1","0.0","1.0","00:00:16"
"календарь домик 2026 печать ижевск","Яндекс","1","1","0.0","1.0","00:00:15"
"календарь квартальный мини","Яндекс","1","1","0.0","1.0","00:00:30"
"календарь на 2025","Яндекс","1","1","0.0","2.0","00:00:01"
"календарь на 2027 помесячно","Яндекс","1","1","1.0","1.0","00:00:00"
"кальку","Яндекс","1","1","1.0","1.0","00:00:00"
"канцелярские товары ижевск рядом","Яндекс","1","1","0.0","3.0","00:02:45"
"кариты","Яндекс","1","1","1.0","1.0","00:00:00"
"карманы из пэт о,7","Яндекс","1","1","0.0","1.0","00:00:22"
"кармашек под техосмотр на стекло","Яндекс","1","1","0.0","1.0","00:00:15"
"карта г ижевска с улицами и номерами домов","Яндекс","1","1","1.0","1.0","00:00:00"
"карта ижевс","Яндекс","1","1","1.0","1.0","00:00:00"
"карта ижевск столовая сей час","Яндекс","1","1","1.0","1.0","00:00:00"
"карта ижевск улица 7-ая подлесная 85","Яндекс","1","1","1.0","1.0","00:00:00"
"карта ижевска с районами города и улицами","Яндекс","1","1","1.0","1.0","00:00:00"
"карта ижевска с улицами и домами посмотреть и номерами домов онлайн бесплатно","Яндекс","1","1","1.0","1.0","00:00:00"
"карта ижевска с улицами и номерами домов","Яндекс","1","1","1.0","1.0","00:00:00"
"карта октябрьского района ижевска с улицами и домами подробно","Яндекс","1","1","0.0","2.0","00:01:23"
"карта осадков","Яндекс","1","1","1.0","1.0","00:00:00"
"карта очера","Яндекс","1","1","0.0","3.0","00:00:06"
"карта транспорта ижевск","Яндекс","1","1","1.0","1.0","00:00:00"
"картина на стену по фото с телефона в можге","Яндекс","1","1","1.0","1.0","00:00:00"
"картины матисса фото с названиями самые знаменитые","Яндекс","1","1","1.0","1.0","00:00:00"
"картины на заказ на холсте по фотографии","Яндекс","1","1","0.0","1.0","00:00:15"
"картины по номерам ижевск","Яндекс","1","1","1.0","1.0","00:00:00"
"картины по фото ува","Яндекс","1","1","1.0","1.0","00:00:00"
"картонный конверт для футболки","Яндекс","1","1","0.0","1.0","00:00:15"
"карты ижевска","Яндекс","1","1","1.0","1.0","00:00:00"
"кафе ижевск","Яндекс","1","1","1.0","1.0","00:00:00"
"кб каталог","Яндекс","1","1","0.0","3.0","00:00:21"
"квартальные сетки 2027 скачать","Яндекс","1","1","0.0","1.0","00:00:15"
"квартальный календарь 2027","Яндекс","1","1","1.0","1.0","00:00:00"
"квартальный календарь 2027 миллион открыток элитар стайл","Яндекс","1","1","0.0","1.0","00:00:15"
"квартальный календарь 2027 с рекламой продукции компании","Яндекс","1","1","0.0","2.0","00:00:33"
"кирово-чепецк - ижевск","Яндекс","1","1","1.0","1.0","00:00:00"
"киясово распечатать фото на кружку","Яндекс","1","1","1.0","1.0","00:00:00"
"ккарта","Яндекс","1","1","1.0","1.0","00:00:00"
"ккарты","Яндекс","1","1","1.0","1.0","00:00:00"
"кокос лаунж ижевск","Яндекс","1","1","1.0","1.0","00:00:00"
"колорит сарапул","Яндекс","1","1","0.0","3.0","00:01:51"
"компания цифра ижевск","Яндекс","1","1","0.0","6.0","00:03:08"
"компания цифра отзывы","Яндекс","1","1","1.0","1.0","00:00:00"
"композитная табличка с заклейкой торцов","Яндекс","1","1","1.0","1.0","00:00:00"
"конверт для свадьбы сделать где можно","Яндекс","1","1","0.0","1.0","00:00:15"
"конверт на печать с днем рождения site:yandex.ru/maps/","Яндекс","1","1","1.0","1.0","00:00:00"
"контур","Яндекс","1","1","0.0","3.0","00:10:09"
"копии документов ижевск","Яндекс","1","1","0.0","1.0","00:00:18"
"копировальные услуги посёлок яр","Яндекс","1","1","1.0","1.0","00:00:00"
"корпус 2 ижгту студенческая ул 48 фото","Яндекс","1","1","1.0","1.0","00:00:00"
"красногеройская, 61 район ижевска","Яндекс","1","1","1.0","1.0","00:00:00"
"крафтовых конверта в ижевск","Яндекс","1","1","0.0","2.0","00:00:08"
"кругозор рекламма","Яндекс","1","1","0.0","2.0","00:00:06"
"кружка с принтом на заказ глазов","Яндекс","1","1","1.0","1.0","00:00:00"
"кружка с фото ижевск","Яндекс","1","1","0.0","5.0","00:01:52"
"кружки на заказ алнаши","Яндекс","1","1","1.0","1.0","00:00:00"
"ксерокопии документов завьялово","Яндекс","1","1","1.0","1.0","00:00:00"
"ксерокопия рядом со мной на карте","Яндекс","1","1","0.0","3.0","00:01:34"
"кто установил камеру на доме 7-я подлесная 34","Яндекс","1","1","0.0","5.0","00:06:15"
"кубик с гравировкой ижевск","Яндекс","1","1","0.0","1.0","00:00:17"
"кубик трансформер 2х2 спб типография","Яндекс","1","1","0.0","1.0","00:00:21"
"купить дипломную папку","Яндекс","1","1","1.0","1.0","00:00:00"
"купить ёлку искусственную","Яндекс","1","1","0.0","2.0","00:00:14"
"курьерские пакеты ижевск","Яндекс","1","1","0.0","3.0","00:06:52"
"лавсановая папка","Яндекс","1","1","1.0","1.0","00:00:00"
"лавсановый уголок что это","Яндекс","1","1","0.0","1.0","00:00:15"
"лазерная гравировка в ижевске","Яндекс","1","1","0.0","2.0","00:00:48"
"лазерная гравировка ручки ижевск","Яндекс","1","1","0.0","5.0","00:01:28"
"лазерная маркировка в ижевске","Яндекс","1","1","0.0","1.0","00:00:15"
"ламинирование бумаги а3 ижевск","Яндекс","1","1","0.0","2.0","00:04:36"
"лейкоциты норма","Яндекс","1","1","0.0","1.0","00:00:15"
"ленина 42","Яндекс","1","1","1.0","1.0","00:00:00"
"ленина 68","Яндекс","1","1","1.0","1.0","00:00:00"
"лента для бейджа с логотипом рособоронэкспорт","Яндекс","1","1","0.0","1.0","00:00:15"
"ленты для бейджей с логотипом в ижевске","Яндекс","1","1","0.0","1.0","00:00:15"
"логотип google","Яндекс","1","1","1.0","1.0","00:00:00"
"логотип на ручке","Яндекс","1","1","1.0","1.0","00:00:00"
"логотип термопленкой на одежде ижевск","Яндекс","1","1","0.0","1.0","00:00:15"
"магазин ай кай","Яндекс","1","1","1.0","1.0","00:00:00"
"магазин цветов ижевск","Яндекс","1","1","1.0","1.0","00:00:00"
"магнит 5*5 см виниловый фото","Яндекс","1","1","1.0","1.0","00:00:02"
"магнит виниловой","Яндекс","1","1","1.0","1.0","00:00:03"
"магнит виниловый изготовление","Яндекс","1","1","0.0","1.0","00:00:18"
"магнит кругосуточный","Яндекс","1","1","1.0","1.0","00:00:00"
"макет футляр под ручку из картона","Яндекс","1","1","0.0","1.0","00:00:15"
"маршрут 29 автобуса ижевск","Яндекс","1","1","1.0","1.0","00:00:00"
"маршрут по ижевскуъ","Яндекс","1","1","0.0","3.0","00:05:55"
"масштабы в чертеже какие бывают","Яндекс","1","1","1.0","1.0","00:00:00"
"матовые цифры 18","Яндекс","1","1","1.0","1.0","00:00:00"
"металлистов 33 ижевск","Яндекс","1","1","1.0","1.0","00:00:00"
"металур 7 ая подлесная 34","Яндекс","1","1","1.0","1.0","00:00:00"
"мини флаер","Яндекс","1","1","0.0","2.0","00:00:22"
"минимальный тираж это сколько в ижевске","Яндекс","1","1","0.0","14.0","00:09:20"
"многоразоваря пропись напечатать в ижевске","Яндекс","1","1","1.0","1.0","00:00:00"
"можга где можно распечатать текст в цвете на бумаге а4","Яндекс","1","1","1.0","1.0","00:00:00"
"можно ли в ижевске сделать свой календарь","Яндекс","1","1","0.0","3.0","00:00:44"
"можно ли распечатать документы в мфц с флешки в глазове","Яндекс","1","1","1.0","1.0","00:00:00"
"монтаж баннера на фасаде цена ижевск","Яндекс","1","1","1.0","1.0","00:00:00"
"муз школа 30 лет победы ижевск","Яндекс","1","1","0.0","2.0","00:01:21"
"на дверь вешать объявления как называется на что вешают","Яндекс","1","1","1.0","1.0","00:00:00"
"на плоттере резка ижевск","Яндекс","1","1","1.0","1.0","00:00:00"
"на пэт сделать накатку текста к 1 сентября в ижевске","Яндекс","1","1","0.0","1.0","00:00:20"
"на что похожа цифра 4 картинках","Яндекс","1","1","1.0","1.0","00:00:00"
"наговицын памятник в ижевске","Яндекс","1","1","1.0","1.0","00:00:00"
"наклеить принт на одежду","Яндекс","1","1","0.0","3.0","00:01:16"
"наклейки на авто ижевск","Яндекс","1","1","1.0","1.0","00:00:00"
"наклейки на машину на заказ ижевск","Яндекс","1","1","0.0","6.0","00:00:23"
"нанесение логотипа на сигнальный жилет в ижевске","Яндекс","1","1","0.0","3.0","00:03:13"
"нанесение логотипа на табличку круглую больших размеров удмуртия цена","Яндекс","1","1","0.0","1.0","00:00:15"
"нанесение рисунка на пвх плёнку","Яндекс","1","1","0.0","1.0","00:00:15"
"нанесение рисунка на пвх плёнку ижевск","Яндекс","1","1","0.0","2.0","00:00:34"
"нанести принт на футболку цена в ижевске","Яндекс","1","1","0.0","4.0","00:00:29"
"напечатать баннер с люверсами ижевск","Яндекс","1","1","0.0","1.0","00:00:24"
"напечатать визитки в ижевске","Яндекс","1","1","1.0","1.0","00:00:03"
"напечатать лист а3","Яндекс","1","1","1.0","1.0","00:00:00"
"напечатать листовки на а7 в ижевске","Яндекс","1","1","0.0","1.0","00:00:15"
"напечатать на листе чб вариант ижевск","Яндекс","1","1","0.0","1.0","00:00:15"
"напечатать на футболке принт","Яндекс","1","1","0.0","5.0","00:03:20"
"напечатать открытку со своим дизайном ижевск","Яндекс","1","1","0.0","2.0","00:06:17"
"напечатать открытку типография в ижевске","Яндекс","1","1","1.0","1.0","00:00:00"
"напечатать фотографии ижевск","Яндекс","1","1","1.0","1.0","00:00:00"
"напечатать фотообои ижевск","Яндекс","1","1","0.0","6.0","00:34:05"
"наружная реклама","Яндекс","1","1","0.0","2.0","00:03:10"
"необычные календари","Яндекс","1","1","0.0","1.0","00:00:15"
"нижняя 2 ижевск","Яндекс","1","1","1.0","1.0","00:00:00"
"нижняя 34-383 ижевск","Яндекс","1","1","0.0","2.0","00:00:03"
"новости ижевска и удмуртии","Яндекс","1","1","1.0","1.0","00:00:00"
"нуреева альбина рифгатовна кардиолог отзывы","Яндекс","1","1","1.0","1.0","00:00:00"
"обложка для вкр твердый переплет нде купить в ижевске","Яндекс","1","1","1.0","1.0","00:00:00"
"обложка для свидетельства купить в ижевске","Яндекс","1","1","0.0","2.0","00:00:02"
"общественный транспорт ижевск онлайн","Яндекс","1","1","1.0","1.0","00:00:00"
"объемные шапки календарь шпигель вырубной объемный элемент","Яндекс","1","1","0.0","1.0","00:02:15"
"оклейка газели световозвращающими лентами в ижевске","Яндекс","1","1","0.0","5.0","00:04:12"
"оклейка грузовиков ижевск","Яндекс","1","1","0.0","1.0","00:00:17"
"ооо ""цифра""","Яндекс","1","1","1.0","1.0","00:00:00"
"ооо «цифра» телефон","Яндекс","1","1","0.0","2.0","00:05:03"
"ооо финко цагалов","Яндекс","1","1","1.0","1.0","00:00:00"
"ооо цифра ижевск телефон","Яндекс","1","1","0.0","1.0","00:22:11"
"отзывы на яндекс картах","Яндекс","1","1","0.0","6.0","00:02:23"
"отремонтировать переплет книги","Яндекс","1","1","0.0","5.0","00:07:34"
"отсканировать быстро много документов ижевск","Яндекс","1","1","1.0","1.0","00:00:00"
"отсканировать ижевск","Яндекс","1","1","0.0","3.0","00:00:24"
"отсканировать качественно фотографию ижевск","Яндекс","1","1","1.0","1.0","00:00:00"
"оттиск на ежедневнике ижевск","Яндекс","1","1","0.0","3.0","00:04:59"
"пазлы из фотографий на заказ ижевск","Яндекс","1","1","0.0","1.0","00:00:30"
"пакет подарочный печать","Яндекс","1","1","0.0","2.0","00:00:06"
"пакеты с логотипом на заказ ижевск","Яндекс","1","1","0.0","1.0","00:00:15"
"панорама ижеавск","Яндекс","1","1","1.0","1.0","00:00:00"
"папка лавсановая с логотипом","Яндекс","1","1","0.0","1.0","00:00:15"
"папки на резинке с логотипом на заказ цена ижевск","Яндекс","1","1","0.0","5.0","00:03:05"
"парикмахерская ижевск","Яндекс","1","1","1.0","1.0","00:00:00"
"пастухова 41 ижевск на карте","Яндекс","1","1","0.0","2.0","00:01:14"
"пауэр банк с логотипом на заказ ижевск","Яндекс","1","1","0.0","4.0","00:09:30"
"переносная стена ижевск","Яндекс","1","1","0.0","1.0","00:00:15"
"переплести дипломную работу палиграфия 7 подлесная 44","Яндекс","1","1","0.0","2.0","00:00:20"
"переплет диплома ижевск","Яндекс","1","1","0.0","7.0","00:00:31"
"переплетные работы ижевск","Яндекс","1","1","1.0","1.0","00:00:00"
"перфорация глазов печать","Яндекс","1","1","0.0","3.0","00:16:05"
"песчаная 11","Яндекс","1","1","1.0","1.0","00:00:00"
"печавный солон","Яндекс","1","1","1.0","1.0","00:00:00"
"печатать документы","Яндекс","1","1","0.0","2.0","00:00:00"
"печатать постеры в ижевске","Яндекс","1","1","1.0","1.0","00:00:00"
"печатать текст зад еньги","Яндекс","1","1","0.0","10.0","00:00:40"
"печати","Яндекс","1","1","0.0","5.0","00:00:13"
"печати на плашетах","Яндекс","1","1","0.0","21.0","00:02:49"
"печатная компания цыфра шоколад","Яндекс","1","1","0.0","2.0","00:00:04"
"печатное производство","Яндекс","1","1","0.0","2.0","00:01:35"
"печатны салон ижевск","Яндекс","1","1","1.0","1.0","00:00:00"
"печатные салон ижевск","Яндекс","1","1","0.0","4.0","00:00:31"
"печатные салоны режим работы","Яндекс","1","1","0.0","14.0","00:00:33"
"печатный салон в радуге ижевск","Яндекс","1","1","1.0","1.0","00:00:00"
"печатный салон ижевск рядом с удгау","Яндекс","1","1","1.0","1.0","00:00:00"
"печатный салон ижевск рядом со мной","Яндекс","1","1","1.0","1.0","00:00:00"
"печатный салон ижевск с 8 утра","Яндекс","1","1","0.0","2.0","00:00:08"
"печатный салон металлург","Яндекс","1","1","1.0","1.0","00:00:00"
"печатный салон техас ижевск","Яндекс","1","1","0.0","2.0","00:00:00"
"печатный свлон ижевск","Яндекс","1","1","1.0","1.0","00:00:00"
"печатня типография ижевск","Яндекс","1","1","0.0","6.0","00:03:11"
"печать а3 ижевск","Яндекс","1","1","1.0","1.0","00:00:00"
"печать а3 компас глазов","Яндекс","1","1","1.0","1.0","00:00:00"
"печать а4 фото на принтере ижевск цена","Яндекс","1","1","0.0","1.0","00:00:26"
"печать а4 цена глянец","Яндекс","1","1","1.0","1.0","00:00:00"
"печать а5 типография стоимость","Яндекс","1","1","0.0","1.0","00:00:15"
"печать бланков а4 цена","Яндекс","1","1","1.0","1.0","00:00:00"
"печать блокнотов ижевск","Яндекс","1","1","0.0","2.0","00:00:36"
"печать в ижевске цветная а3","Яндекс","1","1","1.0","1.0","00:00:00"
"печать визиток стоимость за 100 штук","Яндекс","1","1","0.0","2.0","00:00:23"
"печать выкроек на плоттере","Яндекс","1","1","1.0","1.0","00:00:06"
"печать диплома и сшивание","Яндекс","1","1","0.0","2.0","00:00:17"
"печать документов ижевск","Яндекс","1","1","0.0","3.0","00:00:03"
"печать значков ижевск","Яндекс","1","1","0.0","25.0","00:05:47"
"печать и ламинирование","Яндекс","1","1","1.0","1.0","00:00:00"
"печать ижевск документов","Яндекс","1","1","0.0","2.0","00:00:38"
"печать картин на холсте","Яндекс","1","1","0.0","1.0","00:00:17"
"печать картины на металле ижевск","Яндекс","1","1","1.0","1.0","00:00:00"
"печать книги глазов","Яндекс","1","1","1.0","1.0","00:00:00"
"печать листовок срочно","Яндекс","1","1","1.0","1.0","00:00:00"
"печать логотипов на флажках в ижевске","Яндекс","1","1","0.0","2.0","00:03:14"
"печать лпастиковых карт ижевск","Яндекс","1","1","0.0","7.0","00:02:25"
"печать на а1 ижевск","Яндекс","1","1","1.0","1.0","00:00:00"
"печать на а2 ижевск","Яндекс","1","1","0.0","7.0","00:00:56"
"печать на баннере ижевск","Яндекс","1","1","0.0","2.0","00:00:27"
"печать на баннере ижевск цена","Яндекс","1","1","0.0","1.0","00:00:25"
"печать на баннере с люверсами 3 2 цена ижевск","Яндекс","1","1","0.0","1.0","00:00:15"
"печать на бокале ижевск","Яндекс","1","1","0.0","2.0","00:00:56"
"печать на бутылках в завьялово","Яндекс","1","1","1.0","1.0","00:00:00"
"печать на бутылках для воды ижевск","Яндекс","1","1","0.0","1.0","00:00:21"
"печать на дтф пленке на заказ ижевск","Яндекс","1","1","0.0","1.0","00:00:18"
"печать на ежедневниках","Яндекс","1","1","0.0","6.0","00:06:17"
"печать на картоне ижевск","Яндекс","1","1","0.0","3.0","00:00:00"
"печать на кружках","Яндекс","1","1","1.0","1.0","00:00:00"
"печать на кружках глазов","Яндекс","1","1","1.0","1.0","00:00:00"
"печать на кружке","Яндекс","1","1","0.0","2.0","00:00:51"
"печать на мдф","Яндекс","1","1","0.0","1.0","00:00:15"
"печать на мдф ижевск","Яндекс","1","1","0.0","1.0","00:00:18"
"печать на металле ижевск","Яндекс","1","1","0.0","2.0","00:02:08"
"печать на одежде можга","Яндекс","1","1","1.0","1.0","00:00:00"
"печать на одежде шелкография ижевск","Яндекс","1","1","0.0","2.0","00:00:25"
"печать на пазлах","Яндекс","1","1","0.0","6.0","00:05:34"
"печать на папках пластик, полипропилен","Яндекс","1","1","0.0","1.0","00:00:15"
"печать на пленке ижевск цена","Яндекс","1","1","0.0","4.0","00:04:31"
"печать на пленке поликарбонат","Яндекс","1","1","0.0","1.0","00:00:14"
"печать на пленке самоклеящейся ижевск","Яндекс","1","1","0.0","1.0","00:00:15"
"печать на постерной бумаге ижевск","Яндекс","1","1","0.0","1.0","00:00:15"
"печать на посуде матирование ижевск","Яндекс","1","1","0.0","1.0","00:00:15"
"печать на посуде сарапул","Яндекс","1","1","1.0","1.0","00:00:00"
"печать на прозрачной пленке","Яндекс","1","1","0.0","1.0","00:00:20"
"печать на прозрачном пластике","Яндекс","1","1","1.0","1.0","00:00:00"
"печать на самоклеющейся бумаге а4 цена","Яндекс","1","1","0.0","3.0","00:00:55"
"печать на самоклеющейся пленке","Яндекс","1","1","0.0","1.0","00:00:16"
"печать на самоклеящейся пленке","Яндекс","1","1","0.0","1.0","00:00:15"
"печать на стекле с подставкой","Яндекс","1","1","1.0","1.0","00:00:00"
"печать на стене в квартире цена ижевск","Яндекс","1","1","0.0","1.0","00:00:15"
"печать на ткани в ижевске","Яндекс","1","1","0.0","8.0","00:11:01"
"печать на ткани футболках dtg ижевск. фирмы. адреса картаа","Яндекс","1","1","0.0","7.0","00:03:58"
"печать на толстовке","Яндекс","1","1","1.0","1.0","00:00:00"
"печать на футболках в ижевске","Яндекс","1","1","1.0","1.0","00:00:00"
"печать на футболках в сарапуле","Яндекс","1","1","1.0","1.0","00:00:00"
"печать на футболках в удмуртии можга","Яндекс","1","1","1.0","1.0","00:00:00"
"печать на футболках и кепках ижевск","Яндекс","1","1","0.0","2.0","00:00:00"
"печать на футболках ува цены","Яндекс","1","1","0.0","2.0","00:00:37"
"печать на футболке цена","Яндекс","1","1","0.0","3.0","00:00:13"
"печать на холсте ижевск","Яндекс","1","1","0.0","4.0","00:00:30"
"печать на холсте ижевск цены","Яндекс","1","1","0.0","1.0","00:00:15"
"печать на цветном принтере в уве","Яндекс","1","1","1.0","1.0","00:00:00"
"печать на чехлах для телефонов ижевск","Яндекс","1","1","1.0","1.0","00:00:00"
"печать надписей на чехлы ижевск","Яндекс","1","1","0.0","6.0","00:01:04"
"печать наклеек","Яндекс","1","1","0.0","2.0","00:00:00"
"печать наклеек ижевск","Яндекс","1","1","0.0","3.0","00:02:26"
"печать наклеек серебром или золотом","Яндекс","1","1","0.0","1.0","00:00:15"
"печать офсетная ижевск","Яндекс","1","1","0.0","8.0","00:10:32"
"печать планшета 1000 на 700 ижевск","Яндекс","1","1","0.0","2.0","00:06:44"
"печать полиграфии ижевск","Яндекс","1","1","0.0","1.0","00:00:16"
"печать полиграфии на а4 ижевск","Яндекс","1","1","0.0","1.0","00:00:15"
"печать понино","Яндекс","1","1","1.0","1.0","00:00:00"
"печать репродукции картины на холсте ижевск","Яндекс","1","1","0.0","1.0","00:00:14"
"печать рисунка на ткани на заказ ижевск","Яндекс","1","1","0.0","1.0","00:00:57"
"печать ролл апов","Яндекс","1","1","0.0","3.0","00:01:04"
"печать с двух сторон на плотной бумаге а6 цена ижевск","Яндекс","1","1","0.0","1.0","00:00:15"
"печать самоклеящихся наклеек глазов","Яндекс","1","1","1.0","1.0","00:00:00"
"печать сарапул а1х4","Яндекс","1","1","1.0","1.0","00:00:00"
"печать скан якшур бодья","Яндекс","1","1","1.0","1.0","00:00:00"
"печать текста на самоклейке","Яндекс","1","1","0.0","1.0","00:00:18"
"печать термонаклеек на одежду ижевск","Яндекс","1","1","0.0","10.0","00:02:40"
"печать флагов в ижевске","Яндекс","1","1","0.0","1.0","00:00:15"
"печать флагов ижевск","Яндекс","1","1","1.0","1.0","00:00:00"
"печать формат а2 воткинск","Яндекс","1","1","1.0","1.0","00:00:00"
"печать фото ижевск цены","Яндекс","1","1","0.0","2.0","00:00:30"
"печать фото на футболке ижевск","Яндекс","1","1","0.0","6.0","00:02:42"
"печать фотографий а1 ижевск","Яндекс","1","1","0.0","1.0","00:00:21"
"печать фотографий в ижевске","Яндекс","1","1","0.0","3.0","00:02:06"
"печать фреска ижевск","Яндекс","1","1","0.0","1.0","00:00:15"
"печать чертежей а3","Яндекс","1","1","1.0","1.0","00:00:00"
"печать чертежей любой длины","Яндекс","1","1","1.0","1.0","00:00:00"
"печать шильдиков на самоклейке","Яндекс","1","1","1.0","1.0","00:00:00"
"печать этикеток на самоклеящейся пленке ижевск","Яндекс","1","1","0.0","4.0","00:01:31"
"печатьный салон","Яндекс","1","1","1.0","1.0","00:00:00"
"питтсбург ижевск","Яндекс","1","1","1.0","1.0","00:00:00"
"плакат а3 стоимость в сарапуле","Яндекс","1","1","1.0","1.0","00:00:00"
"плакетка круглая из оргстекла","Яндекс","1","1","0.0","1.0","00:00:15"
"пленка оракал матовая купить в ижевск","Яндекс","1","1","0.0","4.0","00:00:21"
"плоттер ижевск распечатать","Яндекс","1","1","0.0","3.0","00:00:45"
"плоттер услуги можга","Яндекс","1","1","1.0","1.0","00:00:00"
"плоттерная печать ижевск","Яндекс","1","1","0.0","1.0","00:00:16"
"плоттерная резка можга","Яндекс","1","1","1.0","1.0","00:00:00"
"плоттерная резка сарапул цена","Яндекс","1","1","1.0","1.0","00:00:00"
"плоттерная резка тента","Яндекс","1","1","0.0","4.0","00:07:09"
"повесить на кабинет объявление в прозрачном кармашке","Яндекс","1","1","0.0","1.0","00:00:40"
"погода ижевск","Яндекс","1","1","0.0","2.0","00:00:02"
"подлесная 34","Яндекс","1","1","1.0","1.0","00:00:00"
"подлесная+7+34+ижевск","Яндекс","1","1","0.0","9.0","00:10:42"
"подшить диплом ижевску","Яндекс","1","1","0.0","4.0","00:00:39"
"подшить диплом ижевсп","Яндекс","1","1","0.0","2.0","00:00:05"
"полиграфия ижевск адреса","Яндекс","1","1","0.0","6.0","00:09:43"
"полиграфия ува","Яндекс","1","1","1.0","1.0","00:00:00"
"полиграфия цифра","Яндекс","1","1","0.0","3.0","00:00:25"
"портрет на холсте ижевск","Яндекс","1","1","0.0","3.0","00:00:11"
"портреты на холсте глазов","Яндекс","1","1","1.0","1.0","00:00:00"
"портреты на холсте сарапуле","Яндекс","1","1","1.0","1.0","00:00:00"
"поселок ува удмуртия ксерокопия","Яндекс","1","1","1.0","1.0","00:00:00"
"пост 2024 календарь","Яндекс","1","1","0.0","2.0","00:00:06"
"постаматы печать ижевск","Яндекс","1","1","1.0","1.0","00:00:00"
"посчитать количество символов","Яндекс","1","1","1.0","1.0","00:00:00"
"посчитать контрольные цифры снилс","Яндекс","1","1","0.0","3.0","00:01:00"
"почтовое отделение ижевск","Яндекс","1","1","1.0","1.0","00:00:00"
"правила названия листов чертежей по гост","Яндекс","1","1","1.0","1.0","00:00:00"
"премьер джинс","Яндекс","1","1","0.0","4.0","00:00:58"
"приемная комиссия удгу","Яндекс","1","1","0.0","4.0","00:03:17"
"принт на футболку ижевск","Яндекс","1","1","0.0","2.0","00:00:00"
"принты на футболки можга","Яндекс","1","1","1.0","1.0","00:00:00"
"пробки ижевск онлайн сейчас ижевск","Яндекс","1","1","1.0","1.0","00:00:00"
"производители конверты из кальки","Яндекс","1","1","0.0","1.0","00:00:15"
"производство пакетов пвд ижевск","Яндекс","1","1","1.0","1.0","00:00:00"
"проложить маршрут ижевск","Яндекс","1","1","1.0","1.0","00:00:00"
"прописи цифры для детей 6 7 лет распечатать бесплатно","Яндекс","1","1","1.0","1.0","00:00:00"
"прошла творческая мастерская чехол для ручки","Яндекс","1","1","1.0","1.0","00:00:00"
"прядки в порядке ижевск","Яндекс","1","1","1.0","1.0","00:00:00"
"пункты выдачи алиэкспресс в ижевске на карте ижевска","Яндекс","1","1","1.0","1.0","00:00:00"
"пушкинская улица 283","Яндекс","1","1","0.0","2.0","00:04:14"
"распечатать а 1 сарапул","Яндекс","1","1","1.0","1.0","00:00:00"
"распечатать а3 в глазове","Яндекс","1","1","1.0","1.0","00:00:00"
"распечатать а3 в цвете ижевск","Яндекс","1","1","0.0","1.0","00:00:20"
"распечатать а3 глазов","Яндекс","1","1","1.0","1.0","00:00:00"
"распечатать а3 ижевск","Яндекс","1","1","0.0","5.0","00:06:35"
"распечатать баннер в сарапуле","Яндекс","1","1","1.0","1.0","00:00:00"
"распечатать буклеты ижевск","Яндекс","1","1","0.0","4.0","00:00:14"
"распечатать ватман а1","Яндекс","1","1","0.0","3.0","00:00:05"
"распечатать выкройку на плоттере ижевск","Яндекс","1","1","0.0","2.0","00:00:25"
"распечатать документ в двг в ижевске","Яндекс","1","1","0.0","3.0","00:00:21"
"распечатать документы ижевск с телефона","Яндекс","1","1","0.0","3.0","00:00:20"
"распечатать документы кез","Яндекс","1","1","1.0","1.0","00:00:00"
"распечатать документы можно","Яндекс","1","1","1.0","1.0","00:00:00"
"распечатать ижевск","Яндекс","1","1","0.0","11.0","00:07:09"
"распечатать ижевск курсовую","Яндекс","1","1","0.0","9.0","00:06:23"
"распечатать книгу рецентов в ижевске","Яндекс","1","1","0.0","2.0","00:01:37"
"распечатать лист а4 в ижевске","Яндекс","1","1","0.0","4.0","00:01:29"
"распечатать объявления сколько стоит","Яндекс","1","1","0.0","1.0","00:00:45"
"распечатать около ижгту","Яндекс","1","1","1.0","1.0","00:00:00"
"распечатать рабочую документацию ижевск а3","Яндекс","1","1","0.0","2.0","00:02:26"
"распечатать сертификат ижевск","Яндекс","1","1","0.0","4.0","00:02:25"
"распечатать текст в пурге","Яндекс","1","1","1.0","1.0","00:00:00"
"распечатать формат а0","Яндекс","1","1","0.0","2.0","00:01:02"
"распечатать фото","Яндекс","1","1","0.0","10.0","00:00:48"
"распечатать фото а4 цветное цена","Яндекс","1","1","1.0","1.0","00:00:00"
"распечатать фото ижевск","Яндекс","1","1","1.0","1.0","00:00:00"
"распечатать фото ижевск на документы","Яндекс","1","1","1.0","1.0","00:00:00"
"распечатать фото ижевск рядом","Яндекс","1","1","0.0","2.0","00:00:01"
"распечатать фото на футболке ижевск","Яндекс","1","1","1.0","1.0","00:00:00"
"распечатать фотографии ижевск","Яндекс","1","1","0.0","2.0","00:00:01"
"распечатать фотографию ижевск","Яндекс","1","1","0.0","3.0","00:00:01"
"распечатать чертежи а1 воткинск","Яндекс","1","1","1.0","1.0","00:00:00"
"распечатать чертежи а1 ижевск","Яндекс","1","1","0.0","2.0","00:00:12"
"распечатать чертежи а3 ижевск","Яндекс","1","1","0.0","5.0","00:01:15"
"распечатка","Яндекс","1","1","0.0","2.0","00:00:03"
"распечатка 1 листа глазов","Яндекс","1","1","1.0","1.0","00:00:00"
"распечатка дипломов ижевск","Яндекс","1","1","1.0","1.0","00:00:00"
"распечатка документов","Яндекс","1","1","0.0","3.0","00:00:15"
"распечатка документов ижевск","Яндекс","1","1","1.0","1.0","00:00:00"
"распечатка документов ижевск рядом","Яндекс","1","1","0.0","2.0","00:00:01"
"распечатка документов каменное","Яндекс","1","1","1.0","1.0","00:00:00"
"распечатка и копирование документов ижевск цены","Яндекс","1","1","0.0","1.0","00:00:15"
"распечатка ижевск недорого","Яндекс","1","1","0.0","6.0","00:00:28"
"распечатка на одежде можга","Яндекс","1","1","1.0","1.0","00:00:00"
"распечатка фото ижевск 7 подлесная","Яндекс","1","1","0.0","4.0","00:00:38"
"распечатка фото цифра","Яндекс","1","1","1.0","1.0","00:00:12"
"распечатка фотографий 30 лет победы ижевск","Яндекс","1","1","1.0","1.0","00:00:00"
"распечатка фотографий ижевск","Яндекс","1","1","0.0","3.0","00:00:04"
"распечатка цветного листа а4 цена","Яндекс","1","1","1.0","1.0","00:00:00"
"распечатки а1 формат","Яндекс","1","1","0.0","2.0","00:00:12"
"распечатки карты","Яндекс","1","1","0.0","3.0","00:00:07"
"распознать текст из pdf в word","Яндекс","1","1","1.0","1.0","00:00:00"
"рассмотрите рисунок на котором изображено строение корня какой цифрой на нем обозначена зона","Яндекс","1","1","1.0","1.0","00:00:00"
"редактировать яркость фото онлайн","Яндекс","1","1","0.0","2.0","00:00:01"
"реклама","Яндекс","1","1","0.0","2.0","00:01:42"
"реклама ижевск","Яндекс","1","1","0.0","2.0","00:00:33"
"рекламная печать в ижевске","Яндекс","1","1","0.0","2.0","00:06:45"
"рекламное агенство ижевск","Яндекс","1","1","1.0","1.0","00:00:00"
"рекламное агентство квартальник 2027 цена","Яндекс","1","1","0.0","1.0","00:00:15"
"рекламные компании ижевск","Яндекс","1","1","0.0","2.0","00:00:08"
"рекламные наклейки можга","Яндекс","1","1","1.0","1.0","00:00:00"
"рекламщики ижевск","Яндекс","1","1","0.0","5.0","00:01:23"
"ремонт книг ижевск","Яндекс","1","1","0.0","2.0","00:00:05"
"респ. удмуртская, г. ижевск, ул. 7-я подлесная д.34 кв.115","Яндекс","1","1","1.0","1.0","00:00:00"
"республика татарстан, мензелинский муниципальный район, коноваловское сельское поселение","Яндекс","1","1","0.0","8.0","00:00:23"
"республика удмуртия типографии","Яндекс","1","1","0.0","2.0","00:00:30"
"реставрация книг в ижевске","Яндекс","1","1","1.0","1.0","00:00:00"
"рестоврация книг ижевск","Яндекс","1","1","1.0","1.0","00:00:00"
"римские цифры","Яндекс","1","1","0.0","2.0","00:00:23"
"рисунки по цифрам для детей 6-7 лет распечатать бесплатно неп","Яндекс","1","1","1.0","1.0","00:00:00"
"ролл ап на заказ уфа","Яндекс","1","1","0.0","1.0","00:00:11"
"ролл-ап 0.85*2 стоимость в ижевске","Яндекс","1","1","0.0","2.0","00:04:48"
"роллап 85на200 ижевск типография","Яндекс","1","1","1.0","1.0","00:00:00"
"роллап ижевск","Яндекс","1","1","0.0","1.0","00:00:21"
"ростов на дону","Яндекс","1","1","1.0","1.0","00:00:00"
"ручки бумажные с логотипом на заказ ижевск","Яндекс","1","1","0.0","1.0","00:00:15"
"ручки на заказ с логотипом ижевск","Яндекс","1","1","0.0","3.0","00:00:32"
"салон печати","Яндекс","1","1","0.0","13.0","00:01:26"
"салон печати кизнер","Яндекс","1","1","1.0","1.0","00:00:00"
"салон печати на чехле ижевск","Яндекс","1","1","0.0","10.0","00:00:45"
"салон цифра","Яндекс","1","1","1.0","1.0","00:00:00"
"салоны печати","Яндекс","1","1","1.0","1.0","00:00:00"
"самоклеющиеся знаки центра тяжести ижевск","Яндекс","1","1","1.0","1.0","00:00:00"
"сарапул портреты на заказ","Яндекс","1","1","1.0","1.0","00:00:00"
"сбербанк ижевск адреса на карте ижевск","Яндекс","1","1","1.0","1.0","00:00:00"
"сделать арт на худи в глазове","Яндекс","1","1","1.0","1.0","00:00:00"
"сделать бейдж на заказ ижевск","Яндекс","1","1","0.0","4.0","00:00:50"
"сделать копию документов поблизости","Яндекс","1","1","0.0","3.0","00:00:08"
"сделать копию рядом со мной","Яндекс","1","1","0.0","4.0","00:02:36"
"сделать надпись на худи в ижевске","Яндекс","1","1","1.0","1.0","00:00:05"
"сделать сканы на неффтеразведке воткинск","Яндекс","1","1","1.0","1.0","00:00:00"
"сделать фото на посуде","Яндекс","1","1","1.0","1.0","00:00:00"
"сивкова 107","Яндекс","1","1","1.0","1.0","00:00:00"
"система 4 маска пилинг 0","Яндекс","1","1","1.0","1.0","00:00:00"
"ситек ижевск","Яндекс","1","1","1.0","1.0","00:00:00"
"скан документов ижевск","Яндекс","1","1","1.0","1.0","00:00:00"
"сканирование документов в завьялово","Яндекс","1","1","1.0","1.0","00:00:00"
"сканирование документов ижевск","Яндекс","1","1","1.0","1.0","00:00:00"
"сканирование листов а3","Яндекс","1","1","1.0","1.0","00:00:00"
"сканы документов в ижевске","Яндекс","1","1","0.0","2.0","00:00:10"
"сканы документов можга","Яндекс","1","1","1.0","1.0","00:00:00"
"скачать create 1.20.1","Яндекс","1","1","1.0","1.0","00:00:00"
"сколько мест ижгту 2024","Яндекс","1","1","1.0","1.0","00:00:00"
"сколько пятизначных чисел можно составить из цифр 1.2.3.4.5 без повторений","Яндекс","1","1","0.0","7.0","00:00:36"
"сколько стоит переплет на металлическую  пружину ижевск","Яндекс","1","1","1.0","1.0","00:00:00"
"сколько стоит печать на футболках","Яндекс","1","1","1.0","1.0","00:00:00"
"сколько стоит распечатать 1 лист а4 черно-белый в ижевске","Яндекс","1","1","1.0","1.0","00:00:00"
"сколько стоит распечатать лист а3","Яндекс","1","1","0.0","9.0","00:07:05"
"сколько стоит распечатать лист а3 цветной цена ижевск","Яндекс","1","1","0.0","5.0","00:01:30"
"сколько стоит распечатать лист а4","Яндекс","1","1","1.0","1.0","00:00:00"
"сколько стоит распечатать лист а4 черно-белый цена ижевск","Яндекс","1","1","1.0","1.0","00:00:00"
"сколько стоит распечатать плакат а3 цветной в сарапул","Яндекс","1","1","1.0","1.0","00:00:00"
"сколько стоит распечатать формат а1","Яндекс","1","1","1.0","1.0","00:00:00"
"сколько стоит услуга напечатать фотографию на кружку глазов","Яндекс","1","1","1.0","1.0","00:00:00"
"скрытая копия в почте что это","Яндекс","1","1","0.0","2.0","00:00:00"
"снегири жк ижевск","Яндекс","1","1","1.0","1.0","00:00:00"
"соединять рисунок по цифрам распечатать","Яндекс","1","1","1.0","1.0","00:00:00"
"сош 35","Яндекс","1","1","1.0","1.0","00:00:00"
"список рекламных агенств ижевск","Яндекс","1","1","0.0","4.0","00:01:02"
"спотиыай","Яндекс","1","1","1.0","1.0","00:00:00"
"средняя цена напечатать карманный календарь","Яндекс","1","1","0.0","1.0","00:00:15"
"срочное изготовление печатей и штампов глазов","Яндекс","1","1","1.0","1.0","00:00:00"
"станок реза листов после офсетной печати название модели в типографию","Яндекс","1","1","1.0","1.0","00:00:00"
"стенды поликарбонатные передвижные , где можно изготовить в удмуртии","Яндекс","1","1","0.0","1.0","00:00:15"
"степана разина 45 ижевск на карте","Яндекс","1","1","1.0","1.0","00:00:00"
"стикерпак в ижевске","Яндекс","1","1","0.0","1.0","00:00:16"
"стоимость визиток в глазове на сегодня","Яндекс","1","1","1.0","1.0","00:00:00"
"стоимость копии ижевск а4 цена черно белая","Яндекс","1","1","1.0","1.0","00:00:00"
"стоимость листа цветной печати в глазове","Яндекс","1","1","1.0","1.0","00:00:00"
"стоимость одной стандартной визитки","Яндекс","1","1","0.0","3.0","00:01:00"
"стоимость распечатки листа а4 на цветном принтере сарапул","Яндекс","1","1","0.0","1.0","00:00:28"
"стоматология на 9 января ижевск","Яндекс","1","1","1.0","1.0","00:00:00"
"строительный магазин ижевск","Яндекс","1","1","1.0","1.0","00:00:00"
"студенческая 11 ижевск на карте","Яндекс","1","1","1.0","1.0","00:00:00"
"студенческая улица, 52, ижеск","Яндекс","1","1","0.0","9.0","00:07:47"
"сублимационная печать ижевск","Яндекс","1","1","0.0","1.0","00:00:15"
"сувенирная продукция ижевск заказать","Яндекс","1","1","0.0","6.0","00:01:33"
"сувениры ижевск сделать","Яндекс","1","1","0.0","2.0","00:00:36"
"сшивание дипломной работы ижевск","Яндекс","1","1","1.0","1.0","00:00:00"
"сшивка проектов ижевск","Яндекс","1","1","1.0","1.0","00:00:00"
"сшить дилом ижевск","Яндекс","1","1","1.0","1.0","00:00:00"
"сшить диломный проект","Яндекс","1","1","0.0","1.0","00:01:13"
"сшить диплом","Яндекс","1","1","0.0","2.0","00:00:36"
"сшить диплом ижевск","Яндекс","1","1","0.0","2.0","00:00:07"
"сшить документы ижевск","Яндекс","1","1","0.0","2.0","00:00:16"
"табличка из оргстекла на фасад ижевск","Яндекс","1","1","0.0","3.0","00:04:53"
"таблички из оргстекла ижевск","Яндекс","1","1","0.0","1.0","00:00:15"
"таблички из оргстекла на заказ изевск","Яндекс","1","1","0.0","3.0","00:01:32"
"телефоны метро","Яндекс","1","1","0.0","3.0","00:00:25"
"термопечать на футболках глазов","Яндекс","1","1","1.0","1.0","00:00:00"
"термостакан с печатью ижевск","Яндекс","1","1","0.0","1.0","00:00:16"
"термотрансферная печать ижевск","Яндекс","1","1","0.0","3.0","00:00:02"
"тжевск карта","Яндекс","1","1","0.0","2.0","00:00:03"
"типографи","Яндекс","1","1","0.0","2.0","00:00:21"
"типографии глазов","Яндекс","1","1","1.0","1.0","00:00:00"
"типографии глазов где можно распечатать дипломную работу","Яндекс","1","1","1.0","1.0","00:00:00"
"типографии ижевск ближайшая","Яндекс","1","1","1.0","1.0","00:00:00"
"типографии ижевска адреса","Яндекс","1","1","0.0","6.0","00:08:40"
"типографии ижевска офсетная печать","Яндекс","1","1","0.0","2.0","00:00:51"
"типографии ижевска цены","Яндекс","1","1","1.0","1.0","00:00:00"
"типографии рядом с ижгту","Яндекс","1","1","0.0","3.0","00:02:51"
"типографии удмуртская республика","Яндекс","1","1","0.0","2.0","00:00:10"
"типографика цифра","Яндекс","1","1","1.0","1.0","00:00:00"
"типография 18","Яндекс","1","1","0.0","2.0","00:00:36"
"типография акриловые брелки ижевск","Яндекс","1","1","0.0","2.0","00:02:22"
"типография в ижевске","Яндекс","1","1","1.0","1.0","00:00:00"
"типография в ижевске изготовление банковской карт","Яндекс","1","1","0.0","1.0","00:00:15"
"типография глазов","Яндекс","1","1","1.0","1.0","00:00:01"
"типография ижевск адрес","Яндекс","1","1","0.0","2.0","00:00:12"
"типография ижевск визитки","Яндекс","1","1","0.0","1.0","00:00:15"
"типография ижевск полиграфия","Яндекс","1","1","0.0","1.0","00:00:27"
"типография ижевск распечатать листовки","Яндекс","1","1","0.0","2.0","00:01:18"
"типография ижевск список","Яндекс","1","1","0.0","4.0","00:01:19"
"типография ижевск ул. ленина","Яндекс","1","1","0.0","5.0","00:01:58"
"типография ижевск уф печать","Яндекс","1","1","0.0","1.0","00:00:15"
"типография ижевский электромеханический завод купол работает или нет","Яндекс","1","1","0.0","5.0","00:03:13"
"типография кез","Яндекс","1","1","1.0","1.0","00:00:00"
"типография киров","Яндекс","1","1","0.0","2.0","00:00:39"
"типография металлург","Яндекс","1","1","0.0","4.0","00:07:59"
"типография на красногеройской 18","Яндекс","1","1","0.0","2.0","00:14:14"
"типография наклейки ижевск","Яндекс","1","1","0.0","1.0","00:00:15"
"типография наклейки на заказ можга","Яндекс","1","1","0.0","1.0","00:00:31"
"типография печать dtf","Яндекс","1","1","1.0","1.0","00:00:00"
"типография по работе с крафтовой бумагой","Яндекс","1","1","1.0","1.0","00:00:00"
"типография рядом с ижгту","Яндекс","1","1","1.0","1.0","00:00:00"
"типография рядом со мной","Яндекс","1","1","0.0","6.0","00:00:38"
"типография хохряки","Яндекс","1","1","1.0","1.0","00:00:00"
"типография цифра ижевск адрес","Яндекс","1","1","1.0","1.0","00:00:00"
"типограыия цифра","Яндекс","1","1","0.0","5.0","00:01:57"
"типорграфия ижевск","Яндекс","1","1","0.0","1.0","00:03:10"
"тиснение обложки блинтовое","Яндекс","1","1","1.0","1.0","00:00:00"
"ткани подлесная","Яндекс","1","1","1.0","1.0","00:00:00"
"товара для брошюровки в ижевске","Яндекс","1","1","0.0","2.0","00:00:21"
"топографии в глазове","Яндекс","1","1","1.0","1.0","00:00:00"
"трамвай4","Яндекс","1","1","1.0","1.0","00:00:00"
"транспорт онлайн ижевск 79","Яндекс","1","1","0.0","2.0","00:00:03"
"тц талисман","Яндекс","1","1","1.0","1.0","00:00:00"
"удгау печать","Яндекс","1","1","1.0","1.0","00:00:00"
"удмуртия село красногорское где можно распечатать документы","Яндекс","1","1","1.0","1.0","00:00:00"
"удмуртская республика ижевск 7-я подлесная улица 34 цифра","Яндекс","1","1","1.0","1.0","00:00:00"
"удмуртская республика ижевск 7-я подлесная улица 83 слон и моська","Яндекс","1","1","1.0","1.0","00:00:00"
"удмуртская республика ижевск улица имени короткова 19а римир","Яндекс","1","1","0.0","5.0","00:06:43"
"удмуртская республика, ижевск г, 30 лет победы ул, 28а","Яндекс","1","1","1.0","1.0","00:00:00"
"удмуртский цсм","Яндекс","1","1","1.0","1.0","00:00:00"
"узнать все о компании типография цифра ижевск","Яндекс","1","1","1.0","1.0","00:00:00"
"ул кирова 142 ижевск на карте","Яндекс","1","1","1.0","1.0","00:00:00"
"ул. 30 лет победы 32а","Яндекс","1","1","1.0","1.0","00:00:00"
"ул. 30 лет победы, 22 р-н октябрьский школы и сакдики","Яндекс","1","1","1.0","1.0","00:00:00"
"ул. 7 подлесная, 34","Яндекс","1","1","1.0","1.0","00:00:00"
"ул. подлесная 7-я, д.34, офис, пом. 160","Яндекс","1","1","0.0","2.0","00:00:18"
"ул.коммунаров 361 школа гитарин","Яндекс","1","1","0.0","6.0","00:01:43"
"улица ильфата закирова дом5","Яндекс","1","1","1.0","1.0","00:00:00"
"улицы в ижевске","Яндекс","1","1","0.0","2.0","00:00:02"
"ультра печатный салон","Яндекс","1","1","0.0","4.0","00:04:20"
"упаковка ручек в заводе","Яндекс","1","1","0.0","1.0","00:00:15"
"услуга ламинирование материалов ижевск","Яндекс","1","1","1.0","1.0","00:00:00"
"услуга печать на принтере","Яндекс","1","1","0.0","1.0","00:00:15"
"услуги лазерной гравировки ижевск","Яндекс","1","1","0.0","1.0","00:00:15"
"услуги печати и сканирования город ува","Яндекс","1","1","1.0","1.0","00:00:00"
"услуги печати на этикетка тнт -17 486-3 ижевск","Яндекс","1","1","0.0","2.0","00:00:48"
"услуги по ксерокопированию документов электронно в кизнере","Яндекс","1","1","1.0","1.0","00:00:00"
"услуги ризография","Яндекс","1","1","0.0","1.0","00:00:15"
"услуги черно белой печати ижевск","Яндекс","1","1","0.0","1.0","00:00:32"
"уф печать в глазове","Яндекс","1","1","1.0","1.0","00:00:00"
"уф печать глазов","Яндекс","1","1","1.0","1.0","00:00:00"
"уф печать на зеркальном пластике","Яндекс","1","1","0.0","1.0","00:00:15"
"уф печать на керамической плитке ижевск","Яндекс","1","1","0.0","1.0","00:00:35"
"уф печать на коже глазов","Яндекс","1","1","1.0","1.0","00:00:00"
"уф печать на краске","Яндекс","1","1","0.0","1.0","00:00:15"
"уф печать на прозрачной пленке логотип с резкой","Яндекс","1","1","0.0","2.0","00:07:14"
"уф печать на сувенирке ижевск","Яндекс","1","1","0.0","1.0","00:03:29"
"уф печать по металлу ижевск","Яндекс","1","1","1.0","1.0","00:00:00"
"фаворит ижнвск","Яндекс","1","1","1.0","1.0","00:00:00"
"фирма цифра в ижевске","Яндекс","1","1","0.0","2.0","00:00:16"
"флексографическая печать ижевск","Яндекс","1","1","0.0","2.0","00:12:34"
"флешка","Яндекс","1","1","1.0","1.0","00:00:00"
"флэшки около ижгту","Яндекс","1","1","1.0","1.0","00:00:00"
"фото и документы ижевск","Яндекс","1","1","1.0","1.0","00:00:00"
"фото на документы ижевск","Яндекс","1","1","0.0","3.0","00:00:34"
"фото на документы ижевск цифра","Яндекс","1","1","0.0","3.0","00:00:01"
"фото на клейкой бумаге","Яндекс","1","1","0.0","1.0","00:00:19"
"фото на кружке сделать сегодня в ижевске в р-не строитель","Яндекс","1","1","0.0","1.0","00:00:50"
"фото на кружку где делают в воткинске","Яндекс","1","1","1.0","1.0","00:00:00"
"фото на посуде в подарок в ижевске","Яндекс","1","1","1.0","1.0","00:00:00"
"фото на холсте","Яндекс","1","1","1.0","1.0","00:00:00"
"фото на холсте ижевск","Яндекс","1","1","1.0","1.0","00:00:00"
"фото на холсте ижевск купить","Яндекс","1","1","0.0","2.0","00:00:00"
"фото на холсте можга","Яндекс","1","1","0.0","2.0","00:10:48"
"фото салон","Яндекс","1","1","0.0","3.0","00:00:04"
"фотоальбомы ижевск","Яндекс","1","1","0.0","6.0","00:01:29"
"фотоальбомы магазин ижевск","Яндекс","1","1","0.0","5.0","00:00:09"
"фотография ижевск","Яндекс","1","1","0.0","8.0","00:10:07"
"фотокубики трансформеры где изготавливают","Яндекс","1","1","0.0","1.0","00:01:43"
"фотопечать","Яндекс","1","1","0.0","3.0","00:00:00"
"фотопечать глазов на посуде","Яндекс","1","1","1.0","1.0","00:00:00"
"фотопечать ижевск","Яндекс","1","1","1.0","1.0","00:00:00"
"фотопечать на бутылке для воды ижевск","Яндекс","1","1","0.0","1.0","00:00:15"
"фотопечать на кружку воткинск","Яндекс","1","1","1.0","1.0","00:00:00"
"фотопечать на мдф ижевск","Яндекс","1","1","0.0","4.0","00:01:24"
"фотопечать на металле большого формата до 2 метров для декорации стен","Яндекс","1","1","0.0","1.0","00:00:17"
"фотопечать на стекле в ижевске","Яндекс","1","1","0.0","1.0","00:00:15"
"фотосалоны в металлурге ижевск","Яндекс","1","1","0.0","3.0","00:00:11"
"фотоуслуги ижевск","Яндекс","1","1","1.0","1.0","00:00:00"
"фукутера","Яндекс","1","1","1.0","1.0","00:00:00"
"футболки с логотипом на заказ ижевск","Яндекс","1","1","0.0","1.0","00:00:23"
"цаллагов кирилл александрович","Яндекс","1","1","0.0","1.0","00:00:10"
"цвеочный магазин","Яндекс","1","1","1.0","1.0","00:00:00"
"цветная печать а4 ижевск","Яндекс","1","1","1.0","1.0","00:00:00"
"цветная печать а4 цена","Яндекс","1","1","1.0","1.0","00:00:00"
"цветная печать на посуде сарапул","Яндекс","1","1","1.0","1.0","00:00:00"
"цветная распечатка а4 ижевск","Яндекс","1","1","0.0","2.0","00:00:27"
"цветные объявления п4 изготовление ижевск","Яндекс","1","1","0.0","3.0","00:06:11"
"цветочный магазин","Яндекс","1","1","1.0","1.0","00:00:00"
"цветы 18 ижевск доставка","Яндекс","1","1","1.0","1.0","00:00:00"
"цена ламинирования 1 листа а4","Яндекс","1","1","0.0","1.0","00:00:20"
"центр кадастровых услуг","Яндекс","1","1","1.0","1.0","00:00:00"
"центр печати ижевс?","Яндекс","1","1","1.0","1.0","00:00:00"
"цены на печать текста на бумаге а4 ижевск","Яндекс","1","1","0.0","2.0","00:01:49"
"циfra типография» (ул. подлесная 7-я, 34) — с 09:00 до 18:00 (пн — пт). телефон: +7 (3412) 32-32-41. zoon.ru","Яндекс","1","1","0.0","2.0","00:00:22"
"цифра 1","Яндекс","1","1","1.0","1.0","00:00:00"
"цифра 18 .рф","Яндекс","1","1","0.0","1.0","00:00:20"
"цифра 18 рф","Яндекс","1","1","0.0","4.0","00:02:38"
"цифра 18 рф ижевск","Яндекс","1","1","1.0","1.0","00:00:00"
"цифра 18 типография","Яндекс","1","1","0.0","7.0","00:06:11"
"цифра 6 красивая","Яндекс","1","1","1.0","1.0","00:00:00"
"цифра 7 20 см","Яндекс","1","1","1.0","1.0","00:00:00"
"цифра в металлурге режим работы","Яндекс","1","1","0.0","2.0","00:00:09"
"цифра ижевск печатный салон каталог","Яндекс","1","1","0.0","16.0","00:12:24"
"цифра ижевск рекламное агентство отзывы","Яндекс","1","1","0.0","4.0","00:02:28"
"цифра ижевск типография сайт","Яндекс","1","1","0.0","1.0","00:00:15"
"цифра около ижгту","Яндекс","1","1","0.0","4.0","00:00:52"
"цифра ооо ижевск","Яндекс","1","1","0.0","2.0","00:00:04"
"цифра печать","Яндекс","1","1","0.0","3.0","00:00:44"
"цифра печать на одежде","Яндекс","1","1","0.0","1.0","00:00:16"
"цифра плюс ижевск","Яндекс","1","1","1.0","1.0","00:00:00"
"цифра режим работы","Яндекс","1","1","0.0","4.0","00:15:42"
"цифра режим работы ижевск","Яндекс","1","1","1.0","1.0","00:00:00"
"цифра типография ижевск остановка общественного транспорта","Яндекс","1","1","0.0","4.0","00:02:05"
"цифра типография ижевск официальный сайт","Яндекс","1","1","1.0","1.0","00:00:00"
"цифра18 ижевск","Яндекс","1","1","0.0","1.0","00:00:15"
"цифрал типография","Яндекс","1","1","0.0","2.0","00:00:52"
"цифровая лазерная печать","Яндекс","1","1","0.0","2.0","00:01:02"
"цифровая печать","Яндекс","1","1","1.0","1.0","00:00:00"
"цифровая печать самоклейки на бумажной основе в г калуга","Яндекс","1","1","0.0","1.0","00:00:15"
"цифровая типография ижевск","Яндекс","1","1","0.0","4.0","00:12:17"
"цифрус ижевск","Яндекс","1","1","0.0","3.0","00:00:24"
"цифры индекса3","Яндекс","1","1","1.0","1.0","00:00:00"
"цифры прописью онлайн","Яндекс","1","1","1.0","1.0","00:00:00"
"цыфра 7я подлесная","Яндекс","1","1","0.0","2.0","00:00:02"
"цыфра плюс ижевск","Яндекс","1","1","0.0","4.0","00:00:38"
"цыфра.18","Яндекс","1","1","1.0","1.0","00:00:00"
"ч\б печать","Яндекс","1","1","0.0","3.0","00:02:13"
"частные стоматологии ижевск","Яндекс","1","1","1.0","1.0","00:00:00"
"чб копия а4 стоимость","Яндекс","1","1","0.0","1.0","00:00:15"
"что мы знаем о цифре 7","Яндекс","1","1","1.0","1.0","00:00:00"
"что обозначает каждая цифра в записи чисел","Яндекс","1","1","1.0","1.0","00:00:00"
"что отобразить на роллапе","Яндекс","1","1","0.0","2.0","00:00:00"
"широкоформатная печать в уве","Яндекс","1","1","1.0","1.0","00:00:00"
"широкоформатная печать ижевск","Яндекс","1","1","1.0","1.0","00:00:00"
"школьная 25 а","Яндекс","1","1","1.0","1.0","00:00:00"
"школьная 27 ижевск на карте","Яндекс","1","1","1.0","1.0","00:00:00"
"школьная 27/1","Яндекс","1","1","1.0","1.0","00:00:00"
"школьная 55 ижевск","Яндекс","1","1","1.0","1.0","00:00:00"
"шоколад оптом 5грамм","Яндекс","1","1","1.0","1.0","00:00:00"
"штамп печать автоматическая","Яндекс","1","1","0.0","3.0","00:00:06"
"штампы и печати изготовление","Яндекс","1","1","1.0","1.0","00:00:00"
"штендер в аренду","Яндекс","1","1","0.0","3.0","00:00:47"
"штендер рекламный купить ижевск","Яндекс","1","1","0.0","1.0","00:00:15"
"этикет-пистолет 1-строчный цифры знаки 8 символов 21 х 12 мм прямоугольный","Яндекс","1","1","1.0","1.0","00:00:00"
"юнита типография ижевск","Яндекс","1","1","0.0","3.0","00:00:31"
"я календарь я календарь я","Яндекс","1","1","1.0","1.0","00:00:00"
"якшур бодья распечатать диплом","Яндекс","1","1","1.0","1.0","00:00:00"
"ян карта","Яндекс","1","1","0.0","3.0","00:00:03"
"яна ижевск дизайнер","Яндекс","1","1","0.0","2.0","00:05:05"
"яндекс","Яндекс","1","1","1.0","1.0","00:00:00"
"яндекс карта ижевска с улицами и домами","Яндекс","1","1","0.0","2.0","00:00:26"
"яндекс карты ижевск по координатам","Яндекс","1","1","1.0","1.0","00:00:00"
"янекс карты","Яндекс","1","1","0.0","3.0","00:01:50"
"​подлесная 7-я улица, 34","Яндекс","1","1","1.0","1.0","00:00:00"
