"Ключевое слово";"Релевантный URL";"Позиция";"Дата";"Частотность";"[!Частотность]"
"типография цифра ижевск";"/";"1";"2026-09-12";"";""
"цифра ижевск";"/";"1";"2026-08-05";"";""
"цифра 18 ижевск";"/";"1";"2026-09-16";"";""
"цифра ижевск печатный салон";"/";"1";"2026-09-01";"";""
"брендированные ручки ижевск";"/catalog/suvenirnaya-produktsiya/pechat-na-ruchkakh";"1";"2026-08-30";"";""
"цифра печать ижевск";"/";"1";"2026-08-18";"";""
"шоколад с логотипом ижевск";"/catalog/suvenirnaya-produktsiya/shokolad";"1";"2026-08-24";"";""
"дтф печать ижевск";"/catalog/suvenirnaya-produktsiya/brendirovanie-odezhdy/dtf-dtf-pechat";"1";"2026-09-21";"";""
"печать на ручках ижевск";"/catalog/suvenirnaya-produktsiya/pechat-na-ruchkakh";"1";"2026-09-02";"";""
"18 типография";"/";"1";"2026-08-28";"";""
"календарь ижевск";"";"";"2026-08-26";"";""
"фотообои ижевск на заказ";"";"";"2026-08-26";"";""
"визитки ижевск заказать";"";"";"2026-08-03";"";""
"визитки ижевск заказать дешево";"";"";"2026-08-22";"";""
"печать на холсте ижевск";"";"";"2026-09-03";"";""
"печать визиток ижевск";"";"";"2026-09-04";"";""
"что такое покрытие софт тач на чехле для телефона";"";"";"2026-08-27";"";""
"лифлет а4 2 фальца размеры";"";"";"2026-08-31";"";""
"уф печать ижевск";"";"";"2026-08-31";"";""
"визитки ижевск";"";"";"2026-08-01";"";""
"типография ижевск официальный сайт";"";"";"2026-08-05";"";""
"печать календарей ижевск";"";"";"2026-09-03";"";""
"печать листовок ижевск";"";"";"2026-09-29";"";""
"изготовление сувениров ижевск";"";"";"2026-08-21";"";""
"печать пакетов ижевск";"";"";"2026-09-03";"";""
"печать наклеек ижевск";"";"";"2026-09-19";"";""
"печать баннеров ижевск";"";"";"2026-08-30";"";""
"картины на холсте ижевск";"";"";"2026-09-21";"";""
"прорезиненная печать на одежде ижевск";"";"";"2026-09-11";"";""
"печать а1 ижевск";"";"";"2026-08-18";"";""
"текстильная типография принт на ткани ижевск";"";"";"2026-08-25";"";""
"цифра плюс ижевск";"";"";"2026-09-19";"";""
"печать на а3 в ижевске";"";"";"2026-08-10";"";""
"типография визитки ижевск";"";"";"2026-08-26";"";""
"распечатать а4 в ижевске";"";"";"2026-09-16";"";""
"печатный центр ижевск";"";"";"2026-08-26";"";""
"типография ижевск";"";"";"2026-09-23";"";""
"флаер евро размер";"";"";"2026-09-10";"";""
"лазерная гравировка ижевск";"";"";"2026-09-04";"";""
"еврофлаер размер в см";"";"";"2026-08-11";"";""
"типография ижевск адрес";"";"";"2026-07-23";"";""
"печать на кружках ижевск";"";"";"2026-08-29";"";""
"типография ижевск цены";"";"";"2026-09-17";"";""
"изготовление флагов ижевск";"";"";"2026-08-24";"";""
"печать цветная а4 ижевск";"";"";"2026-09-01";"";""
"вырезано ижевск";"";"";"2026-09-12";"";""
"распечатка на а3 ижевск";"";"";"2026-08-11";"";""
"печать картины на холсте ижевск";"";"";"2026-08-21";"";""
"еврофлаер размер";"";"";"2026-08-18";"";""
"ламинирование документов ижевск";"";"";"2026-08-04";"";""
"листок ижевск типография";"";"";"2026-09-06";"";""
"гравировка ижевск на металле";"";"";"2026-08-05";"";""
"ламинирование ижевск";"";"";"2026-08-13";"";""
"матовый значок";"";"";"2026-09-02";"";""
"печать на а2 ижевск";"";"";"2026-08-22";"";""
"печать на магнитах ижевск";"";"";"2026-08-19";"";""
"сделать гравировку ижевск";"";"";"2026-08-28";"";""
"гравировка на металле ижевск адреса цены";"";"";"2026-09-02";"";""
"ролл ап ижевск";"";"";"2026-08-29";"";""
"печать на сувенирах ижевск";"";"";"2026-08-22";"";""
"плоттерная резка ижевск";"";"";"2026-08-30";"";""
"печать логотипа ижевск";"";"";"2026-09-03";"";""
"печать на значках ижевск";"";"";"2026-08-11";"";""
"печать формат а2 ижевск";"";"";"2026-08-26";"";""
"размер еврофлаера";"";"";"2026-09-07";"";""
"что такое покрытие soft touch на чехле для телефона";"";"";"2026-08-07";"";""
"копии документов ижевск";"";"";"2026-09-02";"";""
"7 я подлесная 34 ижевск";"";"";"2026-08-22";"";""
"печать на ткани ижевск";"";"";"2026-08-04";"";""
"ролап как правильно писать";"";"";"2026-07-31";"";""
"полиграфия ижевск";"";"";"2026-06-25";"";""
"7 подлесная 34";"";"";"2026-08-29";"";""
"мобильная реклама ижевск";"";"";"2026-09-26";"";""
"изготовление баннеров ижевск";"";"";"2026-09-04";"";""
"принт на кружке ижевск";"";"";"2026-08-28";"";""
"флаг на заказ ижевск";"";"";"2026-08-29";"";""
"печать на картоне ижевск";"";"";"2026-08-30";"";""
"картина на заказ ижевск";"";"";"2026-08-26";"";""
"широкоформатная печать ижевск";"";"";"2026-08-05";"";""
"изготовление информационных стендов ижевск";"";"";"2026-09-29";"";""
"как пишется слово ролап";"";"";"2026-08-28";"";""
"визитка 18 ижевск";"";"";"2026-08-24";"";""
"сделать баннер ижевск";"";"";"2026-08-20";"";""
"как пишется роллап";"";"";"2026-09-28";"";""
"печать ижевск";"";"";"2026-08-31";"";""
"размер флаера евро";"";"";"2026-08-07";"";""
"изготовление табличек ижевск";"";"";"2026-09-22";"";""
"евро флаер размеры стандарт";"";"";"2026-08-07";"";""
"печать на кружке ижевск";"";"";"2026-08-10";"";""
"заказать значки в ижевске";"";"";"2026-08-19";"";""
"ремир ижевск";"";"";"2026-09-06";"";""
"сканирование документов ижевск";"";"";"2026-09-27";"";""
"еврофлаер размеры для печати";"";"";"2026-09-20";"";""
"подлесная 34 ижевск";"";"";"2026-08-08";"";""
"ролл ап как правильно пишется";"";"";"2026-08-22";"";""
"типография цифра";"";"";"2026-08-22";"";""
"ролл ап как пишется";"";"";"2026-09-01";"";""
"формат евро листовки размеры";"";"";"2026-08-28";"";""
"что такое софт тач покрытие на чехле";"";"";"2026-08-04";"";""
"формат еврофлаера";"";"";"2026-08-04";"";""
"";"";"";"2026-08-30";"";""
"";"";"";"2026-08-04";"";""
"";"";"";"2026-09-15";"";""
"";"";"";"2026-08-11";"";""
"";"";"";"2026-09-27";"";""
"";"";"";"2026-08-08";"";""
"";"";"";"2026-08-30";"";""
"";"";"";"2026-09-30";"";""
"";"";"";"2026-08-31";"";""
"";"";"";"2026-08-20";"";""
"";"";"";"2026-08-08";"";""
"";"";"";"2026-08-26";"";""
"";"";"";"2026-08-05";"";""
"";"";"";"2026-09-03";"";""
"";"";"";"2026-08-18";"";""
"";"";"";"2026-08-08";"";""
"";"";"";"2026-08-04";"";""
"";"";"";"2026-09-03";"";""
"";"";"";"2026-08-24";"";""
"";"";"";"2026-08-29";"";""
"";"";"";"2026-09-25";"";""
"";"";"";"2026-08-29";"";""
"";"";"";"2026-08-18";"";""
"";"";"";"2026-09-15";"";""
"";"";"";"2026-09-03";"";""
"";"";"";"2026-09-04";"";""
"";"";"";"2026-08-04";"";""
"";"";"";"2026-08-05";"";""
"";"";"";"2026-08-29";"";""
"";"";"";"2026-09-28";"";""
"";"";"";"2026-09-01";"";""
"";"";"";"2026-09-03";"";""
"";"";"";"2026-09-26";"";""
"";"";"";"2026-08-20";"";""
"";"";"";"2026-08-26";"";""
"";"";"";"2026-08-28";"";""
"";"";"";"2026-08-26";"";""
"";"";"";"2026-08-13";"";""
"";"";"";"2026-06-27";"";""
"";"";"";"2026-09-27";"";""
"";"";"";"2026-08-24";"";""
"";"";"";"2026-08-29";"";""
"";"";"";"2026-08-15";"";""
"";"";"";"2026-08-18";"";""
"";"";"";"2026-08-17";"";""
"";"";"";"2026-08-29";"";""
"";"";"";"2026-08-28";"";""
"";"";"";"2026-09-06";"";""
"";"";"";"2026-08-31";"";""
"";"";"";"2026-08-31";"";""
"";"";"";"2026-08-31";"";""
"";"";"";"2026-09-05";"";""
"";"";"";"2026-08-20";"";""
"";"";"";"2026-08-27";"";""
"";"";"";"2026-08-19";"";""
"";"";"";"2026-09-05";"";""
"";"";"";"2026-08-08";"";""
"";"";"";"2026-09-06";"";""
"";"";"";"2026-07-21";"";""
"";"";"";"2026-08-12";"";""
"";"";"";"2026-08-05";"";""
"";"";"";"2026-09-04";"";""
"";"";"";"2026-08-20";"";""
"";"";"";"2026-08-16";"";""
"";"";"";"2026-08-21";"";""
"";"";"";"2026-09-20";"";""
"";"";"";"2026-08-05";"";""
"";"";"";"2026-08-05";"";""
"";"";"";"2026-08-19";"";""
"";"";"";"2026-08-04";"";""
"";"";"";"2026-09-05";"";""
"";"";"";"2026-08-05";"";""
"";"";"";"2026-09-16";"";""
"";"";"";"2026-08-15";"";""
"";"";"";"2026-09-06";"";""
"";"";"";"2026-09-20";"";""
"";"";"";"2026-09-30";"";""
"";"";"";"2026-08-18";"";""
"";"";"";"2026-08-07";"";""
"";"";"";"2026-09-03";"";""
"";"";"";"2026-08-07";"";""
"";"";"";"2026-08-07";"";""
"";"";"";"2026-08-31";"";""
"";"";"";"2026-08-22";"";""
"";"";"";"2026-08-28";"";""
"";"";"";"2026-07-24";"";""
"";"";"";"2026-06-15";"";""
"";"";"";"2026-08-30";"";""
"";"";"";"2026-08-30";"";""
"";"";"";"2026-09-05";"";""
"";"";"";"2026-08-31";"";""
"";"";"";"2026-08-04";"";""
"";"";"";"2026-08-04";"";""
"";"";"";"2026-08-14";"";""
"";"";"";"2026-08-20";"";""
"";"";"";"2026-09-10";"";""
"";"";"";"2026-09-22";"";""
"";"";"";"2026-08-05";"";""
"";"";"";"2026-08-24";"";""
"";"";"";"2026-09-16";"";""
"";"";"";"2026-08-29";"";""
"";"";"";"2026-08-18";"";""
"";"";"";"2026-08-19";"";""
"";"";"";"2026-09-16";"";""
"";"";"";"2026-09-02";"";""
"";"";"";"2026-08-29";"";""
"";"";"";"2026-08-18";"";""
"";"";"";"2026-09-18";"";""
"";"";"";"2026-09-12";"";""
"";"";"";"2026-08-30";"";""
"";"";"";"2026-09-05";"";""
"";"";"";"2026-08-30";"";""
"";"";"";"2026-08-15";"";""
"";"";"";"2026-08-25";"";""
"";"";"";"2026-09-07";"";""
"";"";"";"2026-09-06";"";""
"";"";"";"2026-08-24";"";""
"";"";"";"2026-08-12";"";""
"";"";"";"2026-09-01";"";""
"";"";"";"2026-09-07";"";""
"";"";"";"2026-06-14";"";""
"";"";"";"2026-07-22";"";""
"";"";"";"2026-08-21";"";""
"";"";"";"2026-08-27";"";""
"";"";"";"2026-08-31";"";""
"";"";"";"2026-09-03";"";""
"";"";"";"2026-09-01";"";""
"";"";"";"2026-08-09";"";""
"";"";"";"2026-08-20";"";""
"";"";"";"2026-08-28";"";""
"";"";"";"2026-09-12";"";""
"";"";"";"2026-09-05";"";""
"";"";"";"2026-08-29";"";""
"";"";"";"2026-08-05";"";""
"";"";"";"2026-09-03";"";""
"";"";"";"2026-09-06";"";""
"";"";"";"2026-06-16";"";""
"";"";"";"2026-08-22";"";""
"";"";"";"2026-09-01";"";""
"";"";"";"2026-09-19";"";""
"";"";"";"2026-09-21";"";""
"";"";"";"2026-09-01";"";""
"";"";"";"2026-09-06";"";""
"";"";"";"2026-08-30";"";""
"";"";"";"2026-09-06";"";""
"";"";"";"2026-08-08";"";""
"";"";"";"2026-08-22";"";""
"";"";"";"2026-08-29";"";""
"";"";"";"2026-08-27";"";""
"";"";"";"2026-08-13";"";""
"";"";"";"2026-09-03";"";""
"";"";"";"2026-08-08";"";""
"";"";"";"2026-09-02";"";""
"";"";"";"2026-08-22";"";""
"";"";"";"2026-09-03";"";""
"";"";"";"2026-08-19";"";""
"";"";"";"2026-09-25";"";""
"";"";"";"2026-09-07";"";""
"";"";"";"2026-09-10";"";""
"";"";"";"2026-08-25";"";""
"";"";"";"2026-09-05";"";""
"";"";"";"2026-09-02";"";""
"";"";"";"2026-09-27";"";""
"";"";"";"2026-08-20";"";""
"";"";"";"2026-08-31";"";""
"";"";"";"2026-09-22";"";""
"";"";"";"2026-08-31";"";""
"";"";"";"2026-06-22";"";""
"";"";"";"2026-09-04";"";""
"";"";"";"2026-08-14";"";""
"";"";"";"2026-08-29";"";""
"";"";"";"2026-08-29";"";""
"";"";"";"2026-08-19";"";""
"";"";"";"2026-09-05";"";""
"";"";"";"2026-09-15";"";""
"";"";"";"2026-09-15";"";""
"";"";"";"2026-08-29";"";""
"";"";"";"2026-08-12";"";""
"";"";"";"2026-08-18";"";""
"";"";"";"2026-08-18";"";""
"";"";"";"2026-08-30";"";""
"";"";"";"2026-08-30";"";""
"";"";"";"2026-08-11";"";""
"";"";"";"2026-08-16";"";""
"";"";"";"2026-09-07";"";""
"";"";"";"2026-08-09";"";""
"";"";"";"2026-08-31";"";""
"";"";"";"2026-09-04";"";""
"";"";"";"2026-09-01";"";""
"";"";"";"2026-08-29";"";""
"";"";"";"2026-08-28";"";""
"";"";"";"2026-08-03";"";""
"";"";"";"2026-08-31";"";""
"";"";"";"2026-08-21";"";""
"";"";"";"2026-08-11";"";""
"";"";"";"2026-08-27";"";""
"";"";"";"2026-08-18";"";""
"";"";"";"2026-08-04";"";""
"";"";"";"2026-09-05";"";""
"";"";"";"2026-09-26";"";""
"";"";"";"2026-08-08";"";""
"";"";"";"2026-08-29";"";""
"";"";"";"2026-09-06";"";""
"";"";"";"2026-09-06";"";""
"";"";"";"2026-08-05";"";""
"";"";"";"2026-08-29";"";""
"";"";"";"2026-09-20";"";""
"";"";"";"2026-08-15";"";""
"";"";"";"2026-08-08";"";""
"";"";"";"2026-09-05";"";""
"";"";"";"2026-08-19";"";""
"";"";"";"2026-08-18";"";""
"";"";"";"2026-08-30";"";""
"";"";"";"2026-08-17";"";""
"";"";"";"2026-08-13";"";""
"";"";"";"2026-08-08";"";""
"";"";"";"2026-09-28";"";""
"";"";"";"2026-09-03";"";""
"";"";"";"2026-09-29";"";""
"";"";"";"2026-09-21";"";""
"";"";"";"2026-08-29";"";""
"";"";"";"2026-08-19";"";""
"";"";"";"2026-08-05";"";""
"";"";"";"2026-08-27";"";""
"";"";"";"2026-06-23";"";""
"";"";"";"2026-08-10";"";""
"";"";"";"2026-09-25";"";""
"";"";"";"2026-09-12";"";""
"";"";"";"2026-08-12";"";""
"";"";"";"2026-08-26";"";""
"";"";"";"2026-08-22";"";""
"";"";"";"2026-09-04";"";""
"";"";"";"2026-08-05";"";""
"";"";"";"2026-08-19";"";""
"";"";"";"2026-09-03";"";""
"";"";"";"2026-08-28";"";""
"";"";"";"2026-08-30";"";""
"";"";"";"2026-09-05";"";""
"";"";"";"2026-09-22";"";""
"";"";"";"2026-08-26";"";""
"";"";"";"2026-08-29";"";""
"";"";"";"2026-08-29";"";""
"";"";"";"2026-08-28";"";""
"";"";"";"2026-08-29";"";""
"";"";"";"2026-09-04";"";""
"";"";"";"2026-09-24";"";""
"";"";"";"2026-08-16";"";""
"";"";"";"2026-08-09";"";""
"";"";"";"2026-08-22";"";""
"";"";"";"2026-08-22";"";""
"";"";"";"2026-08-27";"";""
"";"";"";"2026-08-11";"";""
"";"";"";"2026-08-29";"";""
"";"";"";"2026-08-22";"";""
"";"";"";"2026-08-09";"";""
"";"";"";"2026-08-04";"";""
"";"";"";"2026-09-02";"";""
"";"";"";"2026-09-01";"";""
"";"";"";"2026-09-03";"";""
"";"";"";"2026-08-22";"";""
"";"";"";"2026-08-21";"";""
"";"";"";"2026-08-16";"";""
"";"";"";"2026-08-11";"";""
"";"";"";"2026-08-08";"";""
"";"";"";"2026-08-19";"";""
"";"";"";"2026-09-18";"";""
"";"";"";"2026-08-30";"";""
"";"";"";"2026-09-22";"";""
"";"";"";"2026-08-14";"";""
"";"";"";"2026-09-27";"";""
"";"";"";"2026-08-08";"";""
"";"";"";"2026-09-11";"";""
"";"";"";"2026-09-01";"";""
"";"";"";"2026-08-19";"";""
"";"";"";"2026-09-04";"";""
"";"";"";"2026-09-06";"";""
"";"";"";"2026-08-18";"";""
"";"";"";"2026-08-10";"";""
"";"";"";"2026-08-25";"";""
"";"";"";"2026-09-04";"";""
"";"";"";"2026-09-04";"";""
"";"";"";"2026-08-11";"";""
"";"";"";"2026-08-05";"";""
"";"";"";"2026-09-01";"";""
"";"";"";"2026-09-05";"";""
"";"";"";"2026-06-13";"";""