"Страна","Область","Город","Визиты","Посетители","Отказы","Глубина просмотра","Время на сайте"
"Итого и средние","","","5031","2538","0.2039355992844365","4.42178493341284","00:08:45"
"Россия","Удмуртская Республика","Ижевск","3251","1023","0.06644109504767763","5.836973239003384","00:12:42"
"Россия","Не определено","Не определено","183","174","0.4918032786885246","2.371584699453552","00:01:38"
"Россия","Москва и Московская область","Москва","171","158","0.5380116959064327","1.4970760233918128","00:00:50"
"Россия","Самарская область","Самара","139","120","0.2014388489208633","2.302158273381295","00:01:38"
"Россия","Санкт-Петербург и Ленинградская область","Санкт-Петербург","116","113","0.6724137931034483","1.3706896551724137","00:01:05"
"Россия","Москва и Московская область","Не определено","112","107","0.7053571428571429","1.3035714285714286","00:00:49"
"Россия","Удмуртская Республика","Не определено","93","65","0.16129032258064516","2.3763440860215055","00:02:04"
"США","Не определено","Не определено","54","54","0.9444444444444444","1.1666666666666667","00:00:37"
"Россия","Нижегородская область","Нижний Новгород","51","46","0.1568627450980392","2.2549019607843137","00:02:10"
"Россия","Республика Башкортостан","Уфа","49","44","0.3469387755102041","2.0","00:01:59"
"Сингапур","Область не определена","Сингапур","46","32","0.7391304347826086","1.5217391304347827","00:05:14"
"Нидерланды","Северная Голландия","Амстердам","42","38","0.40476190476190477","2.238095238095238","00:02:47"
"Кыргызстан","Область не определена","Бишкек","27","10","0.14814814814814814","3.3333333333333335","00:04:44"
"Россия","Свердловская область","Екатеринбург","24","24","0.20833333333333337","2.7916666666666665","00:02:31"
"США","Штат Нью-Йорк","Нью-Йорк","21","21","0.9523809523809522","1.1904761904761905","00:00:08"
"Сингапур","Не определено","Не определено","20","15","0.9","1.15","00:01:49"
"Россия","Пермский край","Пермь","19","9","0.15789473684210525","2.526315789473684","00:04:41"
"США","Штат Калифорния","Не определено","18","18","0.6666666666666665","1.0","00:00:07"
"Франция","Область не определена","Париж","18","18","0.33333333333333326","1.0","00:00:41"
"Россия","Республика Татарстан","Казань","16","14","0.25","1.4375","00:00:26"
"Великобритания","Область не определена","Лондон","15","15","0.6666666666666665","1.4666666666666666","00:00:12"
"Россия","Удмуртская Республика","Сарапул","15","11","0.13333333333333333","3.3333333333333335","00:02:06"
"Нидерланды","Северная Голландия","Харлем","14","14","0.0","1.0","00:00:15"
"Россия","Челябинская область","Челябинск","14","12","0.35714285714285715","1.4285714285714286","00:00:24"
"Россия","Ростовская область","Ростов-на-Дону","13","13","0.15384615384615385","1.8461538461538463","00:00:32"
"Россия","Санкт-Петербург и Ленинградская область","Не определено","13","12","0.23076923076923075","2.3076923076923075","00:01:02"
"Финляндия","Уусимаа","Хельсинки","12","9","0.16666666666666663","1.9166666666666667","00:00:33"
"Россия","Москва и Московская область","Домодедово","11","10","0.2727272727272727","1.9090909090909092","00:01:55"
"США","Штат Флорида","Не определено","11","11","0.9090909090909091","1.0","00:00:01"
"США","Штат Орегон","Не определено","10","10","0.5","2.8","00:00:12"
"Вьетнам","Область не определена","Ханой","9","9","0.8888888888888888","1.0","00:00:01"
"Россия","Новосибирская область","Новосибирск","9","8","0.0","3.4444444444444446","00:02:29"
"Россия","Удмуртская Республика","Глазов","9","8","0.1111111111111111","2.6666666666666665","00:04:50"
"Германия","Гессен","Франкфурт-на-Майне","8","8","0.5","1.75","00:00:36"
"Россия","Республика Башкортостан","Нефтекамск","8","4","0.125","1.875","00:00:21"
"Казахстан","Алматинская область","Алматы","7","5","0.2857142857142857","8.571428571428571","00:34:35"
"Китай","Гонконг (Сянган)","Гонконг","7","6","0.5714285714285714","1.1428571428571428","00:00:08"
"Польша","Мазовецкое воеводство","Варшава","7","7","0.5714285714285714","1.0","00:00:06"
"Россия","Кировская область","Киров","7","4","0.14285714285714285","1.1428571428571428","00:00:26"
"Россия","Пермский край","Не определено","7","5","0.0","1.4285714285714286","00:00:28"
"Великобритания","Не определено","Не определено","6","6","0.8333333333333335","1.5","00:00:20"
"Россия","Иркутская область","Иркутск","6","4","0.16666666666666663","1.8333333333333333","00:00:16"
"Россия","Удмуртская Республика","Воткинск","6","6","0.0","1.3333333333333333","00:01:20"
"Россия","Удмуртская Республика","Можга","6","6","0.16666666666666663","2.3333333333333335","00:00:57"
"США","Штат Вирджиния","Не определено","6","6","0.8333333333333335","2.5","00:00:04"
"США","Штат Южная Каролина","Не определено","6","6","0.8333333333333335","1.0","00:00:02"
"США","Штат Юта","Не определено","6","6","0.6666666666666665","1.0","00:00:05"
"Азербайджан","Область не определена","Баку","5","3","0.4","1.0","00:00:23"
"Армения","Область не определена","Ереван","5","2","0.0","1.6","00:04:28"
"Россия","Краснодарский край","Краснодар","5","5","0.4","1.2","00:02:52"
"Россия","Мурманская область","Мурманск","5","4","0.6","1.2","00:00:13"
"Австрия","Не определено","Не определено","4","3","0.5","2.75","00:01:01"
"Вьетнам","Область не определена","Хошимин","4","4","1.0","1.0","00:00:00"
"Кыргызстан","Чуйская область","Не определено","4","2","0.0","1.25","00:00:29"
"Россия","Оренбургская область","Оренбург","4","4","0.25","1.25","00:00:16"
"Россия","Тверская область","Тверь","4","4","0.0","2.5","00:01:48"
"Россия","Челябинская область","Магнитогорск","4","1","0.25","1.0","00:00:11"
"США","Штат Невада","Не определено","4","4","1.0","1.0","00:00:00"
"США","Штат Огайо","Не определено","4","4","0.25","7.75","00:00:28"
"Беларусь","Брестская область","Брест","3","2","0.0","1.3333333333333333","00:14:01"
"Германия","Не определено","Не определено","3","3","0.6666666666666665","7.666666666666667","00:10:25"
"Нидерланды","Не определено","Не определено","3","3","0.33333333333333326","1.6666666666666667","00:00:15"
"Россия","Астраханская область","Астрахань","3","2","0.0","2.3333333333333335","00:08:16"
"Россия","Волгоградская область","Волгоград","3","3","0.33333333333333326","1.0","00:00:10"
"Россия","Вологодская область","Вологда","3","3","0.33333333333333326","1.3333333333333333","00:00:50"
"Россия","Воронежская область","Воронеж","3","3","0.33333333333333326","1.0","00:00:32"
"Россия","Красноярский край","Красноярск","3","3","0.0","2.0","00:00:34"
"Россия","Москва и Московская область","Балашиха","3","3","0.0","1.0","00:00:16"
"Россия","Москва и Московская область","Видное","3","3","0.33333333333333326","1.3333333333333333","00:00:36"
"Россия","Нижегородская область","Не определено","3","3","0.0","4.333333333333333","00:01:43"
"Россия","Свердловская область","Не определено","3","3","0.33333333333333326","1.0","00:00:12"
"Россия","Тамбовская область","Тамбов","3","2","0.0","3.0","00:00:28"
"Россия","Тульская область","Тула","3","2","0.33333333333333326","1.3333333333333333","00:00:06"
"Россия","Тюменская область","Тюмень","3","3","0.33333333333333326","1.0","00:00:22"
"Россия","Хабаровский край","Хабаровск","3","3","0.0","1.6666666666666667","00:00:33"
"Россия","Ярославская область","Не определено","3","3","0.33333333333333326","1.3333333333333333","00:00:21"
"США","Округ Колумбия","Не определено","3","3","0.0","1.0","00:00:14"
"США","Штат Нью-Джерси","Не определено","3","3","0.6666666666666665","1.3333333333333333","00:00:02"
"Турция","Провинция Стамбул","Стамбул","3","3","0.33333333333333326","1.0","00:00:10"
"Япония","Префектура Токио","Токио","3","3","1.0","1.0","00:00:00"
"Беларусь","Минская область","Минск","2","2","0.5","1.0","00:00:08"
"Вьетнам","Не определено","Не определено","2","2","1.0","1.0","00:00:00"
"Германия","Область не определена","Берлин","2","2","0.5","2.5","00:01:03"
"Германия","Свободное государство Бавария","Нюрнберг","2","2","0.5","1.0","00:00:08"
"Германия","Свободное государство Саксония","Не определено","2","2","1.0","1.0","00:00:00"
"Ирландия","Графство Дублин","Дублин","2","2","0.0","5.5","00:01:19"
"Канада","Провинция Онтарио","Торонто","2","2","1.0","1.0","00:00:00"
"Россия","Брянская область","Брянск","2","2","0.0","1.0","00:00:17"
"Россия","Калининградская область","Калининград","2","2","0.0","2.5","00:00:38"
"Россия","Калужская область","Не определено","2","1","0.0","1.0","00:00:24"
"Россия","Кемеровская область (Кузбасс)","Междуреченск","2","1","1.0","1.0","00:00:00"
"Россия","Москва и Московская область","Лобня","2","2","1.0","1.0","00:00:00"
"Россия","Омская область","Омск","2","2","0.5","1.0","00:00:07"
"Россия","Пермский край","Чайковский","2","1","0.0","1.0","00:00:16"
"Россия","Республика Коми","Сыктывкар","2","2","0.5","1.0","00:00:07"
"Россия","Республика Татарстан","Не определено","2","2","0.0","1.0","00:00:15"
"Россия","Ростовская область","Не определено","2","2","0.5","1.0","00:00:07"
"Россия","Свердловская область","Серов","2","1","0.0","1.0","00:00:25"
"Россия","Томская область","Томск","2","2","0.0","1.0","00:00:17"
"Россия","Ульяновская область","Ульяновск","2","2","0.0","2.5","00:01:08"
"США","Штат Вашингтон","Не определено","2","2","1.0","1.0","00:00:00"
"США","Штат Джорджия","Не определено","2","2","1.0","1.0","00:00:00"
"США","Штат Колорадо","Не определено","2","2","0.5","1.0","00:00:05"
"США","Штат Миссури","Не определено","2","1","0.5","1.0","00:00:07"
"Турция","Провинция Анталья","Не определено","2","1","0.0","2.5","00:10:04"
"Узбекистан","Область не определена","Ташкент","2","2","1.0","1.0","00:00:00"
"Чили","Столичная область","Сантьяго","2","2","1.0","1.0","00:00:00"
"Австрия","Земля Вена","Вена","1","1","1.0","1.0","00:00:00"
"Алжир","Область не определена","Константина","1","1","1.0","1.0","00:00:00"
"Американское Самоа","Не определено","Не определено","1","1","1.0","1.0","00:00:00"
"Ангола","Область не определена","Бенгела","1","1","1.0","1.0","00:00:00"
"Аргентина","Провинция Чубут","Эскель","1","1","1.0","1.0","00:00:00"
"Бангладеш","Не определено","Не определено","1","1","1.0","1.0","00:00:00"
"Бельгия","Область не определена","Брюссель","1","1","1.0","1.0","00:00:00"
"Босния и Герцеговина","Не определено","Не определено","1","1","1.0","1.0","00:00:00"
"Бразилия","Штат Мату-Гросу","Sinop","1","1","1.0","1.0","00:00:00"
"Бразилия","Штат Мату-Гросу-ду-Сул","Кампу-Гранди","1","1","1.0","1.0","00:00:00"
"Бразилия","Штат Минас-Жерайс","Посус-ди-Калдас","1","1","1.0","1.0","00:00:00"
"Бразилия","Штат Парана","Не определено","1","1","1.0","1.0","00:00:00"
"Бразилия","Штат Сан-Паулу","Гуаружа","1","1","1.0","1.0","00:00:00"
"Бразилия","Штат Сан-Паулу","Рибейран-Прету","1","1","1.0","1.0","00:00:00"
"Бруней","Область не определена","Бандар-Сери-Бегаван","1","1","1.0","1.0","00:00:00"
"Великобритания","Графство Беркшир","Слау","1","1","0.0","2.0","00:01:13"
"Великобритания","Графство Большой Манчестер","Манчестер","1","1","1.0","1.0","00:00:00"
"Великобритания","Графство Восточный Йоркшир","Кингстон-апон-Халл","1","1","0.0","1.0","00:00:14"
"Великобритания","Графство Дербишир","Дерби","1","1","1.0","1.0","00:00:00"
"Великобритания","Графство Западный Йоркшир","Лидс","1","1","0.0","1.0","00:00:15"
"Великобритания","Графство Мерсисайд","Ливерпуль","1","1","1.0","1.0","00:00:00"
"Великобритания","Графство Стаффордшир","Стаффорд","1","1","1.0","1.0","00:00:00"
"Великобритания","Область Глазго","Глазго","1","1","1.0","1.0","00:00:00"
"Венгрия","Пешт","Будапешт","1","1","0.0","1.0","00:00:16"
"Венесуэла","Штат Сулия","Сьюдад Охеда","1","1","1.0","1.0","00:00:00"
"Вьетнам","Провинция Камау","Камау","1","1","1.0","1.0","00:00:00"
"Вьетнам","Провинция Ниньтхуан","Не определено","1","1","1.0","1.0","00:00:00"
"Вьетнам","Провинция Тханьхоа","Тханьхоа","1","1","1.0","1.0","00:00:00"
"Вьетнам","Провинция Фуйен","Туихоа","1","1","1.0","1.0","00:00:00"
"Гватемала","Департамент Гватемала","Гватемала","1","1","0.0","1.0","00:00:16"
"Германия","Гессен","Не определено","1","1","0.0","1.0","00:00:15"
"Германия","Гессен","Висбаден","1","1","0.0","7.0","00:18:39"
"Германия","Свободное государство Саксония","Дрезден","1","1","1.0","1.0","00:00:00"
"Грузия","Область не определена","Тбилиси","1","1","1.0","1.0","00:00:00"
"Египет","Мухафаза Каир","Каир","1","1","1.0","1.0","00:00:00"
"Индия","Мадхья-Прадеш","Индаур","1","1","1.0","1.0","00:00:00"
"Индия","Махараштра","Мумбаи","1","1","1.0","1.0","00:00:00"
"Индия","Не определено","Не определено","1","1","1.0","1.0","00:00:00"
"Ирак","Мухафаза Эрбиль","Эрбиль","1","1","1.0","1.0","00:00:00"
"Италия","Лигурия","Не определено","1","1","1.0","1.0","00:00:00"
"Италия","Не определено","Не определено","1","1","1.0","1.0","00:00:00"
"Италия","Трентино - Альто-Адидже","Мерано","1","1","1.0","1.0","00:00:00"
"Казахстан","Акмолинская область","Астана","1","1","1.0","1.0","00:00:00"
"Казахстан","Костанайская область","Костанай","1","1","0.0","1.0","00:00:23"
"Казахстан","Кызылординская область","Кызылорда","1","1","0.0","1.0","00:00:19"
"Казахстан","Мангистауская область","Жанаозен","1","1","0.0","1.0","00:00:21"
"Казахстан","Не определено","Не определено","1","1","1.0","1.0","00:00:00"
"Казахстан","Область Абай","Семей","1","1","0.0","1.0","00:00:18"
"Казахстан","Северо-Казахстанская область","Петропавловск","1","1","0.0","1.0","00:00:15"
"Казахстан","Туркестанская область","Шымкент","1","1","1.0","1.0","00:00:00"
"Канада","Провинция Квебек","Монреаль","1","1","0.0","1.0","00:00:15"
"Катар","Эд-Доха","Доха","1","1","1.0","1.0","00:00:00"
"Китай","Не определено","Не определено","1","1","1.0","1.0","00:00:00"
"Коста-Рика","Провинция Эредия","Эредия","1","1","1.0","1.0","00:00:00"
"Малайзия","Область не определена","Куала-Лумпур","1","1","1.0","1.0","00:00:00"
"Марокко","Область не определена","Касабланка","1","1","1.0","1.0","00:00:00"
"Мексика","Федеральный округ","Мехико","1","1","1.0","1.0","00:00:00"
"Молдова","Область не определена","Кишинев","1","1","1.0","1.0","00:00:07"
"Нидерланды","Лимбург","Маастрихт","1","1","0.0","5.0","00:02:42"
"Нидерланды","Провинция Гронинген","Гронинген","1","1","0.0","2.0","00:00:34"
"Новая Зеландия","Не определено","Не определено","1","1","1.0","1.0","00:00:03"
"Норвегия","Вестфолл","Не определено","1","1","0.0","1.0","00:00:15"
"Объединённые Арабские Эмираты","Эмират Абу-Даби","Абу-Даби","1","1","0.0","5.0","00:07:16"
"Объединённые Арабские Эмираты","Эмират Дубай","Дубай","1","1","1.0","1.0","00:00:00"
"Польша","Западно-Поморское воеводство","Щецин","1","1","1.0","1.0","00:00:00"
"Польша","Не определено","Не определено","1","1","1.0","1.0","00:00:00"
"Португалия","Округ Сетубал","Монтижу","1","1","0.0","2.0","00:03:24"
"Пуэрто-Рико","Не определено","Не определено","1","1","1.0","1.0","00:00:00"
"Республика Корея","Кёнсан-Пукто","Пхохан","1","1","0.0","1.0","00:00:15"
"Республика Корея","Область не определена","Пусан","1","1","1.0","1.0","00:00:00"
"Россия","Алтайский край","Барнаул","1","1","1.0","1.0","00:00:00"
"Россия","Владимирская область","Владимир","1","1","1.0","1.0","00:00:00"
"Россия","Владимирская область","Муром","1","1","0.0","1.0","00:00:14"
"Россия","Ивановская область","Иваново","1","1","0.0","1.0","00:00:22"
"Россия","Калининградская область","Краснознаменск","1","1","0.0","1.0","00:00:17"
"Россия","Калужская область","Калуга","1","1","0.0","1.0","00:00:16"
"Россия","Калужская область","Людиново","1","1","0.0","1.0","00:00:15"
"Россия","Кемеровская область (Кузбасс)","Не определено","1","1","1.0","1.0","00:00:00"
"Россия","Краснодарский край","Туапсе","1","1","0.0","7.0","00:06:47"
"Россия","Красноярский край","Железногорск","1","1","0.0","6.0","00:04:27"
"Россия","Красноярский край","Канск","1","1","0.0","2.0","00:00:28"
"Россия","Курганская область","Петухово","1","1","1.0","1.0","00:00:00"
"Россия","Курская область","Курск","1","1","0.0","2.0","00:01:15"
"Россия","Липецкая область","Елец","1","1","1.0","1.0","00:00:00"
"Россия","Москва и Московская область","Долгопрудный","1","1","0.0","1.0","00:00:15"
"Россия","Москва и Московская область","Королёв","1","1","0.0","1.0","00:00:15"
"Россия","Москва и Московская область","Люберцы","1","1","1.0","1.0","00:00:00"
"Россия","Москва и Московская область","Подольск","1","1","0.0","1.0","00:00:24"
"Россия","Мурманская область","Не определено","1","1","0.0","1.0","00:00:18"
"Россия","Пензенская область","Пенза","1","1","0.0","3.0","00:00:48"
"Россия","Республика Башкортостан","Не определено","1","1","0.0","1.0","00:00:15"
"Россия","Республика Башкортостан","Стерлитамак","1","1","0.0","1.0","00:00:23"
"Россия","Республика Дагестан","Махачкала","1","1","0.0","1.0","00:00:22"
"Россия","Республика Коми","Не определено","1","1","0.0","1.0","00:00:15"
"Россия","Республика Крым","Ялта","1","1","1.0","1.0","00:00:00"
"Россия","Республика Татарстан","Набережные Челны","1","1","0.0","2.0","00:00:46"
"Россия","Республика Татарстан","Нижнекамск","1","1","1.0","1.0","00:00:00"
"Россия","Республика Хакасия","Абакан","1","1","0.0","1.0","00:01:55"
"Россия","Рязанская область","Рязань","1","1","0.0","2.0","00:00:36"
"Россия","Самарская область","Не определено","1","1","0.0","1.0","00:00:15"
"Россия","Свердловская область","Верхняя Пышма","1","1","0.0","1.0","00:00:20"
"Россия","Свердловская область","Каменск-Уральский","1","1","0.0","1.0","00:00:15"
"Россия","Свердловская область","Нижний Тагил","1","1","1.0","1.0","00:00:00"
"Россия","Свердловская область","Сухой Лог","1","1","0.0","1.0","00:00:15"
"Россия","Ставропольский край","Ставрополь","1","1","0.0","1.0","00:01:05"
"Россия","Тверская область","Не определено","1","1","0.0","1.0","00:00:22"
"Россия","Тверская область","Ржев","1","1","0.0","1.0","00:00:15"
"Россия","Тверская область","Торжок","1","1","0.0","1.0","00:00:16"
"Россия","Тульская область","Новомосковск","1","1","0.0","1.0","00:00:15"
"Россия","Тюменская область","Не определено","1","1","1.0","1.0","00:00:00"
"Россия","Ульяновская область","Димитровград","1","1","0.0","1.0","00:00:16"
"Россия","Ханты-Мансийский автономный округ — Югра","Нижневартовск","1","1","1.0","1.0","00:00:00"
"Россия","Чувашская Республика","Не определено","1","1","0.0","1.0","00:00:22"
"Россия","Чувашская Республика","Новочебоксарск","1","1","1.0","1.0","00:00:00"
"Россия","Ямало-Ненецкий автономный округ","Новый Уренгой","1","1","0.0","1.0","00:00:15"
"Россия","Ярославская область","Ярославль","1","1","0.0","1.0","00:00:15"
"Румыния","Область не определена","Бухарест","1","1","1.0","1.0","00:00:00"
"США","Округ Колумбия","Вашингтон","1","1","0.0","1.0","00:00:15"
"США","Штат Висконсин","Нью-Берлин","1","1","1.0","1.0","00:00:03"
"США","Штат Делавэр","Не определено","1","1","1.0","1.0","00:00:00"
"США","Штат Иллинойс","Не определено","1","1","1.0","1.0","00:00:00"
"США","Штат Коннектикут","Не определено","1","1","1.0","1.0","00:00:00"
"США","Штат Луизиана","Не определено","1","1","1.0","1.0","00:00:00"
"США","Штат Мэриленд","Не определено","1","1","1.0","1.0","00:00:00"
"США","Штат Нью-Джерси","Трентон","1","1","0.0","2.0","00:02:37"
"США","Штат Орегон","Сейлем","1","1","0.0","10.0","00:00:36"
"США","Штат Северная Каролина","Не определено","1","1","1.0","1.0","00:00:00"
"США","Штат Северная Каролина","Нью-Берн","1","1","1.0","1.0","00:00:00"
"США","Штат Северная Каролина","Шарлотт","1","1","1.0","1.0","00:00:00"
"США","Штат Техас","Даллас","1","1","1.0","1.0","00:00:00"
"Сербия","Округ Белград","Белград","1","1","0.0","1.0","00:00:16"
"Таиланд","Область не определена","Бангкок","1","1","0.0","7.0","00:06:29"
"Таиланд","Провинция Чонбури","Чонбури","1","1","0.0","1.0","00:00:28"
"Турция","Провинция Анталья","Анталья","1","1","0.0","1.0","00:00:20"
"Филиппины","Провинция Тарлак","Тарлак","1","1","1.0","1.0","00:00:00"
"Филиппины","Столичный регион","Манила","1","1","1.0","1.0","00:00:00"
"Франция","Жиронда","Бордо","1","1","1.0","1.0","00:00:00"
"Франция","Не определено","Не определено","1","1","0.0","1.0","00:00:15"
"Чехия","Область не определена","Прага","1","1","0.0","1.0","00:00:15"
"Чехия","Южночешский край","Не определено","1","1","0.0","1.0","00:00:16"
"Чехия","Южночешский край","Ческе-Будеёвице","1","1","0.0","1.0","00:00:22"
"Швейцария","Кантон Цюрих","Цюрих","1","1","0.0","1.0","00:00:11"
"Швеция","Лен Стокгольм","Стокгольм","1","1","0.0","1.0","00:00:13"
"ЮАР","Область не определена","Клерксдорп","1","1","1.0","1.0","00:00:00"
