"Интервал дат визита","Визиты","Посетители","Просмотры","Доля новых посетителей","Отказы","Глубина просмотра","Время на сайте"
"Итого и средние","5036","2540","22258","0.9716535433070866","0.2039316918189039","4.41977760127085","00:08:45"
"2026-10-01","5","5","11","0.4","0.2","2.2","00:02:00"
"2026-09-30","77","55","349","0.6181818181818182","0.10389610389610389","4.532467532467533","00:08:26"
"2026-09-29","106","67","415","0.746268656716418","0.1981132075471698","3.9150943396226414","00:06:32"
"2026-09-28","96","68","377","0.6323529411764706","0.20833333333333337","3.9270833333333335","00:07:19"
"2026-09-27","22","20","60","0.9","0.13636363636363635","2.727272727272727","00:00:52"
"2026-09-26","24","20","67","0.8","0.33333333333333326","2.7916666666666665","00:03:47"
"2026-09-25","69","42","246","0.6190476190476191","0.14492753623188406","3.5652173913043477","00:08:03"
"2026-09-24","94","74","329","0.8243243243243243","0.22340425531914893","3.5","00:06:06"
"2026-09-23","74","56","372","0.6964285714285714","0.14864864864864866","5.027027027027027","00:09:41"
"2026-09-22","112","86","408","0.7558139534883721","0.25892857142857145","3.642857142857143","00:07:24"
"2026-09-21","81","58","310","0.7586206896551724","0.14814814814814814","3.8271604938271606","00:08:09"
"2026-09-20","47","43","127","0.8604651162790699","0.3617021276595745","2.702127659574468","00:01:37"
"2026-09-19","21","18","110","0.7777777777777779","0.19047619047619047","5.238095238095238","00:11:06"
"2026-09-18","57","36","240","0.6111111111111112","0.15789473684210525","4.2105263157894735","00:07:12"
"2026-09-17","95","75","297","0.8266666666666667","0.25263157894736843","3.126315789473684","00:06:22"
"2026-09-16","88","63","298","0.7619047619047619","0.14772727272727273","3.3863636363636362","00:06:40"
"2026-09-15","85","63","265","0.6984126984126984","0.2352941176470588","3.1176470588235294","00:04:41"
"2026-09-14","89","67","298","0.6716417910447761","0.16853932584269665","3.348314606741573","00:05:24"
"2026-09-13","16","16","26","0.8125","0.1875","1.625","00:01:09"
"2026-09-12","46","39","76","0.8974358974358975","0.45652173913043476","1.6521739130434783","00:02:39"
"2026-09-11","45","29","193","0.7241379310344827","0.2","4.288888888888889","00:08:34"
"2026-09-10","79","56","278","0.6785714285714286","0.21518987341772153","3.518987341772152","00:08:33"
"2026-09-09","81","58","348","0.7068965517241379","0.2222222222222222","4.296296296296297","00:08:17"
"2026-09-08","68","48","312","0.6666666666666665","0.14705882352941177","4.588235294117647","00:10:11"
"2026-09-07","69","44","250","0.6590909090909091","0.10144927536231885","3.6231884057971016","00:08:10"
"2026-09-06","14","12","18","0.75","0.21428571428571427","1.2857142857142858","00:00:17"
"2026-09-05","18","16","25","0.75","0.4444444444444444","1.3888888888888888","00:01:26"
"2026-09-04","61","47","302","0.6382978723404256","0.21311475409836064","4.950819672131147","00:11:49"
"2026-09-03","83","62","268","0.7903225806451613","0.18072289156626506","3.2289156626506026","00:07:10"
"2026-09-02","86","60","292","0.75","0.17441860465116277","3.395348837209302","00:07:28"
"2026-09-01","70","46","289","0.717391304347826","0.17142857142857143","4.128571428571429","00:08:29"
"2026-08-31","67","45","329","0.6888888888888889","0.13432835820895522","4.91044776119403","00:15:01"
"2026-08-30","18","15","93","0.6666666666666665","0.2222222222222222","5.166666666666667","00:06:27"
"2026-08-29","17","11","233","0.5454545454545454","0.1176470588235294","13.705882352941176","00:18:40"
"2026-08-28","121","95","388","0.8631578947368422","0.48760330578512395","3.206611570247934","00:05:58"
"2026-08-27","63","44","255","0.6818181818181818","0.2222222222222222","4.0476190476190474","00:06:59"
"2026-08-26","62","34","326","0.5882352941176471","0.14516129032258066","5.258064516129032","00:15:27"
"2026-08-25","74","52","227","0.7884615384615384","0.20270270270270271","3.0675675675675675","00:08:23"
"2026-08-24","59","37","376","0.6486486486486487","0.11864406779661017","6.372881355932203","00:11:45"
"2026-08-23","14","13","82","0.6923076923076923","0.07142857142857142","5.857142857142857","00:03:58"
"2026-08-22","13","12","74","0.75","0.15384615384615385","5.6923076923076925","00:10:55"
"2026-08-21","54","31","237","0.6451612903225806","0.2222222222222222","4.388888888888889","00:10:06"
"2026-08-20","58","32","269","0.6875","0.13793103448275862","4.637931034482759","00:10:26"
"2026-08-19","69","42","296","0.7142857142857143","0.2028985507246377","4.2898550724637685","00:10:49"
"2026-08-18","69","51","214","0.7254901960784313","0.2028985507246377","3.101449275362319","00:08:51"
"2026-08-17","59","40","287","0.55","0.15254237288135594","4.864406779661017","00:16:53"
"2026-08-16","16","15","64","0.8666666666666667","0.375","4.0","00:03:27"
"2026-08-15","20","19","50","0.9473684210526315","0.4","2.5","00:00:59"
"2026-08-14","36","33","101","0.7878787878787878","0.3055555555555556","2.8055555555555554","00:02:27"
"2026-08-13","81","46","456","0.7608695652173914","0.24691358024691357","5.62962962962963","00:10:14"
"2026-08-12","65","40","409","0.675","0.2","6.292307692307692","00:11:19"
"2026-08-11","68","40","342","0.675","0.1323529411764706","5.029411764705882","00:07:47"
"2026-08-10","86","48","379","0.7083333333333335","0.22093023255813954","4.406976744186046","00:09:47"
"2026-08-09","82","74","143","0.9459459459459459","0.7804878048780488","1.7439024390243902","00:00:47"
"2026-08-08","28","23","249","0.8695652173913043","0.42857142857142855","8.892857142857142","00:14:05"
"2026-08-07","50","31","185","0.6451612903225806","0.16","3.7","00:07:11"
"2026-08-06","57","37","229","0.6756756756756757","0.08771929824561403","4.017543859649122","00:07:39"
"2026-08-05","58","40","288","0.575","0.20689655172413793","4.9655172413793105","00:10:02"
"2026-08-04","62","41","218","0.7560975609756098","0.20967741935483872","3.5161290322580645","00:07:27"
"2026-08-03","58","37","199","0.6216216216216216","0.1896551724137931","3.4310344827586206","00:06:51"
"2026-08-02","13","11","69","0.8181818181818182","0.23076923076923075","5.3076923076923075","00:03:21"
"2026-08-01","8","8","13","0.875","0.5","1.625","00:01:03"
"2026-07-31","59","40","210","0.675","0.1864406779661017","3.559322033898305","00:08:16"
"2026-07-30","61","38","283","0.5789473684210527","0.08196721311475409","4.639344262295082","00:10:21"
"2026-07-29","59","34","333","0.6764705882352942","0.11864406779661017","5.6440677966101696","00:14:55"
"2026-07-28","56","40","238","0.575","0.21428571428571427","4.25","00:14:41"
"2026-07-27","54","36","177","0.6111111111111112","0.1111111111111111","3.2777777777777777","00:05:59"
"2026-07-26","17","15","58","0.8666666666666667","0.35294117647058826","3.411764705882353","00:05:27"
"2026-07-25","10","9","13","0.8888888888888888","0.3","1.3","00:00:19"
"2026-07-24","63","46","229","0.6956521739130435","0.20634920634920634","3.634920634920635","00:08:07"
"2026-07-23","51","33","329","0.696969696969697","0.13725490196078433","6.450980392156863","00:16:29"
"2026-07-22","59","42","358","0.6904761904761905","0.06779661016949153","6.067796610169491","00:16:05"
"2026-07-21","57","35","258","0.5428571428571428","0.12280701754385964","4.526315789473684","00:10:50"
"2026-07-20","58","35","317","0.5714285714285714","0.13793103448275862","5.4655172413793105","00:12:32"
"2026-07-19","14","14","32","0.9285714285714286","0.07142857142857142","2.2857142857142856","00:02:26"
"2026-07-18","14","13","40","0.8461538461538461","0.5","2.857142857142857","00:01:36"
"2026-07-17","69","43","464","0.627906976744186","0.14492753623188406","6.72463768115942","00:12:19"
"2026-07-16","61","37","328","0.6756756756756757","0.16393442622950818","5.377049180327869","00:09:50"
"2026-07-15","66","39","377","0.6666666666666665","0.16666666666666663","5.712121212121212","00:09:10"
"2026-07-14","69","39","363","0.6923076923076923","0.14492753623188406","5.260869565217392","00:10:38"
"2026-07-13","70","43","552","0.7209302325581395","0.14285714285714285","7.885714285714286","00:13:11"
"2026-07-12","13","13","25","0.7692307692307694","0.3846153846153847","1.9230769230769231","00:00:40"
"2026-07-11","19","17","32","0.7058823529411765","0.3684210526315789","1.6842105263157894","00:00:25"
"2026-07-10","65","36","483","0.7222222222222221","0.27692307692307694","7.430769230769231","00:08:47"
"2026-07-09","68","37","274","0.7027027027027027","0.08823529411764706","4.029411764705882","00:08:50"
"2026-07-08","59","37","350","0.6216216216216216","0.15254237288135594","5.932203389830509","00:12:02"
"2026-07-07","64","31","514","0.5483870967741935","0.140625","8.03125","00:14:20"
"2026-07-06","61","34","388","0.5588235294117647","0.06557377049180328","6.360655737704918","00:09:15"
"2026-07-05","8","6","23","0.8333333333333335","0.125","2.875","00:03:10"
"2026-07-04","18","12","101","0.8333333333333335","0.38888888888888895","5.611111111111111","00:12:56"
"2026-07-03","51","26","361","0.5384615384615384","0.13725490196078433","7.078431372549019","00:14:32"
"2026-07-02","60","40","412","0.675","0.2","6.866666666666666","00:09:51"
