"Тип устройства","Производитель устройства","Модель устройства","Визиты","Посетители","Отказы","Глубина просмотра","Время на сайте"
"Итого и средние","","","5036","2540","0.2039316918189039","4.41977760127085","00:08:45"
"ПК","Не определено","Не определено","4010","1699","0.19925187032418953","4.94713216957606","00:10:28"
"Смартфоны","Apple","iPhone","484","397","0.2190082644628099","2.3698347107438016","00:02:03"
"Смартфоны","Xiaomi","21081111rg","28","2","0.0","3.7857142857142856","00:04:41"
"Смартфоны","Apple","iphone","24","24","0.9166666666666665","1.0","00:00:02"
"Смартфоны","Samsung","sm-s916b","15","3","0.4","1.7333333333333334","00:01:14"
"Смартфоны","Motorola","moto g power (2022)","9","9","0.6666666666666665","1.0","00:00:04"
"Смартфоны","Samsung","sm-a546e","8","5","0.125","2.875","00:00:42"
"Смартфоны","Не определено","Не определено","7","4","0.2857142857142857","1.5714285714285714","00:00:23"
"Смартфоны","Xiaomi","POCO X3 PRO","7","4","0.42857142857142855","3.142857142857143","00:07:14"
"Смартфоны","Xiaomi","REDMI NOTE 10 PRO","7","7","0.42857142857142855","3.0","00:02:18"
"Смартфоны","Motorola","model","6","6","0.6666666666666665","1.0","00:00:05"
"Смартфоны","Samsung","sm-a556e","6","6","0.16666666666666663","1.5","00:00:14"
"Смартфоны","Xiaomi","2201117pg","6","4","0.16666666666666663","2.6666666666666665","00:03:46"
"Смартфоны","Xiaomi","220333qny","6","4","0.16666666666666663","1.5","00:02:56"
"Смартфоны","Xiaomi","23124ra7eo","6","6","0.16666666666666663","3.3333333333333335","00:05:37"
"Смартфоны","Xiaomi","2412dpc0ag","6","4","0.16666666666666663","2.8333333333333335","00:01:27"
"Смартфоны","HONOR","rky-lx1","6","1","0.0","1.5","00:02:54"
"Смартфоны","Realme","rmx3941","6","2","0.16666666666666663","1.8333333333333333","00:00:27"
"Смартфоны","Samsung","sm-a356e","5","5","0.2","1.4","00:00:26"
"Смартфоны","Samsung","sm-s931b","5","5","0.2","1.4","00:00:28"
"Смартфоны","Google","pixel 7 pro","5","3","0.0","2.0","00:02:11"
"Смартфоны","Samsung","sm-a266b","4","3","0.0","4.5","00:02:32"
"Смартфоны","Samsung","sm-g930v","4","4","0.75","1.0","00:00:03"
"Смартфоны","Samsung","sm-s918b","4","4","0.25","1.5","00:00:40"
"Смартфоны","Samsung","sm-s938b","4","4","0.25","1.5","00:00:12"
"Смартфоны","Huawei","lmr-lx9","4","1","0.0","1.0","00:00:28"
"Смартфоны","Samsung","sm-a245f","3","3","0.33333333333333326","1.0","00:00:11"
"Смартфоны","Samsung","sm-a536e","3","3","0.0","4.666666666666667","00:03:37"
"Смартфоны","Samsung","sm-g975f","3","3","0.0","2.6666666666666665","00:01:48"
"Смартфоны","Samsung","sm-s721b","3","2","0.33333333333333326","5.0","00:03:03"
"Смартфоны","Samsung","sm-s731b","3","3","0.33333333333333326","2.3333333333333335","00:00:50"
"Смартфоны","Samsung","sm-s948b","3","3","0.33333333333333326","1.0","00:00:15"
"Смартфоны","ZTE","nx733j","3","1","0.0","7.0","00:19:26"
"Смартфоны","Google","pixel 7","3","3","0.0","5.333333333333333","00:03:16"
"Смартфоны","Infinix","infinix x6833b","3","3","0.33333333333333326","2.0","00:00:31"
"Смартфоны","Xiaomi","2201117sy","3","1","0.33333333333333326","1.3333333333333333","00:02:25"
"Смартфоны","Xiaomi","2203129g","3","2","0.0","3.6666666666666665","00:04:25"
"Смартфоны","Xiaomi","2209116ag","3","3","0.33333333333333326","4.0","00:01:26"
"Смартфоны","Xiaomi","2306epn60g","3","3","0.0","7.0","00:03:05"
"Смартфоны","Xiaomi","23090ra98g","3","3","0.33333333333333326","1.0","00:00:22"
"Смартфоны","Xiaomi","23117ra68g","3","3","0.0","1.0","00:00:20"
"Смартфоны","Xiaomi","24069pc21g","3","2","0.33333333333333326","1.0","00:00:32"
"Смартфоны","Xiaomi","2406apnfag","3","2","0.33333333333333326","2.6666666666666665","00:02:07"
"Смартфоны","Xiaomi","24116raccg","3","2","0.0","1.3333333333333333","00:01:08"
"Смартфоны","Xiaomi","2510dpc44g","3","1","0.0","2.3333333333333335","00:00:22"
"Смартфоны","Xiaomi","POCO F3","3","3","0.33333333333333326","1.3333333333333333","00:00:41"
"Смартфоны","Xiaomi","POCO X3 NFC","3","1","0.0","2.6666666666666665","00:03:57"
"Смартфоны","Xiaomi","mi 9 lite","3","1","0.33333333333333326","2.3333333333333335","00:00:45"
"Смартфоны","Tecno","tecno kg5n","3","2","0.6666666666666665","1.0","00:00:04"
"Смартфоны","HONOR","dny-nx9","3","3","0.0","1.3333333333333333","00:00:46"
"Смартфоны","HONOR","rmo-nx1","3","3","0.0","2.6666666666666665","00:02:18"
"Смартфоны","Realme","rmx1971","3","3","0.33333333333333326","2.0","00:00:31"
"Смартфоны","Realme","rmx3710","3","3","1.0","1.0","00:00:00"
"Смартфоны","Samsung","sm-a125f","2","2","0.0","1.0","00:00:23"
"Смартфоны","Samsung","sm-a155f","2","2","0.0","3.0","00:04:56"
"Смартфоны","Samsung","sm-a175f","2","2","0.0","1.5","00:00:27"
"Смартфоны","Samsung","sm-a235f","2","2","0.0","1.5","00:00:53"
"Смартфоны","Samsung","sm-a315f","2","1","0.0","1.0","00:00:14"
"Смартфоны","Samsung","sm-a366b","2","2","0.5","3.5","00:00:29"
"Смартфоны","Samsung","sm-a566b","2","2","0.0","1.0","00:01:34"
"Смартфоны","Samsung","sm-a715f","2","2","0.0","1.0","00:00:15"
"Смартфоны","Samsung","sm-a736b","2","2","0.0","4.0","00:00:57"
"Смартфоны","Samsung","sm-g780g","2","2","0.0","2.0","00:01:10"
"Смартфоны","Samsung","sm-s711b","2","1","1.0","1.0","00:00:00"
"Смартфоны","Samsung","sm-s921b","2","2","0.0","6.0","00:03:57"
"Смартфоны","Samsung","sm-s928b","2","2","0.0","2.5","00:03:42"
"Смартфоны","Samsung","sm-s936b","2","2","0.0","3.0","00:08:29"
"Смартфоны","Samsung","sm-s947b","2","2","0.0","1.0","00:00:19"
"Смартфоны","Huawei","ctr-l81","2","2","0.0","1.0","00:00:17"
"Смартфоны","Huawei","foa-lx9","2","2","0.0","3.0","00:00:46"
"Смартфоны","Huawei","mao-lx9n","2","1","0.0","4.0","00:01:02"
"Смартфоны","Huawei","mna-lx9","2","2","0.0","2.0","00:00:50"
"Смартфоны","OPPO","cph2333","2","2","0.0","2.5","00:01:33"
"Смартфоны","OPPO","cph2565","2","2","0.0","6.0","00:00:59"
"Смартфоны","OPPO","cph2653","2","2","0.5","1.0","00:00:08"
"Смартфоны","Infinix","infinix x669d","2","2","0.5","2.0","00:00:24"
"Смартфоны","Infinix","infinix x6716","2","2","0.0","2.0","00:01:05"
"Смартфоны","Infinix","infinix x678b","2","2","0.0","2.0","00:03:49"
"Смартфоны","Xiaomi","2201117ty","2","2","0.0","4.0","00:02:48"
"Смартфоны","Xiaomi","22111317pg","2","2","0.0","3.5","00:01:04"
"Смартфоны","Xiaomi","23021raa2y","2","2","0.0","3.0","00:17:46"
"Смартфоны","Xiaomi","23030rac7y","2","2","0.0","26.0","00:17:30"
"Смартфоны","Xiaomi","23053rn02y","2","2","0.0","3.0","00:00:52"
"Смартфоны","Xiaomi","2310fpca4g","2","2","0.5","1.0","00:00:11"
"Смартфоны","Xiaomi","2311drk48g","2","2","1.0","1.0","00:00:00"
"Смартфоны","Xiaomi","23122pcd1g","2","1","0.0","2.0","00:13:18"
"Смартфоны","Xiaomi","23127pn0cg","2","2","0.5","1.0","00:00:08"
"Смартфоны","Xiaomi","2312fpca6g","2","2","0.5","3.5","00:01:10"
"Смартфоны","Xiaomi","25053pc47g","2","1","0.5","2.0","00:00:51"
"Смартфоны","Xiaomi","25100ra69g","2","2","0.0","3.5","00:00:36"
"Смартфоны","Xiaomi","MI 11 LITE","2","1","0.0","3.5","00:04:28"
"Смартфоны","Xiaomi","POCO M3 PRO","2","1","0.0","10.5","00:06:25"
"Смартфоны","Xiaomi","REDMI NOTE 10S","2","2","0.0","5.5","00:02:20"
"Смартфоны","Xiaomi","m2003j15sc","2","2","0.0","2.0","00:00:14"
"Смартфоны","Xiaomi","redmi note 8 pro","2","2","0.5","1.0","00:00:07"
"Смартфоны","Xiaomi","redmi note 9 pro","2","2","0.0","1.5","00:00:45"
"Смартфоны","Vivo","v2153","2","1","0.0","1.0","00:00:15"
"Смартфоны","Vivo","v2205","2","2","0.0","1.5","00:00:25"
"Смартфоны","Tecno","tecno ch6i","2","1","0.0","3.0","00:00:52"
"Смартфоны","Tecno","tecno cm5","2","2","0.0","4.0","00:10:40"
"Смартфоны","Tecno","tecno kh7n","2","2","0.0","1.0","00:00:21"
"Смартфоны","Tecno","tecno lh7n","2","2","0.5","4.5","00:01:49"
"Смартфоны","Tecno","tecno li9","2","1","0.0","1.5","00:00:47"
"Смартфоны","HONOR","ali-nx1","2","2","0.0","2.5","00:01:45"
"Смартфоны","HONOR","dua-lx9","2","1","0.0","1.0","00:00:41"
"Смартфоны","HONOR","eli-nx9","2","2","0.5","4.5","00:02:08"
"Смартфоны","HONOR","hry-lx1t","2","2","0.0","2.5","00:03:17"
"Смартфоны","HONOR","nth-nx9","2","1","0.0","1.5","00:01:51"
"Смартфоны","HONOR","rea-nx9","2","1","0.0","1.0","00:00:17"
"Смартфоны","HONOR","yal-l21","2","2","0.5","2.0","00:05:39"
"Смартфоны","Realme","rmx3636","2","2","0.0","3.0","00:02:49"
"Смартфоны","Realme","rmx3661","2","1","0.5","1.5","00:00:37"
"Смартфоны","Realme","rmx3842","2","2","0.5","2.0","00:00:28"
"Смартфоны","Realme","rmx3890","2","2","0.5","2.0","00:06:30"
"Планшеты","Xiaomi","23043rp34g","2","2","0.0","11.0","00:05:44"
"Смартфоны","Не определено","2602dpt53g","1","1","0.0","3.0","00:01:27"
"Смартфоны","Не определено","2602eptc0g","1","1","0.0","1.0","00:00:29"
"Смартфоны","Не определено","bkq-an10","1","1","1.0","1.0","00:00:00"
"Смартфоны","Не определено","lra-an00","1","1","1.0","1.0","00:00:00"
"Смартфоны","Не определено","vkj-nx9","1","1","0.0","1.0","00:00:30"
"Смартфоны","Nokia","nokia 8.3","1","1","0.0","2.0","00:00:42"
"Смартфоны","Samsung","sm-a022g","1","1","1.0","1.0","00:00:00"
"Смартфоны","Samsung","sm-a035f","1","1","0.0","3.0","00:00:12"
"Смартфоны","Samsung","sm-a057f","1","1","0.0","1.0","00:00:19"
"Смартфоны","Samsung","sm-a127f","1","1","0.0","4.0","00:02:45"
"Смартфоны","Samsung","sm-a135f","1","1","0.0","1.0","00:00:19"
"Смартфоны","Samsung","sm-a145f","1","1","0.0","1.0","00:00:20"
"Смартфоны","Samsung","sm-a325f","1","1","0.0","1.0","00:00:15"
"Смартфоны","Samsung","sm-a346m","1","1","1.0","1.0","00:00:00"
"Смартфоны","Samsung","sm-a356u","1","1","0.0","2.0","00:00:47"
"Смартфоны","Samsung","sm-a505fn","1","1","0.0","1.0","00:01:37"
"Смартфоны","Samsung","sm-a515f","1","1","0.0","3.0","00:01:40"
"Смартфоны","Samsung","sm-a525f","1","1","0.0","3.0","00:04:30"
"Смартфоны","Samsung","sm-a528b","1","1","0.0","5.0","00:02:28"
"Смартфоны","Samsung","sm-a546b","1","1","1.0","1.0","00:00:00"
"Смартфоны","Samsung","sm-a566e","1","1","0.0","3.0","00:00:19"
"Смартфоны","Samsung","sm-a576b","1","1","0.0","3.0","00:01:34"
"Смартфоны","Samsung","sm-a908n","1","1","0.0","1.0","00:00:15"
"Смартфоны","Samsung","sm-f741u","1","1","1.0","1.0","00:00:00"
"Смартфоны","Samsung","sm-f956b","1","1","1.0","1.0","00:00:00"
"Смартфоны","Samsung","sm-g781b","1","1","0.0","1.0","00:00:54"
"Смартфоны","Samsung","sm-j415fn","1","1","0.0","1.0","00:00:15"
"Смартфоны","Samsung","sm-m315f","1","1","0.0","2.0","00:00:45"
"Смартфоны","Samsung","sm-n950n","1","1","0.0","1.0","00:00:15"
"Смартфоны","Samsung","sm-s901b","1","1","0.0","1.0","00:00:22"
"Смартфоны","Samsung","sm-s906b","1","1","0.0","1.0","00:01:39"
"Смартфоны","Samsung","sm-s908b","1","1","0.0","1.0","00:02:17"
"Смартфоны","Samsung","sm-s911b","1","1","0.0","3.0","00:00:48"
"Смартфоны","Samsung","sm-s926b","1","1","0.0","2.0","00:00:38"
"Смартфоны","Samsung","sm-s9280","1","1","0.0","1.0","00:00:20"
"Смартфоны","Samsung","sm-s9310","1","1","1.0","1.0","00:00:00"
"Смартфоны","Samsung","sm-s936u","1","1","1.0","1.0","00:00:00"
"Смартфоны","Alcatel","6025h_ru","1","1","0.0","5.0","00:08:59"
"Смартфоны","ASUS","asus_ai2302","1","1","0.0","1.0","00:00:31"
"Смартфоны","Acer","a750","1","1","0.0","1.0","00:00:46"
"Смартфоны","ZTE","zte blade a5 2019ru","1","1","0.0","1.0","00:00:15"
"Смартфоны","Huawei","ady-lx9","1","1","0.0","2.0","00:00:38"
"Смартфоны","Huawei","eml-l29","1","1","1.0","1.0","00:00:00"
"Смартфоны","Huawei","hbp-lx9","1","1","0.0","1.0","00:00:16"
"Смартфоны","Huawei","nco-lx1","1","1","0.0","2.0","00:00:25"
"Смартфоны","Huawei","stg-lx2","1","1","0.0","1.0","00:00:24"
"Смартфоны","Huawei","tlr-lx9","1","1","0.0","4.0","00:00:29"
"Смартфоны","Sony","i2507","1","1","0.0","1.0","00:00:53"
"Смартфоны","OPPO","cph1931","1","1","0.0","3.0","00:00:51"
"Смартфоны","OPPO","cph2363","1","1","0.0","1.0","00:01:10"
"Смартфоны","OPPO","cph2417","1","1","1.0","1.0","00:00:00"
"Смартфоны","OPPO","cph2747","1","1","0.0","4.0","00:30:42"
"Смартфоны","Google","pixel 4a","1","1","0.0","1.0","00:00:31"
"Смартфоны","Google","pixel 6a","1","1","0.0","4.0","00:01:06"
"Смартфоны","Google","pixel 9","1","1","0.0","5.0","00:03:22"
"Смартфоны","Google","pixel 9 pro xl","1","1","0.0","3.0","00:00:27"
"Смартфоны","Infinix","infinix x6731b","1","1","0.0","5.0","00:02:13"
"Смартфоны","Infinix","infinix x676c","1","1","0.0","2.0","00:00:47"
"Смартфоны","Infinix","infinix x6837","1","1","0.0","2.0","00:01:54"
"Смартфоны","Xiaomi","2107113sg","1","1","0.0","3.0","00:00:15"
"Смартфоны","Xiaomi","21091116ag","1","1","1.0","1.0","00:00:00"
"Смартфоны","Xiaomi","2109119dg","1","1","1.0","1.0","00:00:00"
"Смартфоны","Xiaomi","21121210g","1","1","0.0","1.0","00:00:16"
"Смартфоны","Xiaomi","2201116si","1","1","0.0","1.0","00:00:17"
"Смартфоны","Xiaomi","22071219cg","1","1","0.0","2.0","00:01:46"
"Смартфоны","Xiaomi","22081212ug","1","1","0.0","1.0","00:02:15"
"Смартфоны","Xiaomi","22101316ug","1","1","0.0","6.0","00:13:27"
"Смартфоны","Xiaomi","2211133g","1","1","0.0","1.0","00:00:15"
"Смартфоны","Xiaomi","22126rn91y","1","1","0.0","1.0","00:00:19"
"Смартфоны","Xiaomi","23028rncag","1","1","0.0","1.0","00:00:35"
"Смартфоны","Xiaomi","23078pnd5g","1","1","0.0","1.0","00:00:14"
"Смартфоны","Xiaomi","23108rn04y","1","1","1.0","1.0","00:00:00"
"Смартфоны","Xiaomi","23113rkc6g","1","1","1.0","1.0","00:00:00"
"Смартфоны","Xiaomi","23127pn0cc","1","1","0.0","1.0","00:00:15"
"Смартфоны","Xiaomi","23129rn51x","1","1","0.0","2.0","00:00:36"
"Смартфоны","Xiaomi","24040rn64y","1","1","0.0","1.0","00:00:26"
"Смартфоны","Xiaomi","24095pcadg","1","1","0.0","1.0","00:00:22"
"Смартфоны","Xiaomi","2409brn2cy","1","1","1.0","1.0","00:00:00"
"Смартфоны","Xiaomi","2409fpcc4g","1","1","0.0","1.0","00:00:15"
"Смартфоны","Xiaomi","24117rn76o","1","1","0.0","1.0","00:00:15"
"Смартфоны","Xiaomi","25010pn30g","1","1","0.0","8.0","00:37:40"
"Смартфоны","Xiaomi","2502fra65g","1","1","0.0","1.0","00:00:15"
"Смартфоны","Xiaomi","25062rn2dy","1","1","0.0","1.0","00:00:47"
"Смартфоны","Xiaomi","25078pc3eg","1","1","0.0","1.0","00:00:15"
"Смартфоны","Xiaomi","MI 10T PRO","1","1","0.0","1.0","00:00:22"
"Смартфоны","Xiaomi","REDMI 9T NFC","1","1","0.0","2.0","00:00:40"
"Смартфоны","Xiaomi","REDMI NOTE 10 5G","1","1","0.0","2.0","00:01:14"
"Смартфоны","Xiaomi","m2006c3mng","1","1","0.0","4.0","00:00:49"
"Смартфоны","Xiaomi","m2101k7bl","1","1","0.0","1.0","00:00:19"
"Смартфоны","Xiaomi","mi note 10 pro","1","1","0.0","1.0","00:00:19"
"Смартфоны","Xiaomi","poco x3 nfc","1","1","0.0","1.0","00:00:15"
"Смартфоны","Xiaomi","poco x6 5g","1","1","0.0","3.0","00:00:48"
"Смартфоны","Xiaomi","redmi 8a","1","1","0.0","2.0","00:00:09"
"Смартфоны","Xiaomi","redmi note 10 pro","1","1","0.0","2.0","00:00:54"
"Смартфоны","Xiaomi","redmi note 7","1","1","0.0","3.0","00:14:17"
"Смартфоны","Vivo","v2116","1","1","0.0","5.0","00:03:02"
"Смартфоны","Vivo","v2201","1","1","0.0","1.0","00:00:21"
"Смартфоны","Vivo","v2247","1","1","0.0","2.0","00:00:05"
"Смартфоны","Vivo","v2502a","1","1","0.0","1.0","00:00:15"
"Смартфоны","Vivo","v2509a","1","1","1.0","1.0","00:00:00"
"Смартфоны","Vivo","v2515","1","1","0.0","1.0","00:00:18"
"Смартфоны","Vivo","vivo 1906","1","1","0.0","3.0","00:03:13"
"Смартфоны","Tecno","tecno ad8","1","1","0.0","1.0","00:00:15"
"Смартфоны","Tecno","tecno cd7","1","1","0.0","2.0","00:00:21"
"Смартфоны","Tecno","tecno cm7","1","1","0.0","3.0","00:00:38"
"Смартфоны","Tecno","tecno kf6n","1","1","0.0","2.0","00:01:15"
"Смартфоны","Tecno","tecno kj7","1","1","0.0","3.0","00:01:59"
"Смартфоны","Tecno","tecno km6","1","1","0.0","1.0","00:00:14"
"Смартфоны","Tecno","tecno lf7n","1","1","0.0","1.0","00:01:05"
"Смартфоны","Tecno","tecno lg6n","1","1","0.0","1.0","00:00:15"
"Смартфоны","Tecno","tecno lg7n","1","1","0.0","2.0","00:00:22"
"Смартфоны","Tecno","tecno lh6n","1","1","1.0","1.0","00:00:00"
"Смартфоны","OnePlus","le2121","1","1","1.0","1.0","00:00:00"
"Смартфоны","OnePlus","mt2111","1","1","0.0","1.0","00:00:21"
"Смартфоны","OnePlus","pje110","1","1","0.0","1.0","00:00:20"
"Смартфоны","OnePlus","pkx110","1","1","0.0","1.0","00:00:18"
"Смартфоны","BQ","bq-6861l","1","1","0.0","1.0","00:00:23"
"Смартфоны","Meizu","16th","1","1","1.0","1.0","00:00:00"
"Смартфоны","Wiko","luna t10","1","1","0.0","9.0","00:12:19"
"Смартфоны","HONOR","abr-lx1","1","1","0.0","11.0","00:03:21"
"Смартфоны","HONOR","abr-nx1","1","1","1.0","1.0","00:00:00"
"Смартфоны","HONOR","crt-nx1","1","1","0.0","4.0","00:01:55"
"Смартфоны","HONOR","dua-l22","1","1","0.0","1.0","00:00:15"
"Смартфоны","HONOR","elz-an10","1","1","0.0","2.0","00:27:27"
"Смартфоны","HONOR","jsn-l21","1","1","0.0","4.0","00:09:01"
"Смартфоны","HONOR","tfy-lx1","1","1","0.0","7.0","00:03:22"
"Смартфоны","Realme","rmx2020","1","1","0.0","1.0","00:00:14"
"Смартфоны","Realme","rmx3081","1","1","1.0","1.0","00:00:00"
"Смартфоны","Realme","rmx3085","1","1","0.0","1.0","00:00:22"
"Смартфоны","Realme","rmx3151","1","1","0.0","3.0","00:01:30"
"Смартфоны","Realme","rmx3191","1","1","0.0","1.0","00:00:18"
"Смартфоны","Realme","rmx3263","1","1","0.0","3.0","00:04:13"
"Смартфоны","Realme","rmx3286","1","1","0.0","2.0","00:00:21"
"Смартфоны","Realme","rmx3472","1","1","0.0","3.0","00:01:03"
"Смартфоны","Realme","rmx3511","1","1","0.0","1.0","00:00:23"
"Смартфоны","Realme","rmx3521","1","1","0.0","1.0","00:00:15"
"Смартфоны","Realme","rmx3561","1","1","0.0","1.0","00:00:28"
"Смартфоны","Realme","rmx3581","1","1","0.0","1.0","00:00:27"
"Смартфоны","Realme","rmx3930","1","1","1.0","1.0","00:00:00"
"Смартфоны","Realme","rmx5079","1","1","0.0","2.0","00:00:48"
"Смартфоны","Realme","rmx5106","1","1","0.0","1.0","00:09:06"
"Смартфоны","Realme","rmx5111","1","1","1.0","1.0","00:00:00"
"Смартфоны","Realme","rmx5555","1","1","0.0","1.0","00:00:18"
"Смартфоны","Nothing","a059p","1","1","0.0","3.0","00:00:16"
"Планшеты","Не определено","h11","1","1","1.0","1.0","00:00:00"
"Планшеты","Apple","iPad","1","1","0.0","1.0","00:00:15"
"Планшеты","Samsung","sm-x210","1","1","0.0","1.0","00:00:15"
"Планшеты","HONOR","nic-lx1","1","1","0.0","2.0","00:00:29"
"Планшеты","Nothing","a059","1","1","1.0","1.0","00:00:00"
