"Время на сайте","Визиты","Посетители","Отказы","Глубина просмотра","Время на сайте"
"Итого и средние","5037","2540","0.2038912050823903","4.420686916815565","00:08:45"
"0 секунд (отказ)","973","892","0.998972250770812","1.0010277492291881","00:00:00"
"1 – 9 секунд","90","85","0.5888888888888889","1.4555555555555555","00:00:03"
"10 – 29 секунд","1617","961","0.0012368583797155227","1.2881880024737167","00:00:17"
"30 – 59 секунд","425","289","0.0","2.8117647058823527","00:00:41"
"1 минута","342","252","0.0","3.6315789473684212","00:01:25"
"2 минуты","165","118","0.0","4.593939393939394","00:02:28"
"3 минуты","126","83","0.0","4.9523809523809526","00:03:26"
"4 минуты","76","53","0.0","5.7105263157894735","00:04:30"
"5 – 9 минут","251","139","0.0","6.625498007968128","00:07:03"
"10 – 19 минут","299","109","0.0","7.826086956521739","00:14:49"
"20 – 29 минут","204","51","0.0","8.509803921568627","00:25:06"
"30 – 59 минут","273","41","0.0","13.695970695970695","00:42:05"
"1 час","158","12","0.0","24.0126582278481","01:21:55"
"2 – 4 часа","38","6","0.0","40.89473684210526","02:34:24"
