"Глубина просмотра","Визиты","Посетители","Отказы","Глубина просмотра","Время на сайте"
"Итого и средние","5037","2540","0.2038912050823903","4.420686916815565","00:08:45"
"1","2487","1848","0.4129473260956976","1.0","00:00:18"
"2-3","1040","563","0.0","2.419230769230769","00:03:43"
"4-7","761","300","0.0","5.1931668856767415","00:10:12"
"8-15","447","113","0.0","10.579418344519016","00:26:04"
"16-31","219","39","0.0","20.76255707762557","00:56:46"
"32-63","71","17","0.0","42.028169014084504","01:27:39"
"64-127","11","4","0.0","82.45454545454545","01:52:53"
"128-255","1","1","0.0","145.0","01:45:48"
