"Категория интересов, ур. 1","Категория интересов, ур. 2","Категория интересов, ур. 3","Визиты","Посетители","Аффинити‑индекс","Отказы","Глубина просмотра","Время на сайте"
"Итого и средние","","","3426","1168","","0.07355516637478109","5.581727962638646","00:12:03"
"Спорт","Не определено","Не определено","3048","916","126.31876816665175","0.06791338582677166","5.972769028871391","00:13:15"
"Развлечения и досуг","Рестораны","Не определено","2927","883","145.8990171411153","0.06593782029381619","6.06627946703109","00:13:32"
"Спорт","Фитнес","Не определено","2898","817","143.5475319711","0.06797791580400277","6.14975845410628","00:13:45"
"Бизнес","Не определено","Не определено","2717","717","238.96854784416095","0.06551343393448657","6.324254692675745","00:14:21"
"Отдых и путешествия","Не определено","Не определено","2641","660","185.90139135829483","0.06399091253313138","6.46308216584627","00:14:47"
"Финансы","Кредиты","Не определено","2517","636","170.82433503355335","0.05681366706396504","6.4986094557012315","00:15:01"
"Финансы","Кредитные карты","Не определено","2504","608","189.97072400536047","0.05910543130990416","6.578674121405751","00:15:05"
"Бизнес","Открытие бизнеса","Не определено","2423","529","401.26701185030555","0.05943045810978127","6.800660338423442","00:15:45"
"Бизнес","Юридическая поддержка","Не определено","2401","520","399.70245924709036","0.059142024156601414","6.835485214493961","00:15:50"
"Отдых и путешествия","Походы и спортивный туризм","Не определено","2330","480","255.8557127788799","0.05407725321888412","6.8094420600858365","00:15:55"
"Одежда, обувь и аксессуары","Не определено","Не определено","2329","579","227.36712884640272","0.0605410047230571","6.7144697294976385","00:15:14"
"Развлечения и досуг","Не определено","Не определено","2317","683","131.23873102103354","0.07034958998705222","6.193785066896849","00:13:33"
"Отдых и путешествия","Страхование путешественников","Не определено","2297","467","263.17776052009384","0.053112755768393555","6.874183717892904","00:16:07"
"Бытовая техника","Не определено","Не определено","2147","461","244.7990247908398","0.05822077317186772","6.724732184443409","00:15:27"
"Красота и здоровье","Не определено","Не определено","2142","644","146.80469432545405","0.06722689075630252","5.661998132586368","00:13:20"
"Строительство, обустройство и ремонт","Мебель","Не определено","2107","323","390.0119070662543","0.052206929283341245","7.32985287138111","00:17:26"
"Строительство, обустройство и ремонт","Не определено","Не определено","2106","312","282.2597244337283","0.05080721747388414","7.394112060778728","00:17:47"
"Финансы","Интернет-банкинг","Не определено","2086","437","244.30503574647057","0.05752636625119847","6.831735378715244","00:15:44"
"Строительство, обустройство и ремонт","Ремонт","Натяжные потолки","2075","307","352.4976816518436","0.05060240963855422","7.381204819277109","00:17:39"
"Транспорт","Авто","Не определено","2046","339","257.8974800535149","0.05180840664711632","7.286412512218964","00:17:25"
"Электроника","Не определено","Не определено","1996","454","231.68042645653782","0.057615230460921846","6.758016032064128","00:15:23"
"Недвижимость","Не определено","Не определено","1955","617","131.72889792580008","0.07161125319693094","6.060358056265985","00:12:59"
"Финансы","Инвестиции","Не определено","1954","194","426.01199576979775","0.04452405322415558","7.747185261003071","00:18:56"
"Транспорт","Авто","Техобслуживание автомобилей","1939","281","268.5210822848405","0.04899432697266632","7.424445590510572","00:17:42"
"Транспорт","Авто","Автомобили","1890","417","164.79549551866725","0.05555555555555555","7.014814814814815","00:16:20"
"Финансы","Не определено","Не определено","1864","361","240.5040946763019","0.05686695278969957","7.0203862660944205","00:16:32"
"Транспорт","Авто","Автомобили представительского класса","1853","384","178.20374776921074","0.05396654074473826","7.118726389638424","00:16:37"
"Строительство, обустройство и ремонт","Дача и сад","Садовая техника","1849","152","781.0732119482138","0.04056246619794483","7.907517577068686","00:19:28"
"Строительство, обустройство и ремонт","Дача и сад","Садовый инвентарь","1848","151","759.4185936885067","0.040584415584415584","7.9058441558441555","00:19:29"
"Бизнес","Реклама","Не определено","1841","329","455.9908209084959","0.051602390005431834","6.986420423682781","00:16:35"
"Транспорт","Авто","Автомобили среднего класса","1828","375","178.58483888629607","0.0525164113785558","7.175601750547046","00:16:49"
"Красота и здоровье","Уход за волосами","Не определено","1820","750","101.41561984554426","0.08516483516483517","4.8840659340659345","00:09:46"
"Транспорт","Авто","Автомобили бизнес-класса","1802","352","190.1344140922802","0.05382907880133185","7.2469478357380686","00:17:01"
"Отдых и путешествия","Отдых в России и СНГ","Не определено","1675","435","182.56357146608912","0.05850746268656717","6.661492537313433","00:14:28"
"Развлечения и досуг","Театры","Не определено","1638","306","340.6841831652789","0.05067155067155067","7.041514041514041","00:16:04"
"Одежда, обувь и аксессуары","Обувь","Спортивная обувь","1601","585","127.94753790176607","0.07557776389756403","5.2798251093066835","00:11:27"
"Бизнес","Создание и продвижение сайтов","Не определено","1590","382","296.8852566969154","0.057232704402515724","6.7924528301886795","00:15:19"
"Отдых и путешествия","Авиабилеты","Не определено","1537","444","199.7607648930295","0.07026675341574495","6.385816525699415","00:13:15"
"Транспорт","Авто","Автозапчасти и аксессуары","1517","246","327.6097716544826","0.055372445616348055","6.764007910349374","00:17:39"
"Развлечения и досуг","Игры","Компьютерные игры","1495","218","295.58649312673566","0.05351170568561873","6.915719063545151","00:18:07"
"Работа","Не определено","Не определено","1474","437","173.37668449268878","0.06919945725915876","6.23202170963365","00:13:36"
"Строительство, обустройство и ремонт","Ремонт","Не определено","1473","277","233.76379307816296","0.05838424983027835","6.76306856754922","00:16:52"
"Транспорт","Авто","Моторные масла","1473","245","348.5538097249512","0.052953156822810585","6.733197556008147","00:17:34"
"Развлечения и досуг","Игры","Не определено","1460","178","362.1419539456645","0.05","7.058904109589041","00:18:55"
"Одежда, обувь и аксессуары","Одежда","Мужская одежда","1445","819","78.00030963820639","0.09411764705882353","3.4719723183391005","00:05:33"
"Строительство, обустройство и ремонт","Ремонт","Сайдинг и фасадные панели","1427","82","1032.7571409171433","0.04064470918009811","8.479327259985984","00:20:48"
"Бизнес","Грузоперевозки и транспортные услуги","Не определено","1414","191","718.5417921106078","0.04738330975954738","7.723479490806223","00:18:04"
"Образование","Не определено","Не определено","1371","341","210.4770928054965","0.061269146608315096","6.608315098468271","00:14:29"
"Образование","Дополнительное образование и курсы","Не определено","1360","243","288.99020624903517","0.05073529411764706","7.263970588235294","00:16:39"
"Одежда, обувь и аксессуары","Одежда","Женская одежда","1305","271","296.78872024843656","0.05363984674329502","7.0697318007662835","00:15:20"
"Семья и дети","Не определено","Не определено","1298","421","130.00209031173785","0.07473035439137134","6.173343605546996","00:12:13"
"Красота и здоровье","Парфюмерия","Женская парфюмерия","1280","159","573.7383060461063","0.05390625","7.12421875","00:18:42"
"Строительство, обустройство и ремонт","Мебель","Мебель для офиса и кабинета","1246","219","317.5418710792355","0.04494382022471911","6.86115569823435","00:17:44"
"Развлечения и досуг","Книги","Не определено","1126","430","106.99491180583634","0.08170515097690942","5.3294849023090585","00:11:45"
"Отдых и путешествия","Отели","Не определено","1114","275","209.3918947717658","0.05745062836624776","6.912926391382406","00:14:25"
"Строительство, обустройство и ремонт","Ремонт","Строительные инструменты","1106","201","288.71088727969277","0.05515370705244123","7.504520795660036","00:17:10"
"Одежда, обувь и аксессуары","Обувь","Женская обувь","1103","696","70.91541751635603","0.10063463281958296","2.8504079782411607","00:03:42"
"Строительство, обустройство и ремонт","Мебель","Мебель для детской","1087","170","434.77017360824266","0.04875804967801287","6.740570377184913","00:17:06"
"Транспорт","Авто","Спортивные автомобили","1086","185","188.088716670276","0.05156537753222836","7.842541436464089","00:17:01"
"Красота и здоровье","Уход за телом","Не определено","1043","474","90.72142705628416","0.07670182166826463","4.794822627037392","00:09:25"
"Финансы","Финансовые услуги для бизнеса","Не определено","996","267","191.03399972548962","0.06526104417670683","7.097389558232932","00:14:43"
"Развлечения и досуг","Музыка","Не определено","982","463","87.63438874199328","0.08757637474541752","4.654786150712831","00:09:32"
"Финансы","Финансовые услуги для бизнеса","Депозиты для бизнеса","932","228","246.8386371328057","0.059012875536480686","7.427038626609442","00:15:26"
"Образование","Обучение за рубежом","Не определено","907","185","358.6412174558453","0.040793825799338476","7.403528114663726","00:16:03"
"Отдых и путешествия","Билеты на поезд","Не определено","872","141","259.41060647818637","0.0481651376146789","7.966743119266055","00:17:28"
"Недвижимость","Аренда недвижимости","Не определено","861","124","327.55214345619436","0.04878048780487805","8.094076655052264","00:18:10"
"Развлечения и досуг","Кино","Не определено","847","560","58.230151903509835","0.11334120425029516","3.0814639905548997","00:04:02"
"Подарки и цветы","Подарки","Не определено","841","189","238.53910345740022","0.054696789536266346","6.7538644470868014","00:16:11"
"Строительство, обустройство и ремонт","Мебель","Мягкая мебель","840","148","306.00469174245467","0.05238095238095238","6.844047619047619","00:17:29"
"Работа","Поиск работы","Не определено","804","379","113.02111806252132","0.08582089552238806","4.564676616915423","00:08:54"
"Еда и напитки","Не определено","Не определено","781","544","64.6977750059728","0.11395646606914213","3.066581306017926","00:04:04"
"Финансы","Финансовые услуги для бизнеса","Кредиты для бизнеса","766","100","405.531920937065","0.04960835509138381","6.984334203655353","00:18:44"
"Транспорт","Авто","Кроссоверы","722","236","101.61902215024872","0.05817174515235458","5.941828254847645","00:13:53"
"Транспорт","Авто","Подержанные автомобили","720","171","139.57225377691563","0.05277777777777778","7.881944444444445","00:15:38"
"Финансы","Ипотека","Не определено","703","300","114.72281399120533","0.07112375533428165","4.559032716927454","00:10:22"
"Строительство, обустройство и ремонт","Мебель","Мебель для спальни","661","178","234.8875609012506","0.05446293494704992","5.765506807866869","00:14:10"
"Финансы","Рефинансирование кредитов","Не определено","648","116","272.56159338905087","0.06018518518518518","6.3580246913580245","00:16:49"
"Образование","Школа","Не определено","645","312","116.2949688051329","0.08217054263565891","4.35968992248062","00:08:39"
"Строительство, обустройство и ремонт","Товары для дома","Не определено","640","223","160.00543657489277","0.0765625","5.2046875","00:11:34"
"Одежда, обувь и аксессуары","Аксессуары","Сумки и чемоданы","608","385","67.3752713269958","0.09210526315789473","2.9358552631578947","00:04:14"
"Одежда, обувь и аксессуары","Обувь","Мужская обувь","591","377","67.15536066001694","0.09475465313028765","3.0016920473773268","00:04:17"
"Красота и здоровье","Уход за волосами","Укладка волос","565","348","52.76897183022133","0.10442477876106195","2.9787610619469027","00:04:29"
"Работа","Работа на дому","Не определено","547","177","162.99126640690872","0.051188299817184646","5.506398537477148","00:13:33"
"Спорт","Йога","Не определено","542","344","60.03995024766558","0.0996309963099631","3.444649446494465","00:04:38"
"Развлечения и досуг","Музыка","Концерты","531","225","143.2739044432586","0.08286252354048966","4.43879472693032","00:09:57"
"Отдых и путешествия","Отдых в Азии","Не определено","530","359","73.24972891385048","0.0849056603773585","2.8358490566037737","00:03:11"
"Строительство, обустройство и ремонт","Ремонт","Кровля и водосток","528","172","144.23899959953667","0.07386363636363637","5.401515151515151","00:12:35"
"Электроника","Компьютерная техника","Не определено","520","213","127.56733547534698","0.08653846153846154","4.903846153846154","00:10:39"
"Финансы","Современные платежные технологии","Не определено","513","278","102.62622212324742","0.10721247563352826","4.855750487329435","00:08:07"
"Одежда, обувь и аксессуары","Одежда","Детская одежда","495","254","128.9022786709345","0.10101010101010101","3.7595959595959596","00:06:13"
"Транспорт","Авто","Внедорожники","474","316","53.740312524765145","0.10126582278481014","3.5063291139240507","00:05:25"
"Недвижимость","Жилая недвижимость","Не определено","448","284","50.9915763196204","0.12723214285714285","3.2433035714285716","00:05:03"
"Одежда, обувь и аксессуары","Одежда","Не определено","429","304","70.58235486317425","0.11888111888111888","3.093240093240093","00:04:05"
"Отдых и путешествия","Отдых в Европе","Не определено","420","286","71.2276820624095","0.09047619047619047","2.861904761904762","00:03:08"
"Отдых и путешествия","Прокат автомобилей","Не определено","419","67","324.47394953289756","0.05250596658711217","6.778042959427208","00:18:09"
"Транспорт","Не определено","Не определено","412","284","50.208407363070904","0.11165048543689321","3.087378640776699","00:05:13"
"Телеком","Не определено","Не определено","392","271","55.61550078412614","0.11224489795918367","2.691326530612245","00:02:49"
"Подарки и цветы","Не определено","Не определено","389","163","130.59104090938027","0.056555269922879174","5.5501285347043705","00:12:51"
"Бизнес","Бухгалтерские услуги","Не определено","375","254","146.61010203336068","0.10933333333333334","3.296","00:05:05"
"Отдых и путешествия","Отдых в Африке","Не определено","362","239","69.65354075099219","0.07734806629834254","2.8121546961325965","00:03:18"
"Семья и дети","Беременность и роды","Не определено","358","227","61.461315063722495","0.10893854748603352","2.977653631284916","00:03:24"
"Отдых и путешествия","Круизы","Не определено","357","235","69.86739095668452","0.0784313725490196","2.7030812324929974","00:03:18"
"Одежда, обувь и аксессуары","Аксессуары","Очки","353","237","50.213003292329226","0.10764872521246457","2.773371104815864","00:03:46"
"Одежда, обувь и аксессуары","Одежда","Спортивная одежда","352","79","273.45522030571084","0.06534090909090909","7.073863636363637","00:16:25"
"Развлечения и досуг","Декор","Не определено","349","226","132.2768431598181","0.08595988538681948","2.8624641833810887","00:04:15"
"Электроника","Мобильные телефоны и смартфоны","Не определено","339","239","70.01732189577326","0.12389380530973451","2.769911504424779","00:02:33"
"Недвижимость","Коммерческая недвижимость","Не определено","337","202","78.26477174521264","0.10089020771513352","3.3323442136498516","00:05:34"
"Еда и напитки","Чай","Не определено","332","229","66.81919132755395","0.08734939759036145","2.7078313253012047","00:03:26"
"Транспорт","Авто","ОСАГО","332","225","50.76290996697518","0.09939759036144577","2.6325301204819276","00:03:09"
"Бытовая техника","Техника для дома","Не определено","330","179","79.35157091841837","0.10303030303030303","3.3545454545454545","00:05:15"
"Спорт","Спортивные товары","Не определено","326","243","49.530922715479605","0.13190184049079753","2.745398773006135","00:02:37"
"Электроника","Компьютерная техника","Настольные компьютеры","324","230","106.82884564525736","0.12654320987654322","2.302469135802469","00:02:15"
"Отдых и путешествия","Горнолыжный отдых","Не определено","323","207","67.53925825537229","0.07120743034055728","2.7739938080495357","00:03:33"
"Еда и напитки","Кулинария","Не определено","322","254","43.70038813788206","0.09006211180124224","2.847826086956522","00:02:57"
"Бытовая техника","Техника для красоты и здоровья","Приборы для укладки волос","319","216","50.17798023858448","0.10658307210031348","2.6551724137931036","00:03:24"
"Транспорт","Авто","Автомобили малого класса","310","84","178.58762766091635","0.05161290322580645","6.390322580645162","00:16:05"
"Семья и дети","Товары для детей","Не определено","307","196","95.53669762275032","0.09120521172638436","3.1693811074918568","00:04:04"
"Красота и здоровье","Уход за волосами","Окрашивание волос","303","209","42.662077396946316","0.09570957095709572","3.1254125412541254","00:05:02"
"Бытовая техника","Техника для дома","Стиральные машины","297","179","71.49915795320848","0.10101010101010101","2.750841750841751","00:03:04"
"Бытовая техника","Крупная техника для кухни","Не определено","297","177","75.37083180138761","0.10437710437710437","2.67003367003367","00:02:59"
"Спорт","Футбол","Не определено","290","208","33.09546026204692","0.0896551724137931","2.768965517241379","00:03:36"
"Отдых и путешествия","Отдых в Америке","Не определено","288","173","65.82563608630362","0.07291666666666667","2.8715277777777777","00:03:42"
"Развлечения и досуг","Музеи","Не определено","287","208","88.02317798791488","0.11149825783972127","3.038327526132404","00:02:44"
"Канцелярские товары","Не определено","Не определено","279","180","124.76963313159791","0.0967741935483871","3.1146953405017923","00:03:47"
"Образование","Вуз","Не определено","271","193","89.32282272565908","0.08118081180811808","2.837638376383764","00:03:05"
"Одежда, обувь и аксессуары","Одежда","Верхняя одежда","251","164","94.47576549833127","0.12350597609561753","2.9800796812749004","00:03:03"
"Красота и здоровье","Уход за волосами","Шампуни для волос","248","159","46.56691020577513","0.0967741935483871","3.536290322580645","00:05:39"
"Красота и здоровье","Здоровое питание","Не определено","241","193","45.632087156827154","0.1078838174273859","2.7302904564315353","00:02:30"
"Одежда, обувь и аксессуары","Обувь","Не определено","241","178","68.5826932611746","0.12448132780082988","3.5975103734439835","00:05:05"
"Еда и напитки","Кофе","Не определено","237","147","49.904871180539445","0.07172995780590717","3.219409282700422","00:05:40"
"Спорт","Силовые виды спорта","Не определено","234","172","34.254306538630026","0.11538461538461538","2.7777777777777777","00:03:02"
"Транспорт","Авто","Автострахование КАСКО","233","149","51.01045076236436","0.09012875536480687","2.9313304721030042","00:03:16"
"Электроника","Аудио- и видеотехника","Не определено","232","161","75.0195220531466","0.1336206896551724","2.5474137931034484","00:02:41"
"Финансы","Банковские вклады","Не определено","229","117","89.00109352879075","0.08733624454148471","4.358078602620087","00:07:22"
"Развлечения и досуг","Кино","Билеты в кино","226","193","39.09808719523698","0.11061946902654868","2.6769911504424777","00:02:21"
"Транспорт","Авто","Детские автокресла","218","124","158.2095788442248","0.08256880733944955","3.444954128440367","00:03:50"
"Электроника","Компьютерная техника","Ноутбуки","214","142","84.2265100771413","0.1261682242990654","2.607476635514019","00:02:48"
"Строительство, обустройство и ремонт","Мебель","Мебель для ванной","213","102","142.52688274302005","0.07042253521126761","4.267605633802817","00:09:57"
"Строительство, обустройство и ремонт","Ремонт","Окна","211","51","165.68634290177133","0.07109004739336493","7.545023696682464","00:19:22"
"Строительство, обустройство и ремонт","Дача и сад","Не определено","211","156","45.35885565159052","0.0995260663507109","2.6729857819905214","00:02:28"
"Строительство, обустройство и ремонт","Ремонт","Обои","210","168","58.96758612925234","0.11428571428571428","2.376190476190476","00:02:33"
"Бытовая техника","Техника для красоты и здоровья","Устройства для ухода за полостью рта","208","117","67.42506370370289","0.10576923076923077","3.485576923076923","00:05:53"
"Развлечения и досуг","Кино","Сериалы","208","171","32.141793509011485","0.11057692307692307","2.4951923076923075","00:02:18"
"Отдых и путешествия","Отдых в Австралии и Океании","Не определено","207","127","61.40971471354105","0.0966183574879227","2.5893719806763285","00:03:29"
"Подарки и цветы","Цветы","Не определено","204","161","53.25725026589114","0.1323529411764706","2.5686274509803924","00:02:23"
"Красота и здоровье","Медицинские товары","Диагностическое оборудование","199","152","35.38405254345017","0.09547738693467336","2.758793969849246","00:02:22"
"Еда и напитки","Доставка продуктов","Не определено","195","156","53.408057464208014","0.09743589743589745","2.123076923076923","00:01:30"
"Недвижимость","Жилая недвижимость в новостройках","Не определено","195","126","43.49052278241775","0.15897435897435896","3.4974358974358974","00:06:28"
"Красота и здоровье","Медицинские товары","Лекарства от простуды и гриппа","190","141","36.222703517071686","0.10526315789473684","2.794736842105263","00:02:25"
"Бытовая техника","Мелкая техника для кухни","Не определено","187","117","65.21573534327098","0.0962566844919786","2.379679144385027","00:02:33"
"Телеком","Спутниковое и кабельное телевидение","Не определено","180","121","34.06779263167407","0.06666666666666667","3.0","00:04:23"
"Строительство, обустройство и ремонт","Дизайн интерьера","Не определено","178","99","87.5446627329989","0.08988764044943821","4.185393258426966","00:07:21"
"Бытовая техника","Крупная техника для кухни","Посудомоечные машины","177","112","62.96360792929357","0.1016949152542373","2.209039548022599","00:02:31"
"Еда и напитки","Доставка готовых блюд","Не определено","177","113","82.38923216073789","0.11864406779661017","2.463276836158192","00:02:46"
"Семья и дети","Детское питание","Не определено","172","95","119.477881923914","0.08720930232558138","3.5232558139534884","00:04:53"
"Строительство, обустройство и ремонт","Товары для дома","Текстиль","168","103","117.402122029927","0.1130952380952381","2.7857142857142856","00:03:06"
"Бизнес","Франчайзинг","Не определено","167","133","92.6218518698835","0.1437125748502994","2.568862275449102","00:02:22"
"Телеком","Мобильная связь","Не определено","164","106","62.5190747564923","0.10975609756097562","2.7804878048780486","00:02:37"
"Семья и дети","Товары для детей","Детские игрушки","162","112","85.90617416500127","0.11728395061728394","2.537037037037037","00:02:32"
"Недвижимость","Аренда недвижимости","Аренда помещений для мероприятий","162","127","102.21109963819755","0.12345679012345678","3.2839506172839505","00:02:39"
"Красота и здоровье","Медицинские товары","Лекарства от аллергии","160","116","33.59183017195203","0.10625","2.93125","00:02:36"
"Строительство, обустройство и ремонт","Мебель","Мебель для гостиной","156","121","66.91369490467709","0.09615384615384617","2.5128205128205128","00:02:17"
"Бытовая техника","Техника для красоты и здоровья","Не определено","150","87","63.624537883685406","0.10666666666666667","2.38","00:02:41"
"Строительство, обустройство и ремонт","Мебель","Мебель для кухни","148","109","63.92070644258484","0.12162162162162163","2.581081081081081","00:02:43"
"Семья и дети","Товары для детей","Детские коляски","148","92","158.97844117162293","0.08783783783783784","3.2635135135135136","00:03:42"
"Недвижимость","Жилая недвижимость премиум-класса","Не определено","148","92","43.43876180746334","0.18243243243243243","4.027027027027027","00:07:28"
"Красота и здоровье","Уход за лицом","Не определено","145","92","76.62311704108812","0.0896551724137931","3.179310344827586","00:03:36"
"Спорт","Лыжный спорт","Не определено","145","103","28.521377810768712","0.10344827586206896","2.3655172413793104","00:03:04"
"Электроника","Аудио- и видеотехника","Телевизоры и плазменные панели","143","93","69.4684493710129","0.0979020979020979","2.3916083916083917","00:02:27"
"Семья и дети","Товары для детей","Игрушки для малышей","143","85","105.97194152279806","0.11888111888111888","3.0839160839160837","00:04:14"
"Одежда, обувь и аксессуары","Аксессуары","Ювелирные украшения","137","116","49.00348131610869","0.13138686131386862","2.9635036496350367","00:01:56"
"Семья и дети","Свадьба","Не определено","136","82","70.45674201951151","0.10294117647058823","3.4926470588235294","00:03:59"
"Красота и здоровье","Декоративная косметика","Не определено","135","99","85.94239161416796","0.11851851851851852","3.562962962962963","00:03:07"
"Отдых и путешествия","Детский отдых","Не определено","132","88","95.11193047540245","0.08333333333333331","3.007575757575758","00:03:31"
"Строительство, обустройство и ремонт","Товары для дома","Освещение","131","99","79.58488915840209","0.1297709923664122","2.1908396946564888","00:01:57"
"Спорт","Большой теннис","Не определено","131","97","26.455547658218098","0.08396946564885496","2.3740458015267176","00:02:56"
"Транспорт","Авто","Шины и диски","131","96","56.04463648408961","0.12213740458015267","2.984732824427481","00:02:34"
"Сельскохозяйственное оборудование и техника","Не определено","Не определено","129","107","43.90920690997139","0.046511627906976744","2.201550387596899","00:02:33"
"Строительство, обустройство и ремонт","Мебель","Шкафы","128","101","79.64824367141935","0.125","2.1953125","00:01:55"
"Телеком","Доступ в интернет","Не определено","126","84","59.43478754153152","0.12698412698412698","2.7301587301587302","00:02:12"
"Строительство, обустройство и ремонт","Мебель","Мебель для прихожей","125","103","63.17965220894831","0.096","2.376","00:01:59"
"Красота и здоровье","Декоративная косметика","Декоративная косметика для глаз","124","90","93.16808757838146","0.10483870967741936","3.685483870967742","00:03:19"
"Бытовая техника","Мелкая техника для кухни","Кофеварки и кофемашины","123","73","68.20210694042572","0.08943089430894309","2.1951219512195124","00:02:20"
"Недвижимость","Загородная недвижимость","Не определено","123","95","38.339796476620926","0.12195121951219512","2.747967479674797","00:02:54"
"Спорт","Сноубординг","Не определено","121","85","30.483361279849852","0.10743801652892562","2.644628099173554","00:03:13"
"Бытовая техника","Крупная техника для кухни","Встраиваемые духовые шкафы","120","74","58.895230369748916","0.08333333333333331","2.175","00:02:50"
"Работа","Работа за рубежом","Не определено","120","79","71.80765237544213","0.075","2.716666666666667","00:02:59"
"Электроника","Аудио- и видеотехника","Стационарная аудиотехника","119","78","66.58132311515324","0.0588235294117647","2.1596638655462184","00:02:08"
"Отдых и путешествия","Автовокзалы","Не определено","118","83","50.67287664158936","0.08474576271186439","3.2203389830508473","00:04:14"
"Спорт","Фигурное катание","Не определено","117","88","25.533296617267602","0.09401709401709402","2.4786324786324787","00:03:06"
"Бытовая техника","Крупная техника для кухни","Холодильники","116","65","67.24516061631797","0.08620689655172414","2.2672413793103448","00:02:53"
"Электроника","Клавиатуры и манипуляторы","Не определено","115","87","68.39577694524469","0.10434782608695653","2.391304347826087","00:02:26"
"Семья и дети","Товары для детей","Детские книги","112","97","61.248103085189214","0.125","2.6160714285714284","00:02:09"
"Спорт","Баскетбол","Не определено","112","76","25.967979098326396","0.11607142857142858","2.9285714285714284","00:03:27"
"Электроника","Компьютерная техника","Мониторы","107","84","59.991301979490785","0.056074766355140186","2.439252336448598","00:01:37"
"Спорт","Настольный теннис","Не определено","106","73","25.370203711295687","0.0849056603773585","2.5283018867924527","00:03:00"
"Животные","Не определено","Не определено","105","90","42.870874384681905","0.09523809523809523","1.9904761904761905","00:01:58"
"Красота и здоровье","Декоративная косметика","Декоративная косметика для лица","104","74","87.33465784932783","0.10576923076923077","3.5865384615384617","00:03:02"
"Одежда, обувь и аксессуары","Аксессуары","Не определено","100","76","45.29666368975447","0.14","1.86","00:01:20"
"Развлечения и досуг","Кино","Драмы","99","76","32.88339504213003","0.08080808080808081","2.6262626262626263","00:02:39"
"Животные","Собаки","Не определено","99","85","37.69160950353662","0.08080808080808081","1.9696969696969697","00:02:16"
"Бытовая техника","Крупная техника для кухни","Кухонные плиты","98","56","65.35809557124364","0.07142857142857142","2.13265306122449","00:02:10"
"Электроника","Фото- и видеокамеры","Не определено","94","65","76.44056859342311","0.11702127659574468","2.882978723404255","00:03:33"
"Отдых и путешествия","Свадебный отдых","Не определено","93","57","95.80987094465198","0.1075268817204301","3.4838709677419355","00:03:17"
"Красота и здоровье","Декоративная косметика","Декоративная косметика для губ","92","65","85.63500496799972","0.10869565217391304","3.782608695652174","00:03:19"
"Финансы","Финансовые услуги для бизнеса","Расчетно-кассовое обслуживание","92","71","50.22713965898216","0.06521739130434782","2.489130434782609","00:03:23"
"Развлечения и досуг","Танцы","Не определено","90","50","139.3122345144675","0.07777777777777778","3.811111111111111","00:04:00"
"Бытовая техника","Техника для дома","Климатическое оборудование для дома","88","34","107.83433354547583","0.17045454545454544","5.159090909090909","00:12:04"
"Одежда, обувь и аксессуары","Одежда, обувь и аксессуары премиум-класса","Не определено","87","69","54.37846329691019","0.12643678160919541","3.2988505747126435","00:02:51"
"Строительство, обустройство и ремонт","Товары для дома","Посуда","87","61","88.39121591779637","0.16091954022988506","2.632183908045977","00:02:07"
"Строительство, обустройство и ремонт","Ремонт","Электрические инструменты","85","61","88.42423315293375","0.08235294117647057","2.2823529411764705","00:02:10"
"Транспорт","Авто","Семейные автомобили","85","75","36.511911634832664","0.10588235294117647","2.0470588235294116","00:02:03"
"Животные","Кошки","Не определено","84","71","37.056817334249885","0.08333333333333331","1.9761904761904763","00:02:29"
"Красота и здоровье","Парфюмерия","Не определено","83","59","84.04866153544903","0.10843373493975904","3.9036144578313254","00:03:24"
"Строительство, обустройство и ремонт","Ремонт","Сантехника","79","63","74.07459272739507","0.1518987341772152","2.088607594936709","00:01:02"
"Электроника","Аудио- и видеотехника","Портативная аудиотехника","78","51","44.245602082526645","0.10256410256410256","2.7948717948717947","00:02:29"
"Развлечения и досуг","Кино","Фантастика","77","59","30.493116886274848","0.07792207792207792","2.4675324675324677","00:02:52"
"Спорт","Роликовые коньки","Не определено","76","53","23.018654453293777","0.10526315789473684","2.8815789473684212","00:03:37"
"Электроника","Аудио- и видеотехника","Наушники","75","54","67.23263470074866","0.12","2.92","00:03:43"
"Спорт","Волейбол","Не определено","75","53","21.841722429693696","0.10666666666666667","2.88","00:03:38"
"Транспорт","Авто","Городские автомобили","74","65","34.92824142809391","0.13513513513513514","2.0135135135135136","00:01:41"
"Одежда, обувь и аксессуары","Одежда","Одежда для малышей","72","42","152.7562237459494","0.09722222222222224","2.861111111111111","00:03:14"
"Строительство, обустройство и ремонт","Ремонт","Заборы","72","58","70.97357832704276","0.04166666666666666","2.2222222222222223","00:02:01"
"Спорт","Плавание","Не определено","72","52","29.250142832693182","0.1388888888888889","2.638888888888889","00:03:10"
"Развлечения и досуг","Кино","Детективы","71","58","26.00526747597953","0.07042253521126761","2.76056338028169","00:03:36"
"Развлечения и досуг","Игры","Мобильные игры","66","41","34.69597202593662","0.09090909090909091","2.287878787878788","00:03:02"
"Строительство, обустройство и ремонт","Мебель","Матрасы","65","48","79.09212050672889","0.1076923076923077","2.4461538461538463","00:02:15"
"Семья и дети","Услуги няни","Не определено","65","54","41.651686372495824","0.046153846153846156","3.5076923076923077","00:03:00"
"Бытовая техника","Техника для красоты и здоровья","Мужские электробритвы","64","32","115.7132856397439","0.125","2.203125","00:01:55"
"Строительство, обустройство и ремонт","Ремонт","Плитка","64","52","64.66156290596706","0.125","2.484375","00:02:59"
"Строительство, обустройство и ремонт","Системы «Умный дом»","Не определено","64","46","103.93807298578577","0.15625","3.390625","00:02:35"
"Строительство, обустройство и ремонт","Дача и сад","Растения и семена","64","49","39.46980492331062","0.09375","3.234375","00:03:04"
"Спорт","Велоспорт","Не определено","64","56","59.95311136508066","0.078125","2.0625","00:01:40"
"Красота и здоровье","Уход за волосами","Уход после мытья волос","63","24","105.37024926145368","0.14285714285714285","5.761904761904762","00:15:08"
"Красота и здоровье","Парфюмерия","Мужская парфюмерия","63","43","91.52053405392485","0.09523809523809523","3.5555555555555554","00:02:57"
"Электроника","Принтеры и МФУ","Не определено","62","34","147.37198888826845","0.06451612903225806","2.8548387096774195","00:03:42"
"Развлечения и досуг","Охота","Не определено","62","40","64.07788891037029","0.12903225806451613","2.8870967741935485","00:02:28"
"Электроника","Игровые приставки","Не определено","61","43","51.975903419421236","0.09836065573770492","3.442622950819672","00:05:26"
"Электроника","Умные часы и браслеты","Не определено","59","43","64.57971282907623","0.15254237288135594","2.542372881355932","00:03:33"
"Бытовая техника","Техника для дома","Пылесосы","57","19","88.9264016860216","0.017543859649122806","2.3157894736842106","00:02:31"
"Бытовая техника","Крупная техника для кухни","Встраиваемые рабочие поверхности","56","17","85.59434539131256","0.017857142857142856","2.2142857142857144","00:02:29"
"Транспорт","Авто","Лизинг автомобилей и спецтехники","56","28","42.6675766783443","0.05357142857142857","2.0357142857142856","00:02:33"
"Строительство, обустройство и ремонт","Товары для дома","Ковры","55","44","98.35662800459419","0.10909090909090909","3.0","00:03:27"
"Строительство, обустройство и ремонт","Мебель","Стулья","54","42","65.08866386012953","0.0925925925925926","1.7777777777777777","00:01:12"
"Бытовая техника","Мелкая техника для кухни","Мясорубки, кухонные комбайны и измельчители","53","16","89.0091758934138","0.018867924528301886","2.3773584905660377","00:02:39"
"Животные","Товары для животных","Не определено","53","45","45.08393628190945","0.05660377358490567","2.1320754716981134","00:02:35"
"Бытовая техника","Мелкая техника для кухни","Пароварки, аэрогрили, мини-печи и ростеры, хлебопечки ","52","15","95.61129781192093","0.019230769230769232","2.269230769230769","00:02:37"
"Животные","Корма для животных","Корма для собак","51","43","41.63268178243327","0.0392156862745098","2.4313725490196076","00:03:11"
"Транспорт","Авто","Автомобили с открытым верхом","51","39","33.99288629156062","0.0588235294117647","3.4705882352941178","00:05:55"
"Развлечения и досуг","Игры","Консольные игры","50","41","56.59007345420275","0.1","2.68","00:03:37"
"Бытовая техника","Мелкая техника для кухни","Блендеры","49","14","98.0121084677531","0.020408163265306124","2.2653061224489797","00:02:44"
"Электроника","Компьютерная техника","Планшеты","49","36","50.14528366976633","0.14285714285714285","2.9183673469387754","00:01:58"
"Транспорт","Авто","Автострахование","49","38","50.19539951879455","0.163265306122449","2.4081632653061225","00:01:35"
"Строительство, обустройство и ремонт","Мебель","Кровати","48","40","54.02956644821975","0.125","1.9791666666666667","00:01:25"
"Строительство, обустройство и ремонт","Ремонт","Напольные покрытия","48","39","65.04042749247324","0.16666666666666663","2.3333333333333335","00:02:12"
"Бытовая техника","Мелкая техника для кухни","Мультиварки","47","12","99.62422213100396","0.0","2.297872340425532","00:02:51"
"Строительство, обустройство и ремонт","Оборудование для очистки воды","Не определено","47","6","181.8457412989845","0.10638297872340426","7.51063829787234","00:20:00"
"Красота и здоровье","Медицинские товары","Контактные линзы","45","14","67.13010099081656","0.1111111111111111","2.7111111111111112","00:03:35"
"Строительство, обустройство и ремонт","Ремонт","Двери","44","32","50.719285795146085","0.09090909090909091","3.0","00:02:17"
"Семья и дети","Товары для детей","Подгузники","44","30","121.87780888287612","0.06818181818181818","2.8636363636363638","00:04:07"
"Красота и здоровье","Декоративная косметика","Декоративная косметика для ногтей","40","34","62.07122134128681","0.125","2.3","00:02:43"
"Животные","Корма для животных","Корма для кошек","40","35","38.98487055134201","0.05","2.4","00:02:56"
"Строительство, обустройство и ремонт","Мебель","Столы","37","32","53.770896684301526","0.13513513513513514","1.7297297297297298","00:01:21"
"Еда и напитки","Доставка воды","Не определено","36","19","69.24405226662361","0.027777777777777776","2.2222222222222223","00:02:52"
"Животные","Корма для животных","Не определено","36","28","38.16298565264192","0.027777777777777776","2.361111111111111","00:03:03"
"Бытовая техника","Мелкая техника для кухни","Соковыжималки","35","18","129.67892088664024","0.2","3.3142857142857145","00:03:06"
"Развлечения и досуг","Телевидение","Не определено","35","32","20.351895668028387","0.08571428571428572","2.942857142857143","00:02:08"
"Развлечения и досуг","Кино","Мюзиклы","34","32","28.88489871439173","0.1176470588235294","2.5588235294117645","00:01:47"
"Транспорт","Авто","Фургоны","34","16","27.23298719001668","0.02941176470588235","2.4411764705882355","00:02:31"
"Строительство, обустройство и ремонт","Системы охраны и сигнализации","Не определено","32","23","100.7464966065812","0.125","3.8125","00:03:02"
"Строительство, обустройство и ремонт","Товары для дома","Системы для хранения мелочей","31","21","132.9601486197171","0.03225806451612903","4.161290322580645","00:07:47"
"Развлечения и досуг","Рыбалка","Не определено","31","29","20.117796703223735","0.03225806451612903","2.6129032258064515","00:02:05"
"Спорт","Дайвинг","Не определено","30","22","114.16419858727026","0.13333333333333333","2.533333333333333","00:02:45"
"Транспорт","Авто","Пикапы","30","13","34.12172052199866","0.03333333333333333","2.066666666666667","00:02:39"
"Строительство, обустройство и ремонт","Ремонт","Лакокрасочные материалы","29","24","79.91978528658358","0.10344827586206896","2.586206896551724","00:02:09"
"Развлечения и досуг","Кино","Биографии","29","22","37.62981410964731","0.10344827586206896","2.413793103448276","00:03:00"
"Транспорт","Авто","Фуры","29","7","85.3394082262363","0.034482758620689655","2.586206896551724","00:03:47"
"Одежда, обувь и аксессуары","Обувь","Детская обувь","28","27","35.90031816769788","0.10714285714285714","3.142857142857143","00:03:46"
"Семья и дети","Товары для детей","Детские велосипеды","27","21","64.49978932898064","0.1111111111111111","1.7777777777777777","00:00:41"
"Животные","Корма для животных","Корма для птиц","27","22","44.35983402608584","0.037037037037037035","2.4814814814814814","00:03:07"
"Развлечения и досуг","Кино","Детские фильмы","26","23","52.507192280124485","0.15384615384615385","1.9615384615384615","00:01:39"
"Развлечения и досуг","Кино","Комедии","26","22","41.510927994654594","0.11538461538461538","2.1538461538461537","00:01:30"
"Недвижимость","Аренда недвижимости","Посуточная аренда загородной недвижимости","26","22","38.665956688236456","0.11538461538461538","2.1923076923076925","00:01:53"
"Недвижимость","Аренда недвижимости","Долгосрочная аренда квартир и комнат","26","22","31.892154198583555","0.15384615384615385","2.1538461538461537","00:01:52"
"Спорт","Спортивное питание","Не определено","26","19","70.57805533448143","0.15384615384615385","1.5384615384615385","00:02:05"
"Спорт","Парусный спорт","Не определено","26","19","37.08939337415295","0.15384615384615385","1.6923076923076923","00:03:00"
"Животные","Корма для животных","Корма для грызунов","25","21","41.91732528769977","0.04","2.52","00:02:26"
"Животные","Грызуны и рептилии","Не определено","25","21","39.38414763342457","0.04","2.52","00:02:26"
"Транспорт","Авто","Подготовка водителей","25","18","65.86108130284995","0.08","1.68","00:02:42"
"Недвижимость","Аренда недвижимости","Посуточная и почасовая аренда квартир","24","20","38.38601971412849","0.125","2.2916666666666665","00:02:01"
"Недвижимость","Аренда недвижимости","Аренда загородной недвижимости","24","20","31.671097518088484","0.16666666666666663","2.25","00:02:00"
"Транспорт","Мото","Не определено","24","16","49.875632118814686","0.04166666666666666","1.6666666666666667","00:01:24"
"Одежда, обувь и аксессуары","Аксессуары","Часы","23","19","26.97684368211537","0.17391304347826086","1.3043478260869565","00:00:25"
"Развлечения и досуг","Кино","Приключения","23","18","23.756671053774255","0.043478260869565216","2.9565217391304346","00:04:42"
"Развлечения и досуг","Игры","Киберспорт","23","16","35.04141275237847","0.08695652173913043","2.9565217391304346","00:03:03"
"Животные","Птицы","Не определено","23","19","41.9879152698156","0.043478260869565216","2.608695652173913","00:02:38"
"Транспорт","Мото","Скутеры","22","14","54.37413124427016","0.045454545454545456","1.5","00:01:17"
"Электроника","Мобильные телефоны и смартфоны","Мобильные телефоны и смартфоны от 50 тыс. руб.","20","19","58.466815164207944","0.2","1.7","00:01:26"
"Недвижимость","Аренда недвижимости","Коммерческая аренда","20","16","38.95922520506728","0.1","2.9","00:02:53"
"Бытовая техника","Крупная техника для кухни","Кухонные вытяжки","19","14","60.667596313082704","0.21052631578947367","1.6842105263157894","00:01:14"
"Транспорт","Авто","Универсалы","19","15","31.911006099531587","0.0","3.210526315789474","00:03:20"
"Развлечения и досуг","Кино","Мелодрамы","18","18","34.061028380100296","0.16666666666666663","2.111111111111111","00:01:43"
"Транспорт","Мото","Мотоциклы","18","10","54.89166337638695","0.05555555555555555","1.4444444444444444","00:00:48"
"Бытовая техника","Техника для красоты и здоровья","Женские электробритвы и эпиляторы","17","15","69.81419857696731","0.2352941176470588","2.8823529411764706","00:02:08"
"Финансы","Форекс","Не определено","17","16","39.805159500058664","0.17647058823529413","2.8823529411764706","00:02:46"
"Строительство, обустройство и ремонт","Ремонт","Ворота","16","13","63.70817609863987","0.0625","2.4375","00:02:04"
"Спорт","Автоспорт","Не определено","16","10","28.913705174548035","0.125","2.6875","00:03:14"
"Красота и здоровье","Медицинские товары","Не определено","15","12","16.752773841620524","0.26666666666666666","1.7333333333333334","00:01:01"
"Развлечения и досуг","Кино","Документальные фильмы","15","15","36.72282238283905","0.2","2.0","00:01:50"
"Развлечения и досуг","Кино","Ужасы","15","15","34.40117091876723","0.2","2.066666666666667","00:01:55"
"Развлечения и досуг","Кино","Триллеры","14","14","29.545411769217434","0.21428571428571427","2.0","00:01:44"
"Развлечения и досуг","Кино","Исторические фильмы","13","13","32.65742298197904","0.23076923076923075","2.076923076923077","00:01:50"
"Развлечения и досуг","Музыка","Музыкальные инструменты","13","13","49.850520804089825","0.07692307692307693","1.6153846153846154","00:00:42"
"Транспорт","Мото","Квадроциклы","12","6","52.74746502670731","0.0","1.5","00:00:57"
"Электроника","Мобильные телефоны и смартфоны","Мобильные телефоны и смартфоны за 35–50 тыс. руб.","10","8","76.89231242029621","0.0","2.0","00:02:49"
"Транспорт","Мото","Мопеды","10","5","51.966916116491355","0.0","1.6","00:01:04"
"Семья и дети","Товары для детей","Детские самокаты","9","7","29.83636934826843","0.1111111111111111","1.7777777777777777","00:00:21"
"Транспорт","Авто","Минивэны","9","9","19.169265465445324","0.0","1.7777777777777777","00:01:20"
"Спорт","Конный спорт","Не определено","7","6","33.593876901167015","0.0","1.7142857142857142","00:05:39"
"Спорт","Единоборства","Не определено","6","5","20.692996683494226","0.33333333333333326","1.1666666666666667","00:02:56"
"Транспорт","Мото","Снегоходы","6","2","26.95860890283601","0.0","1.0","00:00:18"
"Спорт","Хоккей","Не определено","5","4","14.602398031997941","0.2","2.0","00:05:58"
"Транспорт","Авто","Компактвэны","5","5","13.962432778281329","0.0","2.0","00:02:06"
"Электроника","Мобильные телефоны и смартфоны","Мобильные телефоны и смартфоны за 15–25 тыс. руб.","4","4","46.61997557572736","0.0","1.0","00:00:15"
"Электроника","Мобильные телефоны и смартфоны","Мобильные телефоны и смартфоны до 15 тыс. руб.","4","4","35.773146045587175","0.0","1.25","00:03:36"
"Спорт","Скалолазание и альпинизм","Не определено","4","4","45.35049801811514","0.25","2.5","00:01:54"
"Электроника","Мобильные телефоны и смартфоны","Мобильные телефоны и смартфоны за 25–35 тыс. руб.","3","3","26.98330336182024","0.0","1.3333333333333333","00:05:41"
"Спорт","Скейтбординг","Не определено","3","3","15.063850405573541","0.0","1.6666666666666667","00:00:31"
"Животные","Рыбы","Не определено","2","2","19.77579520282835","0.0","2.5","00:01:26"
"Животные","Корма для животных","Корма для рыб","2","2","21.47233059266452","0.0","2.5","00:01:26"
"Спорт","Стрельба","Не определено","2","2","24.857689092973335","0.0","1.0","00:00:18"
