category,subcategory,name,url
Полиграфия,,Цифровая печать,/catalog/poligrafiya/tsifrovaya-pechat/
Полиграфия,,Листовки офсетная печать,/catalog/poligrafiya/listovki-ofsetnaya-pechat/
Полиграфия,,Листовки цифровая печать,/catalog/poligrafiya/listovki-tsifrovaya-pechat/
Полиграфия,,Бирки,/catalog/poligrafiya/birki/
Полиграфия,,Визитки,/catalog/poligrafiya/vizitki/
Полиграфия,,Календари,/catalog/poligrafiya/kalendari/
Полиграфия,,Ризография,/catalog/poligrafiya/rizografiya/
Полиграфия,,Печать на самоклеящихся материалах,/catalog/poligrafiya/pechat-na-samokleyashchikhsya-materialakh/
Полиграфия,,Блокноты,/catalog/poligrafiya/bloknoty/
Полиграфия,,"Открытки, сертификаты",/catalog/poligrafiya/otkrytki-sertifikaty/
Полиграфия,,Карты пластиковые,/catalog/poligrafiya/karty-plastikovye/
Полиграфия,,Бейджи,/catalog/poligrafiya/beydzhi/
Полиграфия,,Ламинирование,/catalog/poligrafiya/laminirovanie/
Полиграфия,,Плоттерная резка,/catalog/poligrafiya/plotternaya-rezka/
Полиграфия,,Печать белым тонером,/catalog/poligrafiya/pechat-belym-tonerom/
Полиграфия,,Постпечатные работы,/catalog/poligrafiya/postpechatnye-raboty/
Полиграфия,,УФ печать,/catalog/poligrafiya/uf-pechat1/
Полиграфия,,Папки,/catalog/poligrafiya/papki-/
Полиграфия,,"Блоки для записей, кубарики",/catalog/poligrafiya/bloki-dlya-zapisey-kubariki/
Полиграфия,,Высечная продукция,/catalog/poligrafiya/vysechnaya-produktsiya/
Полиграфия,,Конверты,/catalog/poligrafiya/konverty-/
Полиграфия,,Коробки вырубные,/catalog/poligrafiya/korobki-vyrubnye/
Полиграфия,,"Лекала, выкройки",/catalog/poligrafiya/lekala-vykroyki/
Полиграфия,,Пакеты,/catalog/poligrafiya/pakety/
Полиграфия,,Тейбл-тент,/catalog/poligrafiya/teybl-tent/
Полиграфия,,Фольгирование,/catalog/poligrafiya/folgirovanie/
Сувенирная продукция,,Печать на ручках,/catalog/suvenirnaya-produktsiya/pechat-na-ruchkakh/
Сувенирная продукция,,Печать на крафт ручках,/catalog/suvenirnaya-produktsiya/pechat-na-kraft-ruchkakh/
Сувенирная продукция,,Печать на карандашах,/catalog/suvenirnaya-produktsiya/pechat-na-karandashakh/
Сувенирная продукция,,Чехлы для ручек,/catalog/suvenirnaya-produktsiya/chekhly-dlya-ruchek/
Сувенирная продукция,,Брендирование одежды,/catalog/suvenirnaya-produktsiya/brendirovanie-odezhdy/
Сувенирная продукция,,"Кружки, термосы, термостаканы",/catalog/suvenirnaya-produktsiya/pechat-na-kruzhkakh/
Сувенирная продукция,,Ежедневники,/catalog/suvenirnaya-produktsiya/ezhednevniki1738/
Сувенирная продукция,,Значки закатные,/catalog/suvenirnaya-produktsiya/znachki-zakatnye9558/
Сувенирная продукция,,Корпоративные подарки,/catalog/suvenirnaya-produktsiya/korporativnye-podarki/
Сувенирная продукция,,Печать на usb-устройствах,/catalog/suvenirnaya-produktsiya/pechat-na-usb-ustroystvakh/
Сувенирная продукция,,Магниты акриловые,/catalog/suvenirnaya-produktsiya/magnity-akrilovye/
Сувенирная продукция,,Печать на пазлах,/catalog/suvenirnaya-produktsiya/pechat-na-pazlakh/
Сувенирная продукция,,Магниты виниловые,/catalog/suvenirnaya-produktsiya/magnity-vinilovye/
Сувенирная продукция,,Сувенирные часы,/catalog/suvenirnaya-produktsiya/suvenirnye-chasy-na-zakaz/
Сувенирная продукция,,Кубик трансформер,/catalog/suvenirnaya-produktsiya/kubik-transformer/
Сувенирная продукция,,Шоколад,/catalog/suvenirnaya-produktsiya/shokolad/
Сувенирная продукция,,Лазерная гравировка/ маркировка,/catalog/suvenirnaya-produktsiya/lazernaya-gravirovka-markirovka/
Сувенирная продукция,,Браслеты силиконовые,/catalog/suvenirnaya-produktsiya/braslety-silikonovye/
Сувенирная продукция,,Брелоки,/catalog/suvenirnaya-produktsiya/breloki/
Сувенирная продукция,,Игры и головоломки,/catalog/suvenirnaya-produktsiya/igry-i-golovolomki/
Сувенирная продукция,,"Медали, кубки. Наградная продукция",/catalog/suvenirnaya-produktsiya/medali-kubki-nagradnaya-produktsiya/
Сувенирная продукция,,Плакетки,/catalog/suvenirnaya-produktsiya/plaketki/
Сувенирная продукция,,Попсокеты,/catalog/suvenirnaya-produktsiya/popsokety/
Сувенирная продукция,,Рюкзаки и сумки,/catalog/suvenirnaya-produktsiya/ryukzaki-i-sumki/
Сувенирная продукция,,Табличка для оплаты с QR кодом,/catalog/suvenirnaya-produktsiya/tablichka-dlya-oplaty-s-qr-kodom/
Сувенирная продукция,,Тубус брендированный,/catalog/suvenirnaya-produktsiya/tubus-brendirovannyy/
Инженерная печать,,"Печать чертежей, проектной документации",/catalog/inzhenernaya-pechat/pechat-chertezhey-proektnoy-dokumentatsii/
Инженерная печать,,Ксерокопия,/catalog/inzhenernaya-pechat/kserokopiya/
Инженерная печать,,Сканирование,/catalog/inzhenernaya-pechat/skanirovanie/
Инженерная печать,,Фальцовка,/catalog/inzhenernaya-pechat/faltsovka/
Инженерная печать,,Брошюровка,/catalog/inzhenernaya-pechat/broshyurovka/
Широкоформатная печать,,Печать на самоклеящейся пленке,/catalog/shirokoformatnaya-pechat/pechat-na-samokleyashcheysya-plenke/
Широкоформатная печать,,Печать на баннере шириной до 1.6м,/catalog/shirokoformatnaya-pechat/pechat-na-bannere-shirinoy-do-1-6m/
Широкоформатная печать,,Печать на баннере шириной до 3.2м,/catalog/shirokoformatnaya-pechat/pechat-na-bannere-shirinoy-do-3-2m/
Широкоформатная печать,,Печать на постерной бумаге,/catalog/shirokoformatnaya-pechat/pechat-na-posternoy-bumage/
Широкоформатная печать,,Печать на постерной бумаге Blue Back,/catalog/shirokoformatnaya-pechat/pechat-na-posternoy-bumage-blue-back/
Широкоформатная печать,,Печать на полиэстеровой ткани,/catalog/shirokoformatnaya-pechat/pechat-na-poliesterovoy-tkani/
Широкоформатная печать,,Печать на постерной бумаге с ламинацией,/catalog/shirokoformatnaya-pechat/pechat-na-posternoy-bumage8706/
Широкоформатная печать,,Печать на пленке транслюцентной Backlit,/catalog/shirokoformatnaya-pechat/pechat-na-plenke-translyutsentnoy-backlit/
Широкоформатная печать,,Печать на флажной ткани,/catalog/shirokoformatnaya-pechat/pechat-na-flazhnoy-tkani/
Широкоформатная печать,,Печать на пленке Grey back,/catalog/shirokoformatnaya-pechat/pechat-na-plenke-grey-back/
Стенды,,Стенд,/catalog/stendy/stendy/
Стенды,,Карман ПЭТ плоский,/catalog/stendy/karman-pet-ploskiy/
Стенды,,Карман ПЭТ с прозрачным скотчем,/catalog/stendy/karman-pet-s-prozrachnym-skotchem/
Стенды,,Изделия из оргстекла,/catalog/stendy/izdeliya-iz-orgstekla/
Стенды,,Таблички,/catalog/stendy/tablichki/
Интерьер,,Картины на холсте,/catalog/interer/kartiny-na-kholste/
Интерьер,,Постеры,/catalog/interer/postery/
Интерьер,,Печать на холсте в рулоне,/catalog/interer/pechat-na-kholste-v-rulone/
Интерьер,,Картины на холсте индивидуальный размер,/catalog/interer/kartiny-na-kholste6473/
Интерьер,,Фотопостеры на пенокартоне,/catalog/interer/fotopostery-na-penokartone/
Интерьер,,Фотообои и фрески бесшовные,/catalog/interer/fotooboi/
Мобильные стенды,,"ROLL-UP 0,85х2 м",/catalog/mobilnye-stendy/roll-up-0-85kh2-m/
Мобильные стенды,,ROLL-UP 1x2 м,/catalog/mobilnye-stendy/roll-up-1x2-m/
Мобильные стенды,,ROLL-UP 1.2x2 м,/catalog/mobilnye-stendy/roll-up-1-2x2-m/
Мобильные стенды,,ROLL-UP 1.5x2 м,/catalog/mobilnye-stendy/roll-up-1-5x2-m/
Мобильные стенды,,ROLL-UP 2x3 м,/catalog/mobilnye-stendy/roll-up2950451249975881/
Мобильные стенды,,Х-banner,/catalog/mobilnye-stendy/kh-banner/
Мобильные стенды,,L-banner,/catalog/mobilnye-stendy/l-banner/
Мобильные стенды,,Штендер,/catalog/mobilnye-stendy/shtender/
Мобильные стенды,,Пресс-волл,/catalog/mobilnye-stendy/press-voll/
Мобильные стенды,,Аренда Пресс-волл,/catalog/mobilnye-stendy/arenda-press-voll/
Мобильные стенды,,"ROLL-UP 0,85х2 м",/catalog/mobilnye-stendy/roll-up-0-85kh2-m/
Мобильные стенды,,ROLL-UP 1x2 м,/catalog/mobilnye-stendy/roll-up-1x2-m/
Мобильные стенды,,ROLL-UP 1.2x2 м,/catalog/mobilnye-stendy/roll-up-1-2x2-m/
Мобильные стенды,,ROLL-UP 1.5x2 м,/catalog/mobilnye-stendy/roll-up-1-5x2-m/
Мобильные стенды,,ROLL-UP 2x3 м,/catalog/mobilnye-stendy/roll-up2950451249975881/
Мобильные стенды,,Х-banner,/catalog/mobilnye-stendy/kh-banner/
Мобильные стенды,,L-banner,/catalog/mobilnye-stendy/l-banner/
Мобильные стенды,,Штендер,/catalog/mobilnye-stendy/shtender/
Мобильные стенды,,Пресс-волл,/catalog/mobilnye-stendy/press-voll/
Мобильные стенды,,Аренда Пресс-волл,/catalog/mobilnye-stendy/arenda-press-voll/
Полиграфия > Бейджи,,Бейдж ламинированный,/catalog/poligrafiya/beydzhi/beydzh-laminirovannyy/
Полиграфия > Календари,,КВАРТАЛЬНЫЙ КАЛЕНДАРЬ PREMIUM,/catalog/poligrafiya/kalendari/kvartalnyy-kalendar-premium-prozrachnyy-plastik-s-1-rekl-polem/
Сувенирная продукция > Шоколад,,Шоколад с логотипом 5гр,/catalog/suvenirnaya-produktsiya/shokolad/shokolad-s-logotipom/
Сувенирная продукция > Кружки,,Белая кружка/цветная ручка/дно 330мл,/catalog/suvenirnaya-produktsiya/pechat-na-kruzhkakh/belaya-kruzhka-tsvetnaya-ruchka-dno-330ml/
Полиграфия > Визитки,,Визитки на крафте,/catalog/poligrafiya/vizitki/vizitki-na-krafte/
Полиграфия > Визитки,,Визитки на дизайнерском картоне,/catalog/poligrafiya/vizitki/vizitki-na-dizaynerskom-kartone/
Полиграфия > Визитки,,Деревянные визитки,/catalog/poligrafiya/vizitki/derevyannye-vizitki-/
Полиграфия > Визитки,,Визитки на прозрачном пластике,/catalog/poligrafiya/vizitki/vizitki-na-prozrachnom-plastike/
Полиграфия > Визитки,,Визитки с ламинацией софт-тач,/catalog/poligrafiya/vizitki/vizitki-s-laminatsiey-soft-tach/
Полиграфия > Визитки,,Визитки с фольгированием,/catalog/poligrafiya/vizitki/vizitki-s-folgirovaniem/
Полиграфия > Визитки,,Визитки на черном картоне,/catalog/poligrafiya/vizitki/vizitki-na-chernom-kartone/
Полиграфия > Визитки,,Визитки премиум класса,/catalog/poligrafiya/vizitki/vizitki-premium-klassa/
Полиграфия > Пакеты,,Бумажный пакет презентационный,/catalog/poligrafiya/pakety/bumazhnyy-paket-prezentatsionnyy/
Сувенирная продукция > Брендирование одежды,,Футболка унисекс черная/цветная,/catalog/suvenirnaya-produktsiya/brendirovanie-odezhdy/futbolka-uniseks-chernaya-tsvetnaya/
Сувенирная продукция,,Кубик трансформер,/catalog/suvenirnaya-produktsiya/kubik-transformer/
Сувенирная продукция,,Шоколад с логотипом,/catalog/suvenirnaya-produktsiya/shokolad/shokolad-s-logotipom/
Полиграфия,,Плоттерная резка,/catalog/poligrafiya/plotternaya-rezka/
Полиграфия > Самоклеящиеся материалы,,Этикетки,/catalog/poligrafiya/pechat-na-samokleyashchikhsya-materialakh/
Сувенирная продукция,,Корпоративные подарки,/catalog/suvenirnaya-produktsiya/korporativnye-podarki/
