phrase,code,reason,group,source
1 рекл,A1,внутренний поиск по своему же сайту,Прочие,ядро Вебмастера
1 рекл нет,A1,внутренний поиск по своему же сайту,Прочие,ядро Вебмастера
1рекл,A1,внутренний поиск по своему же сайту,Прочие,ядро Вебмастера
7 небо типография,B1,чужой бренд: запрос про другую компанию,Общий спрос,ядро Вебмастера
7 подлесная 34,B3,"организация не типография: адрес, проезд, режим, звонки",Прочие,ядро Вебмастера
7 подлесная 7,B3,"организация не типография: адрес, проезд, режим, звонки",Прочие,ядро Вебмастера
<принт> <принт> в ижевске типографика,A2,служебный синтаксис операторов Яндекса,Общий спрос,ядро Вебмастера
<принт> в ижевске типографика,A2,служебный синтаксис операторов Яндекса,Общий спрос,ядро Вебмастера
inari.pro официальный сайт мобильные стенды,B1,чужой бренд: запрос про другую компанию,Мобильные стенды,ядро Вебмастера
informa ижевск,B1,чужой бренд: запрос про другую компанию,Локальные,ядро Вебмастера
printexpro ижевск,B1,чужой бренд: запрос про другую компанию,Локальные,ядро Вебмастера
а-цифра печать ручек,B1,чужой бренд: запрос про другую компанию,Бренд,ядро Вебмастера
ашан ижевск печать,B1,чужой бренд: запрос про другую компанию,Локальные,ядро Вебмастера
бейдж сотрудника пятерочки с полосой,B1,чужой бренд: запрос про другую компанию,Бейджи,ядро Вебмастера
где делают везитеи на молодёжной,D1,"мусор распознавания или опечатка, такого спроса в реальности нет",Прочие,ядро Вебмастера
домофон 7-я подлесная 34,B3,"организация не типография: адрес, проезд, режим, звонки",Прочие,ядро Вебмастера
жази на заказ ижевск,D1,"мусор распознавания или опечатка, такого спроса в реальности нет",Локальные,ядро Вебмастера
ижевск печать лко,D1,"мусор распознавания или опечатка, такого спроса в реальности нет",Локальные,ядро Вебмастера
ижевск яркая печать реади,D1,"мусор распознавания или опечатка, такого спроса в реальности нет",Локальные,ядро Вебмастера
изготовление визиток на гагарина город ижевск,B3,"организация не типография: адрес, проезд, режим, звонки",Визитки,ядро Вебмастера
изготовление визиток на улице гагарина город ижевск,B3,"организация не типография: адрес, проезд, режим, звонки",Визитки,ядро Вебмастера
карртины на холсте ижевск,D1,"мусор распознавания или опечатка, такого спроса в реальности нет",Широкоформат,ядро Вебмастера
кружки на заказ из йараор,D1,"мусор распознавания или опечатка, такого спроса в реальности нет",Кружки и магниты,ядро Вебмастера
кружки пеции ижнкск,D1,"мусор распознавания или опечатка, такого спроса в реальности нет",Кружки и магниты,ядро Вебмастера
леиана про ижевск фотообои,D1,"мусор распознавания или опечатка, такого спроса в реальности нет",Фотопечать,ядро Вебмастера
магазин цифры режим работы,B2,"сеть магазинов, а не типография",Прочие,ядро Вебмастера
макет пресс вола мцйена,D1,"мусор распознавания или опечатка, такого спроса в реальности нет",Прочие,ядро Вебмастера
матовая бумага nowpro 350 гр.,B1,чужой бренд: запрос про другую компанию,Прочие,ядро Вебмастера
миницифра ижевск алюнин,B1,чужой бренд: запрос про другую компанию,Бренд,ядро Вебмастера
пакет подарочный печать планарт,B1,чужой бренд: запрос про другую компанию,Пакеты и упаковка,ядро Вебмастера
печатный слон ижевск,D1,"мусор распознавания или опечатка, такого спроса в реальности нет",Локальные,ядро Вебмастера
печать визиток на дизайнерской бумаге топринт,B1,чужой бренд: запрос про другую компанию,Визитки,ядро Вебмастера
печать документов возле удгау 2 корпус,B3,"организация не типография: адрес, проезд, режим, звонки",Прочие,ядро Вебмастера
печать на часах шмам,B1,чужой бренд: запрос про другую компанию,Прочие,ядро Вебмастера
распечатка трактовая 2а хохряки,B3,"организация не типография: адрес, проезд, режим, звонки",Форматы и плоттерная печать,ядро Вебмастера
реклама кружка,A1,внутренний поиск по своему же сайту,Кружки и магниты,ядро Вебмастера
рекламные стойки ижевск,A1,внутренний поиск по своему же сайту,Локальные,ядро Вебмастера
рекламный баннер ижевск,A1,внутренний поиск по своему же сайту,Широкоформат,ядро Вебмастера
ремир ижевск,B1,чужой бренд: запрос про другую компанию,Локальные,ядро Вебмастера
ремонт кружек ижевск,C2,другая отрасль: ремонт и строительство,Локальные,ядро Вебмастера
ролап изготовление russtand,B1,чужой бренд: запрос про другую компанию,Прочие,ядро Вебмастера
сарапул цифра,B3,"организация не типография: адрес, проезд, режим, звонки",Бренд,ядро Вебмастера
сделать копию фотографий в ижевский,C3,"другая отрасль: спорт, досуг, красота",Фотопечать,ядро Вебмастера
типографика <принт> в ижевске,A2,служебный синтаксис операторов Яндекса,Общий спрос,ядро Вебмастера
типографика <принт> в ижевске типографика,A2,служебный синтаксис операторов Яндекса,Общий спрос,ядро Вебмастера
типография на маяковского,B3,"организация не типография: адрес, проезд, режим, звонки",Общий спрос,ядро Вебмастера
фото на кружке цена можга сайт,B3,"организация не типография: адрес, проезд, режим, звонки",Кружки и магниты,ядро Вебмастера
цифра 18.зф <принт> в ижевске типографика,A2,служебный синтаксис операторов Яндекса,Бренд,ядро Вебмастера
цифра режим работы,B3,"организация не типография: адрес, проезд, режим, звонки",Бренд,ядро Вебмастера
цифра/ режим работы,B3,"организация не типография: адрес, проезд, режим, звонки",Бренд,ядро Вебмастера
ролап как пишется правильно,D2,"вопрос о написании, а не услуга",Прочие,годовой топ по показам
роллап как пишется,D2,"вопрос о написании, а не услуга",Мобильные стенды,годовой топ по показам
ролл-ап как правильно пишется,D2,"вопрос о написании, а не услуга",Мобильные стенды,годовой топ по показам
листовки печать@optpoligraf.ru/tipografiya-pechat/izhevsk,A3,"URL, почта или чужой домен в поисковой строке",Листовки и флаеры,годовой топ по показам
печать листовки@optpoligraf.ru/tipografiya-pechat/izhevsk,A3,"URL, почта или чужой домен в поисковой строке",Листовки и флаеры,годовой топ по показам
ролап как пишется,D2,"вопрос о написании, а не услуга",Прочие,годовой топ по показам
наклейки с фольгированием et7.ru/about/poleznaya-informatsiya/item/133-tisnenie-folgoj/,A3,"URL, почта или чужой домен в поисковой строке",УФ-печать и спецпечать,годовой топ по показам
типография цифра изопроект,B1,чужой бренд: запрос про другую компанию,Бренд,годовой топ по показам
ролл ап как пишется,D2,"вопрос о написании, а не услуга",Мобильные стенды,годовой топ по показам
печать листовок@optpoligraf.ru/tipografiya-pechat/izhevsk,A3,"URL, почта или чужой домен в поисковой строке",Прочие,годовой топ по показам
1 rekl,A1,внутренний поиск по своему же сайту,Прочие,годовой топ по показам
как пишется ролл ап,D2,"вопрос о написании, а не услуга",Мобильные стенды,годовой топ по показам
как правильно пишется ролл ап,D2,"вопрос о написании, а не услуга",Мобильные стенды,годовой топ по показам
удмуртская республика ижевск 7-я подлесная улица 34 цифра,B3,"организация не типография: адрес, проезд, режим, звонки",Бренд,годовой топ по показам
как пишется роллап,D2,"вопрос о написании, а не услуга",Мобильные стенды,годовой топ по показам
мобильные стенды юнивер стенд,B1,чужой бренд: запрос про другую компанию,Мобильные стенды,годовой топ по показам
цифра можга,B3,"организация не типография: адрес, проезд, режим, звонки",Бренд,годовой топ по показам
как пишется ролап,D2,"вопрос о написании, а не услуга",Информационные,годовой топ по показам
ролл ап как пишется правильно,D2,"вопрос о написании, а не услуга",Мобильные стенды,годовой топ по показам
как пишется ролл ап правильно,D2,"вопрос о написании, а не услуга",Мобильные стенды,годовой топ по показам
роллапы как правильно пишется,D2,"вопрос о написании, а не услуга",Мобильные стенды,годовой топ по показам
как пишется ролап правильно,D2,"вопрос о написании, а не услуга",Информационные,годовой топ по показам
ролл-ап как пишется,D2,"вопрос о написании, а не услуга",Мобильные стенды,годовой топ по показам
7 я подлесная 34 ижевск,B3,"организация не типография: адрес, проезд, режим, звонки",Локальные,годовой топ по показам
печать листовок цена@optpoligraf.ru/tipografiya-pechat/izhevsk,A3,"URL, почта или чужой домен в поисковой строке",Прочие,годовой топ по показам
роллапы как пишется,D2,"вопрос о написании, а не услуга",Мобильные стенды,годовой топ по показам
картина на холсте по фотографии на заказ,C3,"другая отрасль: спорт, досуг, красота",Фотопечать,годовой топ по показам
лифлет 2 фальца изопроект,B1,чужой бренд: запрос про другую компанию,Прочие,годовой топ по показам
как пишется слово роллап,D2,"вопрос о написании, а не услуга",Мобильные стенды,годовой топ по показам
печать на кружках@optpoligraf.ru/pechat-na-kruzhkakh/izhevsk,A3,"URL, почта или чужой домен в поисковой строке",Кружки и магниты,годовой топ по показам
изготовление картины по фотографии на холсте в ижевске,C3,"другая отрасль: спорт, досуг, красота",Фотопечать,годовой топ по показам
мобильный стенд ролл ап юнивер стенд,B1,чужой бренд: запрос про другую компанию,Мобильные стенды,годовой топ по показам
ролл ап как правильно пишется,D2,"вопрос о написании, а не услуга",Мобильные стенды,годовой топ по показам
где делают чехол на телефон с фотографиями ижевск,C3,"другая отрасль: спорт, досуг, красота",Фотопечать,годовой топ по показам
как пишется роллапы правильно,D2,"вопрос о написании, а не услуга",Мобильные стенды,годовой топ по показам
как пишется слово ролап,D2,"вопрос о написании, а не услуга",Информационные,годовой топ по показам
7-я подлесная 34,B3,"организация не типография: адрес, проезд, режим, звонки",Прочие,годовой топ по показам
уф печать на кружках@optpoligraf.ru/pechat-na-kruzhkakh/izhevsk,A3,"URL, почта или чужой домен в поисковой строке",УФ-печать и спецпечать,годовой топ по показам
ролап как правильно пишется,D2,"вопрос о написании, а не услуга",Информационные,годовой топ по показам
